ID,Category,Status,Latitude,Longitude,category_encoded,status_encoded,density_score,category_frequency,is_pending,priority_label
1,Pothole,Completed,23.26089342830602,77.40941114468241,1,1,0.2141693226987905,422,0,0
2,Pothole,Pending,23.259623471397656,77.4114012499541,1,2,0.4154261343750585,422,1,2
3,Water Supply,Pending,23.2611953770762,77.41261048739943,4,2,0.22872710089050974,158,1,2
4,Waste,Pending,23.262946059712817,77.41269396118753,3,2,0.25583984906211826,478,1,1
5,Drainage,Pending,23.25943169325055,77.41169986905705,0,2,0.29758105164196674,223,1,2
6,Pothole,Pending,23.2594317260861,77.4138456998647,1,2,0.224904925960067,422,1,2
7,Pothole,Completed,23.263058425631012,77.41046475914123,1,1,0.11832326362100523,422,0,0
8,Pothole,Pending,23.261434869458306,77.41231524102996,1,2,0.47368435617161553,422,1,2
9,Streetlight,Pending,23.258961051228127,77.41284059126342,2,2,0.567880895068106,319,1,1
10,Pothole,Completed,23.26098512008717,77.41362887766812,1,1,0.2761030265660468,422,0,1
11,Waste,Pending,23.258973164614375,77.41402322975618,3,2,0.2351757764206611,478,1,2
12,Waste,Cancelled,23.25896854049286,77.41035071581632,3,0,0.22139561643231345,478,0,0
13,Waste,Completed,23.26038392454313,77.40953177165852,3,1,0.1488640796138908,478,0,0
14,Water Supply,Completed,23.256073439510683,77.4151553536438,4,1,0.09651889540241979,158,0,1
15,Water Supply,Pending,23.25645016433497,77.41326462802395,4,2,0.16201827104530123,158,1,2
16,Pothole,Completed,23.258775424941515,77.41110302692688,1,1,0.20559990492564156,422,0,1
17,Streetlight,Completed,23.25787433775933,77.41570230395104,2,1,0.11083225364333597,319,0,0
18,Pothole,Completed,23.260528494665188,77.41283134926859,1,1,0.34367725292753754,422,0,1
19,Streetlight,Pending,23.258083951848956,77.41495859436813,2,2,0.11312331516952705,319,1,1
20,Drainage,Completed,23.25707539259733,77.41273503696281,0,1,0.2129118102102544,223,0,0
21,Water Supply,Completed,23.26283129753784,77.41672149584976,4,1,0.05225652258709574,158,0,1
22,Pothole,Completed,23.259448447399024,77.41611068168488,1,1,0.21858466937121224,422,0,0
23,Drainage,Completed,23.260035056409375,77.41210207170305,0,1,0.5055704177050169,223,0,1
24,Waste,Pending,23.25705050362757,77.4145431419019,3,2,0.11936077322029152,478,1,1
25,Water Supply,Completed,23.258811234550947,77.41389075189917,4,1,0.32868639340378414,158,0,1
26,Waste,Pending,23.26012184517942,77.41533726311506,3,2,0.17560641752053485,478,1,1
27,Streetlight,Completed,23.25759801284515,77.41067015307884,2,1,0.17049447024145645,319,0,0
28,Streetlight,Pending,23.26065139603669,77.41397210292,2,2,0.5201385295033322,319,1,1
29,Streetlight,Completed,23.25869872262016,77.4147168489737,2,1,0.4209971970750367,319,0,0
30,Waste,Pending,23.259316612500413,77.40908252102714,3,2,0.14173889228323147,478,1,0
31,Water Supply,Completed,23.25869658677554,77.41023348297466,4,1,0.29044387063360094,158,0,1
32,Waste,Pending,23.263604556369017,77.40852153564448,3,2,0.07184032439863035,478,1,1
33,Streetlight,Completed,23.25987300555052,77.41206118633112,2,1,0.3900476226631537,319,0,0
34,Waste,Completed,23.25778457814209,77.4140350845116,3,1,0.19438565785958659,478,0,0
35,Pothole,Pending,23.261545089824203,77.41560471410419,1,2,0.12978897454348343,422,1,1
36,Pothole,Pending,23.257458312700056,77.41274818956084,1,2,0.258958598424978,422,1,2
37,Pothole,Pending,23.260317727190007,77.41585723109114,1,2,0.20425943812995365,422,1,1
38,Waste,Completed,23.25598065975224,77.40983979708356,3,1,0.059898824255232054,478,0,0
39,Waste,Pending,23.2572436279022,77.4091932351213,3,2,0.08798564340708791,478,1,1
40,Pothole,Completed,23.260293722471737,77.4124889046022,1,1,0.5157796605916112,422,0,1
41,Drainage,Pending,23.26137693315999,77.41336813089788,0,2,0.3835455836345657,223,1,2
42,Drainage,Completed,23.26024273656238,77.41253461050381,0,1,0.5674258984539045,223,0,1
43,Waste,Completed,23.25966870343522,77.40846511579991,3,1,0.09159391316982925,478,0,0
44,Pothole,Completed,23.25929779260882,77.41242175992097,1,1,0.24462638688042293,422,0,1
45,Waste,Completed,23.256942956019262,77.40999106099899,3,1,0.08287121440807164,478,0,0
46,Waste,Pending,23.25846031158321,77.41393934509766,3,2,0.32989892578181657,478,1,1
47,Streetlight,Pending,23.25897872245808,77.41333319649219,2,2,0.2480058837311663,319,1,1
48,Streetlight,Pending,23.26201424445244,77.41072024042734,2,2,0.2003449798206815,319,1,1
49,Waste,Pending,23.260587236579138,77.41157226616532,3,2,0.8887499333109018,478,1,1
50,Waste,Pending,23.25637391968927,77.41048157295621,3,2,0.09264085200335391,478,1,1
51,Waste,Pending,23.260548167938783,77.41247464180545,3,2,0.37346314034413064,478,1,1
52,Drainage,Pending,23.259129835439165,77.414510284641,0,2,0.25982981630125984,223,1,2
53,Water Supply,Cancelled,23.258546155999387,77.41062854790732,4,0,0.21682010568229942,158,0,1
54,Waste,Completed,23.26112335257768,77.41360809303103,3,1,0.2760332309250496,478,0,0
55,Waste,Completed,23.26196199904499,77.41153948476325,3,1,0.24753902000424718,478,0,0
56,Drainage,Completed,23.261762560238232,77.41101425433547,0,1,0.2630523951163273,223,0,0
57,Water Supply,Pending,23.25822156495355,77.41238593928009,4,2,0.23208221824541256,158,1,2
58,Pothole,Completed,23.259281575248295,77.41052951535517,1,1,0.1710359030715109,422,0,1
59,Waste,Pending,23.26056252686281,77.4114927013893,3,2,0.7362938917542727,478,1,2
60,Waste,Completed,23.261851090254243,77.41020424421482,3,1,0.20051498219404326,478,0,0
61,Streetlight,Pending,23.258941651524307,77.41652945026583,2,2,0.22819427584296914,319,1,1
62,Pothole,Cancelled,23.25952868204667,77.41267052710394,1,0,0.3075319056734457,422,0,1
63,Waste,Pending,23.257687330051983,77.41120054898401,3,2,0.197002151269601,478,1,1
64,Streetlight,Pending,23.25750758675184,77.41302795982146,2,2,0.289296093932917,319,1,1
65,Waste,Cancelled,23.261525051644785,77.41237534390062,3,0,0.39950016763651475,478,0,0
66,Drainage,Pending,23.26261248005714,77.41215806080093,0,2,0.15722112459050772,223,1,1
67,Pothole,Completed,23.259755979756836,77.41382833340009,1,1,0.27920690891901306,422,0,1
68,Waste,Completed,23.261907065795786,77.4141150154201,3,1,0.19843299902590955,478,0,0
69,Streetlight,Completed,23.260623272050093,77.41153899770478,2,1,1.0,319,0,0
70,Pothole,Cancelled,23.25860976049079,77.4114483635187,1,0,0.2533013857496979,422,0,1
71,Water Supply,Cancelled,23.260622791211016,77.4120498966057,4,0,0.3773354365855391,158,0,1
72,Pothole,Pending,23.26297607313293,77.40799615767052,1,2,0.05124578054680548,422,1,1
73,Waste,Completed,23.25982834792178,77.4095696178756,3,1,0.22809487883587423,478,0,1
74,Streetlight,Completed,23.263029287311625,77.41533374853489,2,1,0.07333876989227622,319,0,0
75,Waste,Completed,23.25466050979182,77.415889935427,3,1,0.03280072263319634,478,0,0
76,Water Supply,Pending,23.26154380500875,77.41210192792089,4,2,0.2650219698239973,158,1,2
77,Pothole,Completed,23.26007409413647,77.4137531139261,1,1,0.32915069691289095,422,0,1
78,Pothole,Cancelled,23.259301985299068,77.41322250030909,1,0,0.26852710921614376,422,0,1
79,Waste,Cancelled,23.26008352155307,77.4187577616169,3,0,0.03654647782997741,478,0,0
80,Pothole,Completed,23.255924862170797,77.41483914982287,1,1,0.10986538534681163,422,0,0
81,Drainage,Pending,23.259460656224324,77.41234416481704,0,2,0.30420950472361236,223,1,2
82,Drainage,Pending,23.260614225143023,77.4106889191188,0,2,0.3937086326933066,223,1,2
83,Waste,Completed,23.26285578808948,77.40938710735948,3,1,0.0871588772913079,478,0,0
84,Waste,Completed,23.25886345956345,77.41300692727174,3,1,0.2901153391008121,478,0,0
85,Drainage,Pending,23.258283012794212,77.41108729850943,0,2,0.23393453616027385,223,1,2
86,Water Supply,Pending,23.258896485912828,77.4097554925808,4,2,0.20277851434660585,158,1,2
87,Waste,Pending,23.2617308042354,77.41130685423151,3,2,0.283381667116998,478,1,1
88,Pothole,Completed,23.260557502219317,77.41043690399277,1,1,0.32131993064412795,422,0,1
89,Pothole,Cancelled,23.258840479592465,77.41597428327015,1,0,0.440223853170212,422,0,1
90,Drainage,Completed,23.260926534866226,77.41436327951389,0,1,0.18127598554953336,223,0,1
91,Waste,Pending,23.260094155098695,77.41258405471737,3,2,0.3489928983900536,478,1,1
92,Waste,Pending,23.261837289981063,77.41555988827778,3,2,0.15923774945893587,478,1,1
93,Drainage,Pending,23.25849589381224,77.4127547366153,0,2,0.4485774703576625,223,1,2
94,Waste,Cancelled,23.259244675706803,77.41087743159734,3,0,0.21684858135311427,478,0,0
95,Pothole,Pending,23.259115783693733,77.41564624815453,1,2,0.2779295905637743,422,1,1
96,Pothole,Completed,23.256972970103735,77.41367782008737,1,1,0.30699375022526076,422,0,0
97,Pothole,Pending,23.26049224055413,77.41052550769135,1,2,0.39064057570528343,422,1,2
98,Pothole,Completed,23.26042211054436,77.41221932264384,1,1,0.37935992192829576,422,0,1
99,Pothole,Completed,23.259910226913284,77.41084876349323,1,1,0.405558059649341,422,0,0
100,Waste,Completed,23.259430825733247,77.40983440053807,3,1,0.3185985131880084,478,0,0
101,Streetlight,Pending,23.257069258515894,77.41445235509507,2,2,0.1324279907620735,319,1,2
102,Drainage,Pending,23.259058709354463,77.41641883328094,0,2,0.2591718950787314,223,1,1
103,Drainage,Pending,23.259214570966943,77.40980286485235,0,2,0.29875081194495345,223,1,2
104,Waste,Completed,23.258295445461556,77.41372593847338,3,1,0.44670370789051267,478,0,0
105,Waste,Pending,23.259577428576662,77.41129871486176,3,2,0.39211022531756196,478,1,1
106,Waste,Pending,23.26070810171363,77.41162574923247,3,2,0.67017165080845,478,1,1
107,Pothole,Completed,23.263672371802414,77.41141521215152,1,1,0.12221612546437363,422,0,0
108,Pothole,Completed,23.26024915562566,77.41087201846064,1,1,0.2704075322881752,422,0,1
109,Streetlight,Completed,23.260415100781444,77.41269704325589,2,1,0.529204203813655,319,0,0
110,Waste,Pending,23.259751108168462,77.41093809976718,3,2,0.3476984710656794,478,1,1
111,Waste,Pending,23.2560624575694,77.41314091365156,3,2,0.15883629994292708,478,1,1
112,Pothole,Completed,23.2598469722491,77.4124995237811,1,1,0.31741745809768096,422,0,1
113,Streetlight,Completed,23.26002046041988,77.41212210390627,2,1,0.5184839083688247,319,0,0
114,Waste,Pending,23.26482648422497,77.41078487267592,3,2,0.09157741135275582,478,1,1
115,Streetlight,Completed,23.259515278070435,77.41144645733885,2,1,0.3762415671973794,319,0,0
116,Waste,Completed,23.260503094684665,77.41411078245164,3,1,0.5692525823840799,478,0,0
117,Drainage,Completed,23.259830576460587,77.41360183437524,0,1,0.38789644782668287,223,0,1
118,Drainage,Pending,23.25756264392476,77.4106448895104,0,2,0.16488925209480393,223,1,1
119,Waste,Pending,23.262185645629028,77.41279866461086,3,2,0.3021379426580548,478,1,1
120,Waste,Pending,23.261403866065372,77.41410277424674,3,2,0.18585691958072303,478,1,1
121,Pothole,Pending,23.26148206389409,77.40926118943776,1,2,0.17888482852543028,422,1,1
122,Waste,Cancelled,23.258081225090407,77.41368672038476,3,0,0.30475817256199816,478,0,0
123,Streetlight,Completed,23.26270558862187,77.4112747524821,2,1,0.1052276619640472,319,0,0
124,Drainage,Completed,23.257096297874412,77.41374119733719,0,1,0.2735592629601371,223,0,0
125,Streetlight,Pending,23.2610737141876,77.41107348168691,2,2,0.38100320070358484,319,1,1
126,Drainage,Completed,23.264280911251618,77.40899023579867,0,1,0.06800864058867266,223,0,0
127,Pothole,Completed,23.25791892734974,77.40934491512424,1,1,0.14963429559801464,422,0,0
128,Waste,Pending,23.25876740454079,77.41269616989332,3,2,0.46249932221900325,478,1,1
129,Streetlight,Completed,23.260099302730172,77.41311944500345,2,1,0.5029092397792478,319,0,0
130,Pothole,Pending,23.258893048691768,77.41079136674979,1,2,0.20484736102891538,422,1,2
131,Streetlight,Completed,23.256798673137865,77.41387718491755,2,1,0.21490948178657732,319,0,0
132,Waste,Pending,23.26003712594961,77.40927695987546,3,2,0.16452800595314843,478,1,1
133,Waste,Pending,23.257775392572547,77.4124678404027,3,2,0.23017827186266365,478,1,1
134,Water Supply,Pending,23.26084718486127,77.41017796760048,4,2,0.2468720354606048,158,1,2
135,Waste,Pending,23.258061151531532,77.4112963277844,3,2,0.2827279373837937,478,1,1
136,Water Supply,Pending,23.26299986881003,77.41269479734262,4,2,0.23410855775767703,158,1,2
137,Water Supply,Completed,23.258333493415325,77.41087917326944,4,1,0.2213218527201388,158,0,1
138,Drainage,Completed,23.259255876967583,77.41183088891154,0,1,0.27120415942154336,223,0,1
139,Streetlight,Pending,23.26152703443474,77.41461258561843,2,2,0.27647478118331265,319,1,1
140,Streetlight,Pending,23.257438271367132,77.41144621626096,2,2,0.1583641179349743,319,1,1
141,Drainage,Pending,23.260354919869208,77.41427138422412,0,2,0.3756973000197936,223,1,2
142,Waste,Completed,23.26251428550856,77.41034058629069,3,1,0.17722795069485936,478,0,0
143,Pothole,Pending,23.256685033530875,77.41365960835583,1,2,0.2137324246328304,422,1,1
144,Streetlight,Pending,23.260269267717064,77.41548313724131,2,2,0.21397201470704283,319,1,1
145,Pothole,Completed,23.260419765588495,77.40765671099975,1,1,0.05664953652734025,422,0,0
146,Pothole,Pending,23.261463645743554,77.41100620948906,1,2,0.2953117770758273,422,1,0
147,Pothole,Pending,23.257426098578243,77.41375414425436,1,2,0.24642319043410243,422,1,2
148,Streetlight,Completed,23.25725908677383,77.41219390922791,2,1,0.19372325534945534,319,0,0
149,Drainage,Completed,23.260943883131233,77.41334229174674,0,1,0.2623127010546305,223,0,1
150,Waste,Pending,23.260493969346463,77.41139202962657,3,2,0.48788247484489244,478,1,1
151,Water Supply,Completed,23.26040098570069,77.41277317957494,4,1,0.5171273570070842,158,0,1
152,Streetlight,Completed,23.26059289641899,77.41228864552922,2,1,0.4634159328914528,319,0,0
153,Drainage,Pending,23.25853995055684,77.41493556412331,0,2,0.2211790186905978,223,1,2
154,Streetlight,Pending,23.26036450739432,77.4131088416866,2,2,0.285380348347504,319,1,1
155,Drainage,Pending,23.260486144946597,77.41327520532415,0,2,0.22630820951036343,223,1,2
156,Waste,Pending,23.258471297163947,77.41177624606776,3,2,0.43992346915605324,478,1,1
157,Drainage,Completed,23.26363154902229,77.41162478755186,0,1,0.1490733410792142,223,0,0
158,Waste,Completed,23.260847665841823,77.41173488362436,3,1,0.5167957817453425,478,0,0
159,Drainage,Cancelled,23.257517393005593,77.41338890428476,0,0,0.3685491568474699,223,0,1
160,Water Supply,Completed,23.261213107217262,77.41175803103836,4,1,0.2642814101867607,158,0,1
161,Waste,Pending,23.257950636659544,77.41317954971379,3,2,0.24871904338968046,478,1,1
162,Waste,Pending,23.26147416920748,77.41675080159729,3,2,0.10011294082325445,478,1,1
163,Drainage,Completed,23.262217191158012,77.41434224940686,0,1,0.2054561931147186,223,0,0
164,Waste,Pending,23.258258635363298,77.41194795293566,3,2,0.5471430714616349,478,1,1
165,Drainage,Completed,23.26182675225849,77.41500242784433,0,1,0.22672483618453804,223,0,0
166,Waste,Completed,23.26072556185387,77.41178384925395,3,1,0.4765022072912907,478,0,0
167,Waste,Completed,23.261544120319986,77.40852375092965,3,1,0.11958063048186575,478,0,0
168,Water Supply,Completed,23.263693585965303,77.41058382737816,4,1,0.12566948624302612,158,0,1
169,Streetlight,Pending,23.259409223767992,77.40885841615794,2,2,0.13115551519924654,319,1,1
170,Drainage,Completed,23.258392527671283,77.41189697303192,0,1,0.5959306652840203,223,0,1
171,Pothole,Completed,23.258120971140748,77.41263683675838,1,1,0.24152154718950009,422,0,1
172,Streetlight,Pending,23.258268379430067,77.41595287462455,2,2,0.1783874804624314,319,1,0
173,Streetlight,Completed,23.25974579658117,77.41325385474752,2,1,0.24927811055112334,319,0,0
174,Streetlight,Pending,23.260582303949633,77.41216179894238,2,2,0.44620262913669306,319,1,1
175,Streetlight,Cancelled,23.26045338159866,77.41425881116237,2,0,0.5118391244991979,319,0,1
176,Streetlight,Pending,23.26155436649807,77.40817772938198,2,2,0.09149464094627846,319,1,1
177,Pothole,Completed,23.25992600378375,77.41307122911621,1,1,0.4857281728046727,422,0,1
178,Waste,Pending,23.262807068154313,77.41414173038777,3,2,0.15347073680120463,478,1,1
179,Drainage,Completed,23.25937068633352,77.40964282750843,0,1,0.28670617164603734,223,0,0
180,Waste,Pending,23.26534033833318,77.41488750808641,3,2,0.03171060859947518,478,1,0
181,Streetlight,Pending,23.26115133469553,77.41327699281499,2,2,0.2920042197359235,319,1,1
182,Waste,Pending,23.258185684887167,77.41176942417219,3,2,0.35565909043803656,478,1,1
183,Streetlight,Cancelled,23.257758215003875,77.41386556373222,2,0,0.22740925746478208,319,0,0
184,Streetlight,Pending,23.260864944830484,77.41714138571561,2,2,0.06652947303044415,319,1,1
185,Waste,Pending,23.259453074429345,77.41296373251012,3,2,0.45724243603683334,478,1,1
186,Waste,Completed,23.261328000988183,77.4130964411726,3,1,0.29516919581118967,478,0,0
187,Waste,Pending,23.260846475249146,77.41168127820092,3,2,0.5476961104475394,478,1,1
188,Streetlight,Cancelled,23.259754342174684,77.41090031126107,2,0,0.3746891363637577,319,0,1
189,Drainage,Pending,23.25820641256386,77.41426067163309,0,2,0.1904530191048467,223,1,2
190,Waste,Completed,23.256870305550628,77.41088783234818,3,1,0.12019497914027158,478,0,0
191,Streetlight,Pending,23.259006970095864,77.41274313247443,2,2,0.6809058675214598,319,1,1
192,Pothole,Pending,23.261612797588644,77.41164468510647,1,2,0.23571265396270089,422,1,2
193,Pothole,Completed,23.26032818748826,77.41355795965148,1,1,0.23798374545874204,422,0,1
194,Water Supply,Completed,23.257408522442574,77.41326732421057,4,1,0.3658082355232164,158,0,1
195,Pothole,Completed,23.2602463618517,77.41467507988851,1,1,0.35822213880830595,422,0,1
196,Pothole,Pending,23.260670634759457,77.41157996720229,1,2,0.8985538521157449,422,1,2
197,Waste,Pending,23.25813228512759,77.41206025012941,3,2,0.30662207762813365,478,1,1
198,Waste,Pending,23.26020745021189,77.41064247256843,3,2,0.30569599017648597,478,1,1
199,Waste,Cancelled,23.26001641743689,77.41171141347985,3,0,0.2451195412772957,478,0,1
200,Waste,Pending,23.257614059404336,77.41335460098608,3,2,0.31780194782663035,478,1,1
201,Streetlight,Pending,23.260615574720696,77.41411397723328,2,2,0.5421489647277411,319,1,1
202,Pothole,Pending,23.261021569052733,77.41075566935164,1,2,0.23306083796914606,422,1,2
203,Pothole,Completed,23.262066102486347,77.41433921184021,1,1,0.268750688787032,422,0,0
204,Waste,Pending,23.262007604104067,77.41531127571761,3,2,0.17175269732225804,478,1,1
205,Waste,Cancelled,23.25714466126409,77.41342686980644,3,0,0.24553878217593553,478,0,0
206,Streetlight,Pending,23.258024349920166,77.41635359162511,2,2,0.13779231842996917,319,1,2
207,Water Supply,Completed,23.260930070534418,77.4110524216018,4,1,0.38988638474360493,158,0,1
208,Waste,Pending,23.260927571901824,77.41011069059337,3,2,0.24786145065062007,478,1,1
209,Drainage,Completed,23.26093009537261,77.40904255950218,0,1,0.19821371505668492,223,0,0
210,Streetlight,Cancelled,23.267605462981308,77.41559208862297,2,0,0.018377924316583843,319,0,0
211,Streetlight,Pending,23.261041781021383,77.4139087313127,2,2,0.2267833025432369,319,1,1
212,Pothole,Cancelled,23.26217113128036,77.41248883065818,1,0,0.37068182057611043,422,0,1
213,Waste,Pending,23.261808003526983,77.41315993725264,3,2,0.2255803300665738,478,1,1
214,Waste,Cancelled,23.26120278250261,77.4103490219054,3,0,0.24762221556649358,478,0,0
215,Streetlight,Completed,23.25926946151072,77.41749150395923,2,1,0.07364335417745276,319,0,0
216,Pothole,Pending,23.261417938440985,77.41285844236396,1,2,0.2563618853347045,422,1,2
217,Water Supply,Pending,23.25835434957092,77.41281878958921,4,2,0.3843374316196119,158,1,2
218,Pothole,Pending,23.259426362786517,77.4140515332478,1,2,0.18985249301259166,422,1,2
219,Waste,Pending,23.25892927290434,77.41356201846347,3,2,0.3532847503388934,478,1,1
220,Streetlight,Pending,23.26006374827877,77.41304776804856,2,2,0.5264972468231651,319,1,1
221,Waste,Pending,23.264529317133345,77.41101905108911,3,2,0.10227268724805162,478,1,1
222,Pothole,Completed,23.256165469614817,77.41354293671426,1,1,0.16023227145240299,422,0,0
223,Streetlight,Completed,23.261272520380743,77.41636404899295,2,1,0.10468017783288092,319,0,0
224,Water Supply,Pending,23.25667456825762,77.41529084009231,4,2,0.10246199343015558,158,1,2
225,Drainage,Pending,23.25895613626842,77.41578637325328,0,2,0.33541507889311173,223,1,1
226,Streetlight,Completed,23.262077901193933,77.41157756864713,2,1,0.21570873019440312,319,0,0
227,Streetlight,Pending,23.26002856003819,77.41062079035947,2,2,0.3200878835090516,319,1,1
228,Water Supply,Pending,23.25774451044414,77.4123484261598,4,2,0.2453920070601584,158,1,2
229,Waste,Pending,23.25846939258148,77.41271144982457,3,2,0.497020756052823,478,1,1
230,Waste,Cancelled,23.261259195497868,77.41478838303694,3,0,0.2248556756636227,478,0,0
231,Waste,Completed,23.258439266736563,77.40921507074057,3,1,0.2977349608602204,478,0,0
232,Waste,Pending,23.260332917179163,77.41565910063892,3,2,0.24308856132750453,478,1,1
233,Streetlight,Completed,23.259991143679805,77.41228398420284,2,1,0.35556516813560823,319,0,0
234,Streetlight,Completed,23.258596799304787,77.4117462378601,2,1,0.32946014013342173,319,0,0
235,Streetlight,Completed,23.26418788817865,77.41057579124947,2,1,0.13734117025830977,319,0,0
236,Waste,Completed,23.261167838044635,77.40929028665627,3,1,0.278753919638769,478,0,0
237,Streetlight,Completed,23.255849714826685,77.41424634116792,2,1,0.11448011096816242,319,0,0
238,Pothole,Pending,23.26027290862954,77.41274663593437,1,2,0.42487455970487165,422,1,1
239,Streetlight,Pending,23.258576427070462,77.41002007820052,2,2,0.26510437567335926,319,1,1
240,Streetlight,Completed,23.26160486666959,77.41000984245586,2,1,0.16995109638639613,319,0,0
241,Pothole,Completed,23.258314958523133,77.41192843060142,1,1,0.5576287215603074,422,0,1
242,Waste,Pending,23.259670527117063,77.41593804305057,3,2,0.2201653942193538,478,1,1
243,Waste,Completed,23.26090997455796,77.41208081729727,3,1,0.25298812278142646,478,0,0
244,Drainage,Cancelled,23.261631510388337,77.40959371409376,0,0,0.15817099322892428,223,0,1
245,Water Supply,Pending,23.25749940718589,77.41210851387183,4,2,0.2582603774716242,158,1,1
246,Streetlight,Completed,23.259230997528316,77.4120545528605,2,1,0.23802853929040257,319,0,0
247,Waste,Completed,23.258950109377675,77.40720622671411,3,1,0.05558341741610119,478,0,0
248,Pothole,Cancelled,23.25859334153485,77.41249141026697,1,0,0.3307256695955489,422,0,1
249,Streetlight,Cancelled,23.26343090848056,77.41213813093958,2,0,0.13286261584649214,319,0,0
250,Drainage,Completed,23.26070996342192,77.41399241272963,0,1,0.4522542674361233,223,0,1
251,Waste,Pending,23.257378232091327,77.41629791218989,3,2,0.09048393881564158,478,1,1
252,Waste,Completed,23.26173572389411,77.41485313005909,3,1,0.2941564310570371,478,0,0
253,Streetlight,Pending,23.264144312394023,77.41206222261889,2,2,0.11144879495096432,319,1,1
254,Pothole,Completed,23.2619649305211,77.41038694818252,1,1,0.23554496340306713,422,0,0
255,Waste,Cancelled,23.25686126006809,77.4177467196065,3,0,0.051887890621474524,478,0,0
256,Waste,Pending,23.258931531854262,77.41271843686803,3,2,0.9257614522930129,478,1,1
257,Pothole,Completed,23.262433822298373,77.41262785858382,1,1,0.4339105526883105,422,0,1
258,Drainage,Pending,23.25848466106876,77.41255174982578,0,2,0.3916669415394844,223,1,2
259,Water Supply,Completed,23.26078763885629,77.41299616952153,4,1,0.254220016817012,158,0,1
260,Streetlight,Pending,23.26144926810686,77.41231127917615,2,2,0.47834228510006127,319,1,1
261,Pothole,Completed,23.25804613905684,77.41145267598624,1,1,0.3301141054900648,422,0,1
262,Waste,Cancelled,23.259780949287876,77.41150628211751,3,0,0.2866583097933896,478,0,1
263,Pothole,Cancelled,23.25341746531986,77.41253449345956,1,0,0.031090366600052124,422,0,0
264,Pothole,Pending,23.257851224717328,77.41151315045774,1,2,0.2424265619393565,422,1,2
265,Streetlight,Completed,23.259394863697217,77.41117430843464,2,1,0.26744907448051275,319,0,0
266,Pothole,Completed,23.25740443363607,77.41281286045538,1,1,0.29911700169704103,422,0,1
267,Waste,Pending,23.263164822607862,77.41209004556515,3,2,0.14806312239924438,478,1,1
268,Waste,Pending,23.257039717244076,77.41560798597716,3,2,0.09016112417927406,478,1,1
269,Pothole,Pending,23.25901991102661,77.40729806038321,1,2,0.06015534358749799,422,1,1
270,Waste,Cancelled,23.26016148115457,77.41478301370384,3,0,0.41749198206976396,478,0,0
271,Waste,Completed,23.26278254657813,77.415092170385,3,1,0.09400133356759038,478,0,0
272,Water Supply,Completed,23.25702827569764,77.40845321953518,4,1,0.054683004541534685,158,0,1
273,Pothole,Pending,23.262226327504308,77.41191462481184,1,2,0.1664392860006673,422,1,2
274,Pothole,Completed,23.259920466122036,77.411857118268,1,1,0.3266556684861624,422,0,1
275,Drainage,Pending,23.257936982697903,77.40978497661057,0,2,0.14756387153592898,223,1,1
276,Water Supply,Pending,23.260824206948524,77.41104436662482,4,2,0.30207242499702897,158,1,2
277,Streetlight,Completed,23.260298119391145,77.41037884830907,2,1,0.2677200039071616,319,0,0
278,Drainage,Pending,23.25869956624568,77.41610454088685,0,2,0.37310058011298014,223,1,1
279,Pothole,Completed,23.26003960416998,77.4144713567863,1,1,0.23197555994921126,422,0,1
280,Pothole,Pending,23.25912937280627,77.41514311018999,1,2,0.16758331620957514,422,1,2
281,Pothole,Completed,23.260127034690505,77.41404334412809,1,1,0.29687164869423105,422,0,1
282,Streetlight,Completed,23.26122426134904,77.41034189645757,2,1,0.23868663566855475,319,0,0
283,Streetlight,Completed,23.263072033632287,77.41155095946743,2,1,0.13469222231467032,319,0,0
284,Pothole,Pending,23.257424369002344,77.41357874912245,1,2,0.3081910458009319,422,1,2
285,Waste,Pending,23.26416606674931,77.41015574438221,3,2,0.11242648968713502,478,1,1
286,Streetlight,Cancelled,23.25599582440095,77.41402599686035,2,0,0.12715011177230492,319,0,2
287,Waste,Pending,23.25959642980993,77.41211934920368,3,2,0.2575469351056939,478,1,1
288,Streetlight,Completed,23.26107663441297,77.4118503583849,2,1,0.308535741578238,319,0,0
289,Streetlight,Cancelled,23.260461983735468,77.4140219199364,2,0,0.4340013838207005,319,0,1
290,Streetlight,Pending,23.25865460096036,77.41348852662297,2,2,0.2261592042223786,319,1,1
291,Drainage,Pending,23.25948375549928,77.41187806766835,0,2,0.3079851671900977,223,1,1
292,Drainage,Completed,23.25891399813068,77.41491865960673,0,1,0.28187453202255003,223,0,0
293,Pothole,Cancelled,23.25872127048611,77.4104378733448,1,0,0.2720447852507639,422,0,1
294,Streetlight,Cancelled,23.26159920419404,77.41383187121389,2,0,0.17533497645459106,319,0,1
295,Streetlight,Completed,23.26061403097193,77.41378620251594,2,1,0.29797584941896244,319,0,0
296,Waste,Completed,23.25851418080948,77.41198090712138,3,1,0.3786057270160912,478,0,0
297,Waste,Pending,23.261699199750865,77.41325226604448,3,2,0.32903987586729255,478,1,1
298,Waste,Cancelled,23.260514599041752,77.41009777284722,3,0,0.2581691579752605,478,0,0
299,Pothole,Cancelled,23.261525724237675,77.41444805403842,1,0,0.24775702153635096,422,0,1
300,Streetlight,Pending,23.261159257683847,77.4122301957271,2,2,0.2403579110933456,319,1,1
301,Drainage,Pending,23.25824200997815,77.41155455395896,0,2,0.29313605073612814,223,1,2
302,Waste,Pending,23.25877963791961,77.41469801845167,3,2,0.5206168921210361,478,1,1
303,Waste,Pending,23.261394587210244,77.41119131261891,3,2,0.2841532964142923,478,1,1
304,Water Supply,Completed,23.261120740530867,77.40978307740727,4,1,0.16649497648771436,158,0,1
305,Waste,Pending,23.25985819681207,77.40948674165296,3,2,0.2217479439920337,478,1,1
306,Pothole,Pending,23.260134654766617,77.4138120199027,1,2,0.33654718354034957,422,1,2
307,Streetlight,Pending,23.262455329791575,77.410039141295,2,2,0.16833160993934485,319,1,1
308,Pothole,Cancelled,23.258716857222325,77.41610958836397,1,0,0.39200412850015875,422,0,1
309,Waste,Completed,23.26099419476234,77.40843614118423,3,1,0.1148432311467612,478,0,0
310,Waste,Pending,23.25949561469513,77.41599291273658,3,2,0.24379529325064134,478,1,1
311,Waste,Pending,23.259464637593545,77.4130220349344,3,2,0.446492472974779,478,1,1
312,Streetlight,Cancelled,23.262097553703978,77.41240657377625,2,0,0.29169558925631556,319,0,1
313,Pothole,Completed,23.261550832697974,77.41151016182639,1,1,0.264459936665051,422,0,1
314,Waste,Pending,23.261527019272,77.4133982722287,3,2,0.3601679527245711,478,1,1
315,Streetlight,Pending,23.262510957614307,77.41252473059515,2,2,0.3131992112885428,319,1,1
316,Drainage,Pending,23.259942007683264,77.41480660376403,0,2,0.2613791786739463,223,1,2
317,Waste,Pending,23.261263905942588,77.41282845529732,3,2,0.2812345102496528,478,1,1
318,Pothole,Completed,23.259279466486813,77.41290060352293,1,1,0.3831071725541227,422,0,1
319,Streetlight,Cancelled,23.260548332704975,77.41187277557557,2,0,0.31360049002105717,319,0,1
320,Waste,Pending,23.259639713891264,77.41248610875256,3,2,0.3724665919408014,478,1,1
321,Pothole,Completed,23.260093991929985,77.41321560353778,1,1,0.4443077676765476,422,0,1
322,Streetlight,Completed,23.261090314050872,77.40917966321469,2,1,0.2907714513671908,319,0,0
323,Drainage,Completed,23.25826355863353,77.40990362915579,0,1,0.1906966832058465,223,0,0
324,Drainage,Completed,23.264084774551367,77.41408652818804,0,1,0.07865438834715274,223,0,0
325,Streetlight,Pending,23.257887965237,77.41294173087626,2,2,0.22366931668953785,319,1,1
326,Streetlight,Pending,23.25747162277442,77.41223203332729,2,2,0.29844649131185763,319,1,1
327,Pothole,Completed,23.262216221747,77.41263686786613,1,1,0.4413734772635581,422,0,1
328,Streetlight,Pending,23.261483325387925,77.41329516341072,2,2,0.4318777637362901,319,1,1
329,Pothole,Pending,23.261148239634103,77.41152048063938,1,2,0.2874940436734424,422,1,2
330,Waste,Pending,23.261156691018527,77.4110433905492,3,2,0.3389688684625109,478,1,1
331,Streetlight,Cancelled,23.259875506454303,77.4129916905102,2,0,0.36522032531616877,319,0,1
332,Streetlight,Completed,23.258105491257027,77.41064325444476,2,1,0.17013370109947012,319,0,0
333,Pothole,Completed,23.260051609116385,77.41341650551142,1,1,0.2911507637223374,422,0,2
334,Water Supply,Completed,23.258545676576976,77.40919483279153,4,1,0.2917455731865863,158,0,1
335,Waste,Completed,23.261850239466835,77.41465831127465,3,1,0.30113470926534075,478,0,1
336,Pothole,Completed,23.259605885236994,77.41354519496483,1,1,0.26812960351771986,422,0,1
337,Waste,Completed,23.258249005606412,77.41311205946863,3,1,0.26391773817347447,478,0,0
338,Drainage,Pending,23.25925722831669,77.41456538196789,0,2,0.23165725753521202,223,1,2
339,Streetlight,Completed,23.26072586290855,77.41593094888893,2,1,0.13185209237465215,319,0,0
340,Pothole,Completed,23.258772550894392,77.41462874013003,1,1,0.4329571350039683,422,0,1
341,Streetlight,Completed,23.258255559208862,77.40891825153733,2,1,0.16133233979851533,319,0,0
342,Pothole,Pending,23.260387374422983,77.41004084606652,1,2,0.21579783441768743,422,1,2
343,Drainage,Pending,23.260389933142218,77.4113503628446,0,2,0.3683212500954538,223,1,2
344,Pothole,Pending,23.258886113649258,77.41265218210042,1,2,0.6850794256927146,422,1,2
345,Pothole,Completed,23.258957923388763,77.41363531804093,1,1,0.34388605926881777,422,0,1
346,Water Supply,Pending,23.26036409987471,77.41114851237369,4,2,0.2770914755592117,158,1,2
347,Waste,Pending,23.257003831317004,77.41297353352896,3,2,0.20619174597019585,478,1,1
348,Waste,Completed,23.257085072451247,77.41108923413529,3,1,0.1434181615908222,478,0,1
349,Streetlight,Pending,23.258463111557493,77.41137696439401,2,2,0.2576243241176111,319,1,1
350,Water Supply,Completed,23.259473105696575,77.4097866778063,4,1,0.3346844925980947,158,0,1
351,Pothole,Pending,23.260521815131195,77.41075353350777,1,2,0.39854939608209,422,1,2
352,Waste,Cancelled,23.2628507124339,77.40989663078877,3,0,0.14119089013756045,478,0,0
353,Pothole,Completed,23.261615319246403,77.41064825349405,1,1,0.18455430657102648,422,0,1
354,Pothole,Completed,23.259580122940072,77.41470728359322,1,1,0.17214742260648055,422,0,1
355,Waste,Pending,23.259861967584193,77.41070120222233,3,2,0.37094328598024867,478,1,1
356,Streetlight,Completed,23.257894941270724,77.41786476412967,2,1,0.05541415941087711,319,0,0
357,Water Supply,Pending,23.259862973728012,77.41358663580176,4,2,0.3772647533807512,158,1,2
358,Pothole,Pending,23.259322682722157,77.41296967224739,1,2,0.500360281165056,422,1,2
359,Pothole,Pending,23.260545437120676,77.41088328443963,1,2,0.3202665959332647,422,1,2
360,Pothole,Completed,23.258245538112895,77.41400061975881,1,1,0.3296911296461184,422,0,1
361,Waste,Pending,23.26093869302848,77.41144872434752,3,2,0.3782119067215101,478,1,1
362,Drainage,Pending,23.262965477826004,77.41284401962929,0,2,0.21045837824530653,223,1,1
363,Pothole,Pending,23.259682479703084,77.41772016907653,1,2,0.06343354358358258,422,1,1
364,Pothole,Completed,23.260703423444195,77.41240788020055,1,1,0.32421194966224,422,0,1
365,Streetlight,Completed,23.26128028798342,77.41489854665257,2,1,0.206429035159956,319,0,0
366,Pothole,Completed,23.259097559056222,77.41119364714974,1,1,0.21064375034521027,422,0,1
367,Streetlight,Completed,23.260348184963615,77.412530023019,2,1,0.550641958130833,319,0,0
368,Waste,Pending,23.259925184801563,77.41614160127126,3,2,0.17140854549509862,478,1,1
369,Drainage,Completed,23.260095352197094,77.41134606588442,0,1,0.22328515898690754,223,0,1
370,Water Supply,Completed,23.25835398043229,77.416224897116,4,1,0.2180906257394562,158,0,1
371,Streetlight,Pending,23.259949020348515,77.41401550387091,2,2,0.3010453555009308,319,1,1
372,Water Supply,Pending,23.26089599658249,77.4114750664482,4,2,0.40946018859866473,158,1,1
373,Waste,Completed,23.26280228721559,77.4138648154781,3,1,0.1387688358768658,478,0,0
374,Pothole,Completed,23.26181854165217,77.41454510889925,1,1,0.29242772428491465,422,0,1
375,Streetlight,Completed,23.264206364915022,77.41384361992444,2,1,0.07514548238337995,319,0,0
376,Streetlight,Pending,23.25836530487422,77.40945955056021,2,2,0.2075180945261444,319,1,1
377,Pothole,Completed,23.26164464127344,77.41114572564835,1,1,0.3646863946892518,422,0,1
378,Pothole,Completed,23.260266684011476,77.41210496272889,1,1,0.3082408431775039,422,0,1
379,Waste,Pending,23.264279605866435,77.4124511331418,3,2,0.07935106966375434,478,1,1
380,Pothole,Completed,23.25828340342929,77.4138413441951,1,1,0.48328625105639933,422,0,1
381,Waste,Pending,23.258220556315635,77.41295540200187,3,2,0.3004656754688346,478,1,1
382,Streetlight,Completed,23.25870121470911,77.40992931128258,2,1,0.2627289699473031,319,0,0
383,Waste,Pending,23.25565220855138,77.41336039570201,3,2,0.11340555332142646,478,1,1
384,Waste,Cancelled,23.258848489956637,77.41382117149057,3,0,0.38256281159939565,478,0,0
385,Streetlight,Completed,23.25838173467689,77.41371958089586,2,1,0.39497404017597626,319,0,0
386,Streetlight,Completed,23.260200787572952,77.4147615614511,2,1,0.41766568870503723,319,0,0
387,Drainage,Pending,23.260583511951552,77.4142678443091,0,2,0.4449490589369017,223,1,2
388,Streetlight,Cancelled,23.26365234167843,77.41351836015845,2,0,0.08768301290746623,319,0,0
389,Pothole,Completed,23.26180084767637,77.41245966857709,1,1,0.2253553949893581,422,0,1
390,Drainage,Pending,23.258746192688672,77.40927807813297,0,2,0.2075759101761967,223,1,1
391,Pothole,Completed,23.2581031706573,77.41345923643826,1,1,0.24229495738112003,422,0,1
392,Waste,Pending,23.260883838343013,77.41301537537433,3,2,0.25224332789080856,478,1,1
393,Streetlight,Completed,23.257259533585955,77.41314315767438,2,1,0.2823419440332364,319,0,0
394,Water Supply,Pending,23.263562917531708,77.41004650284836,4,2,0.11406887866370219,158,1,2
395,Pothole,Completed,23.26225888024144,77.41043788691918,1,1,0.21743430560401517,422,0,0
396,Waste,Pending,23.258961648695788,77.41470630570666,3,2,0.3558343053763127,478,1,1
397,Waste,Cancelled,23.256473730941817,77.41252088969229,3,0,0.13033116886993895,478,0,0
398,Waste,Pending,23.26260774474833,77.41396300139475,3,2,0.1771504200312882,478,1,1
399,Pothole,Cancelled,23.259670920309492,77.41265663675226,1,0,0.32985872253334664,422,0,1
400,Streetlight,Completed,23.262375632623947,77.41265951227899,2,1,0.4718615262124778,319,0,0
401,Waste,Completed,23.27187656761195,77.4280172153011,3,1,0.19412524891686173,478,0,0
402,Water Supply,Completed,23.26896791054357,77.4256932197728,4,1,0.1133777897023647,158,0,1
403,Drainage,Pending,23.27019224155388,77.42872207650463,0,2,0.3920395151320574,223,1,2
404,Streetlight,Pending,23.26907544942259,77.42735382041319,2,2,0.4265627999265987,319,1,1
405,Drainage,Pending,23.269131007545138,77.43328403032028,0,2,0.1905143362275793,223,1,1
406,Waste,Completed,23.26938165575306,77.43201963417869,3,1,0.19139407701943584,478,0,0
407,Pothole,Completed,23.270444267543265,77.42862369930965,1,1,0.3475622523638473,422,0,1
408,Streetlight,Completed,23.269042502756673,77.4345048716107,2,1,0.12232138063289567,319,0,0
409,Drainage,Pending,23.272511512251143,77.43196353097399,0,2,0.17614474277731823,223,1,1
410,Drainage,Pending,23.26821078539556,77.42935033723299,0,2,0.22330063606748446,223,1,2
411,Waste,Pending,23.26962625671168,77.42500118857026,3,2,0.06428627592402525,478,1,1
412,Water Supply,Cancelled,23.269120537883452,77.43458188514519,4,0,0.12793345727493183,158,0,1
413,Waste,Completed,23.27289395576871,77.42722085506648,3,1,0.1670889322461335,478,0,0
414,Drainage,Pending,23.270393109553023,77.42670920250609,0,2,0.15249384531990076,223,1,1
415,Water Supply,Completed,23.272063689078937,77.43204514086402,4,1,0.27479092186838383,158,0,1
416,Waste,Pending,23.267028879253925,77.43487950481268,3,2,0.06612604751733184,478,1,1
417,Streetlight,Cancelled,23.270534100531737,77.43276854563703,2,0,0.23887913905046765,319,0,0
418,Waste,Completed,23.271779261591245,77.43112781824011,3,1,0.25317169448153937,478,0,0
419,Pothole,Pending,23.27016456797855,77.43118950868333,1,2,0.3164435000069789,422,1,2
420,Pothole,Completed,23.27213096075013,77.43170683111757,1,1,0.19564432115393884,422,0,0
421,Streetlight,Pending,23.2689654230998,77.43151785717959,2,2,0.31234554671578907,319,1,1
422,Water Supply,Cancelled,23.27281869488037,77.43056238284795,4,0,0.21127663764552473,158,0,1
423,Streetlight,Pending,23.27459779624724,77.43020840220791,2,2,0.12899929020715803,319,1,1
424,Pothole,Completed,23.26927432287912,77.4298748137442,1,1,0.23963306329604944,422,0,1
425,Drainage,Pending,23.269108994957197,77.42849207082227,0,2,0.36788393254663027,223,1,2
426,Water Supply,Completed,23.272906768954236,77.42943864984628,4,1,0.14178115973502056,158,0,1
427,Waste,Completed,23.273159144291466,77.42661408637161,3,1,0.07945955719194481,478,0,0
428,Water Supply,Completed,23.268954279945692,77.42980332074642,4,1,0.32511578846360006,158,0,1
429,Waste,Completed,23.26915962636581,77.4280228177857,3,1,0.3502207027190837,478,0,0
430,Drainage,Completed,23.26943643078228,77.42779282136557,0,1,0.24818492104298961,223,0,1
431,Waste,Pending,23.26731109897793,77.43035978830231,3,2,0.18904576565190834,478,1,1
432,Waste,Pending,23.26816269610703,77.4327840045727,3,2,0.11077459121934968,478,1,1
433,Pothole,Pending,23.267991718466497,77.43183663321201,1,2,0.1973200847597889,422,1,1
434,Streetlight,Cancelled,23.268464404869793,77.42685899879277,2,0,0.16222252874743284,319,0,0
435,Pothole,Pending,23.269930630225225,77.42802074372686,1,2,0.21013869233789587,422,1,1
436,Waste,Completed,23.270468429465073,77.43188154237599,3,1,0.20409971863763243,478,0,0
437,Streetlight,Completed,23.273101000985623,77.42803502521294,2,1,0.1944235013771435,319,0,0
438,Water Supply,Pending,23.26800329191852,77.42955073370001,4,2,0.294884362347736,158,1,2
439,Pothole,Pending,23.271968644796953,77.43110010419805,1,2,0.28539001788234275,422,1,2
440,Waste,Pending,23.26957202231155,77.42806331109028,3,2,0.2128156405697193,478,1,1
441,Pothole,Completed,23.269901072580694,77.4302107510123,1,1,0.56178109540275,422,0,1
442,Waste,Pending,23.271349638984333,77.42733194901017,3,2,0.20142168477204475,478,1,1
443,Drainage,Pending,23.267754555956873,77.4287972647121,0,2,0.1196946944307323,223,1,1
444,Drainage,Completed,23.270764819492367,77.4306395638683,0,1,0.7206266642372511,223,0,1
445,Streetlight,Cancelled,23.270332904416424,77.42681401253294,2,0,0.18246186730262,319,0,0
446,Pothole,Pending,23.270984902528017,77.43088094947593,1,2,0.32725020747616834,422,1,2
447,Drainage,Pending,23.270578337287816,77.42996072440215,0,2,0.47135744184341,223,1,2
448,Streetlight,Pending,23.27491060027982,77.43110497990884,2,2,0.06572028879840948,319,1,1
449,Drainage,Completed,23.268724520031498,77.43044782826814,0,1,0.3535218652920854,223,0,1
450,Streetlight,Completed,23.268938006089996,77.43272828085995,2,1,0.2416281258020964,319,0,0
451,Drainage,Pending,23.26875371894715,77.4302504490053,0,2,0.5473302325642586,223,1,2
452,Streetlight,Pending,23.26888904576168,77.42914118891775,2,2,0.1988738935454261,319,1,1
453,Pothole,Completed,23.268725225745385,77.43024459500607,1,1,0.5069111498696484,422,0,1
454,Water Supply,Completed,23.272378033062218,77.43108659605808,4,1,0.2816703205332237,158,0,1
455,Pothole,Pending,23.27284100849598,77.43009772014067,1,2,0.17829055638525565,422,1,1
456,Streetlight,Completed,23.2688585074125,77.43008118338241,2,1,0.437120525234382,319,0,0
457,Waste,Pending,23.26833528885379,77.4285960166244,3,2,0.12656289193799944,478,1,2
458,Streetlight,Pending,23.270942831112773,77.4286741981649,2,2,0.23528353042953412,319,1,1
459,Streetlight,Completed,23.26889555391144,77.42719478945641,2,1,0.5384923413229272,319,0,0
460,Waste,Completed,23.27126586363551,77.43349915348638,3,1,0.11997999958991035,478,0,0
461,Waste,Pending,23.2704058460417,77.42751227352922,3,2,0.4063141276337892,478,1,1
462,Streetlight,Cancelled,23.266968511770006,77.42861418960442,2,0,0.11968161703716995,319,0,0
463,Drainage,Pending,23.27309501040266,77.42856318546887,0,2,0.2988839143765443,223,1,1
464,Pothole,Completed,23.27359175534619,77.4317898487539,1,1,0.1175309103922885,422,0,0
465,Waste,Pending,23.268774422619032,77.42941010064342,3,2,0.28707616564474453,478,1,1
466,Streetlight,Completed,23.26922459688013,77.43249548414535,2,1,0.16987197864483922,319,0,0
467,Waste,Cancelled,23.270571730781448,77.42865301875152,3,0,0.26008692012520207,478,0,0
468,Pothole,Pending,23.270668913579975,77.43055798832445,1,2,0.48002829053121543,422,1,2
469,Waste,Cancelled,23.271317088545345,77.42832930589348,3,0,0.2730743907409613,478,0,0
470,Waste,Completed,23.274020409077533,77.43429029825555,3,1,0.05431554632115228,478,0,0
471,Waste,Completed,23.26964610554501,77.42762480316195,3,1,0.1826859405253834,478,0,1
472,Pothole,Pending,23.268403405510924,77.43061964142046,1,2,0.2319089296592296,422,1,2
473,Waste,Completed,23.26724136154397,77.43126755376187,3,1,0.16192572856639012,478,0,2
474,Pothole,Completed,23.26853813992011,77.43082759819491,1,1,0.40385550320492225,422,0,1
475,Pothole,Pending,23.269933746054253,77.42962942468225,1,2,0.21362839916913293,422,1,2
476,Pothole,Cancelled,23.27358911572703,77.42974035860054,1,0,0.18992507345366094,422,0,1
477,Pothole,Pending,23.268964777401926,77.43008762294396,1,2,0.43003794266844103,422,1,2
478,Drainage,Pending,23.270447575903276,77.42970599599676,0,2,0.37104032495220257,223,1,2
479,Waste,Pending,23.269967154207855,77.4319277582336,3,2,0.19561767976870426,478,1,1
480,Pothole,Completed,23.272376786546896,77.4344210460032,1,1,0.09975161182159449,422,0,0
481,Waste,Completed,23.275053864851746,77.42888501642999,3,1,0.05235334423078076,478,0,0
482,Waste,Pending,23.26893826245416,77.42726039404084,3,2,0.7346143038500288,478,1,1
483,Streetlight,Cancelled,23.269021121114964,77.4298234359033,2,0,0.33948745253364687,319,0,0
484,Streetlight,Pending,23.272088321754136,77.43515941867531,2,2,0.09623559389334281,319,1,1
485,Drainage,Pending,23.271363782979257,77.42839265086407,0,2,0.2837976558315948,223,1,2
486,Streetlight,Pending,23.273693414651472,77.43327823361089,2,2,0.09958268749429475,319,1,1
487,Water Supply,Completed,23.271167856370653,77.43335540162816,4,1,0.1356519166183134,158,0,1
488,Waste,Cancelled,23.269281415818423,77.42889282351659,3,0,0.3587219561970015,478,0,0
489,Waste,Completed,23.271181309661383,77.43113796615837,3,1,0.2602905296435044,478,0,0
490,Waste,Completed,23.272217407161165,77.43325679324626,3,1,0.11258442188408212,478,0,0
491,Waste,Pending,23.27164096436239,77.42924174451804,3,2,0.27091290387645445,478,1,1
492,Pothole,Completed,23.271014548062215,77.4295928392798,1,1,0.5169271308736798,422,0,1
493,Streetlight,Completed,23.272133349379175,77.42883663817211,2,1,0.19001030232043684,319,0,0
494,Waste,Pending,23.27233859118089,77.42797048653863,3,2,0.18449672922345434,478,1,1
495,Water Supply,Pending,23.272764317982073,77.42870144490988,4,2,0.3514170976571089,158,1,2
496,Drainage,Completed,23.27129741977518,77.42755211946648,0,1,0.1630227736246603,223,0,1
497,Waste,Pending,23.269665763839367,77.43006816693652,3,2,0.28456433864499037,478,1,1
498,Waste,Completed,23.270293427372867,77.42846005353789,3,1,0.28255670418721024,478,0,0
499,Waste,Pending,23.272413017933015,77.43046757182358,3,2,0.23498404054283098,478,1,1
500,Waste,Pending,23.268366128658027,77.4268882087076,3,2,0.15301189646881194,478,1,1
501,Waste,Completed,23.270737346617747,77.43066176046443,3,1,0.7004873055962393,478,0,0
502,Pothole,Pending,23.269213322375347,77.43166705792322,1,2,0.3872323774512572,422,1,2
503,Waste,Completed,23.27005748964587,77.42601252871486,3,1,0.07392395793891982,478,0,0
504,Pothole,Completed,23.272556903725217,77.4307481131397,1,1,0.24100362643148876,422,0,1
505,Water Supply,Pending,23.27038219813604,77.43245533798495,4,2,0.2790401205202697,158,1,2
506,Streetlight,Cancelled,23.270092873096313,77.42758071796263,2,0,0.27787036378807084,319,0,0
507,Water Supply,Completed,23.26728028771804,77.43334514477368,4,1,0.11616873949431034,158,0,1
508,Waste,Pending,23.271492507132056,77.43083803801873,3,2,0.40661403403029195,478,1,1
509,Pothole,Completed,23.271290968362283,77.42858997628849,1,1,0.34869842256364225,422,0,1
510,Streetlight,Pending,23.27432650944661,77.4298884618447,2,2,0.14656410104260773,319,1,1
511,Waste,Completed,23.269384443530093,77.43111665382504,3,1,0.2733619954262829,478,0,0
512,Waste,Completed,23.27043830065533,77.43015201078283,3,1,0.45178232440441923,478,0,0
513,Streetlight,Cancelled,23.27049876736742,77.4310775119849,2,0,0.34861383648424316,319,0,0
514,Streetlight,Completed,23.27315490655953,77.42815865281385,2,1,0.24036466098487222,319,0,0
515,Pothole,Completed,23.269809408935227,77.43033872164808,1,1,0.44252434389860434,422,0,1
516,Pothole,Completed,23.27055804305154,77.4271725710062,1,1,0.18085367047543718,422,0,1
517,Pothole,Pending,23.271215793019433,77.42977754787731,1,2,0.4405456253043673,422,1,2
518,Waste,Pending,23.270373218246313,77.42819218471708,3,2,0.19749326265802117,478,1,1
519,Pothole,Completed,23.2691071327709,77.42852894011483,1,1,0.3809243449902024,422,0,1
520,Waste,Pending,23.270388179985797,77.43247218635042,3,2,0.283558419335531,478,1,1
521,Waste,Pending,23.27214726349972,77.43218262024119,3,2,0.27440859286755465,478,1,1
522,Water Supply,Completed,23.267946969401176,77.43121827624182,4,1,0.1768901364504353,158,0,1
523,Streetlight,Completed,23.270265939348292,77.42781537447067,2,1,0.2836164367912253,319,0,0
524,Streetlight,Pending,23.26859975837012,77.42936718310062,2,2,0.3085747821111208,319,1,1
525,Pothole,Pending,23.27239009325785,77.43242619539997,1,2,0.1999058517177294,422,1,1
526,Pothole,Pending,23.266953626190432,77.43028343382728,1,2,0.13192232238772003,422,1,1
527,Waste,Completed,23.268882156305455,77.43463865907997,3,1,0.10902916225385015,478,0,0
528,Waste,Pending,23.27075442375013,77.4307866356788,3,2,0.4242384936609329,478,1,1
529,Waste,Completed,23.273131048058467,77.43038409823299,3,1,0.19159738214560876,478,0,0
530,Drainage,Pending,23.269868499477855,77.4293817670716,0,2,0.26417301278287797,223,1,2
531,Streetlight,Completed,23.268889600946615,77.43026708180957,2,1,0.5158888329672546,319,0,0
532,Pothole,Pending,23.27376231413888,77.42969506032725,1,2,0.18832350710686185,422,1,1
533,Pothole,Completed,23.26710397219917,77.43141621735339,1,1,0.14901652131871834,422,0,0
534,Water Supply,Pending,23.26560238808676,77.43191340463359,4,2,0.05121294922893408,158,1,2
535,Waste,Completed,23.270880028900105,77.42842802107899,3,1,0.30376711359992314,478,0,0
536,Waste,Pending,23.268995891551295,77.42733753409289,3,2,0.6094112081455026,478,1,1
537,Pothole,Completed,23.26795753436574,77.4263275892538,1,1,0.1463297157771002,422,0,0
538,Drainage,Completed,23.2714167128946,77.43101598265383,0,1,0.4239946813364148,223,0,1
539,Water Supply,Pending,23.270487601427543,77.42779326678766,4,2,0.3165611238884082,158,1,2
540,Waste,Completed,23.268871842738527,77.4256942188141,3,1,0.11018357242676795,478,0,0
541,Drainage,Pending,23.267439391202657,77.43077715720906,0,2,0.14781123394762719,223,1,1
542,Drainage,Pending,23.27174491465656,77.43498599903488,0,2,0.0860660757122494,223,1,1
543,Waste,Pending,23.271300402355916,77.42998785817693,3,2,0.33633424537979734,478,1,1
544,Pothole,Pending,23.26980164827244,77.4316769815489,1,2,0.21785420568900402,422,1,2
545,Pothole,Completed,23.273693273992095,77.4301636587171,1,1,0.1520406327164847,422,0,0
546,Water Supply,Completed,23.267859830467348,77.42980222069363,4,1,0.24054721999317433,158,0,1
547,Waste,Pending,23.26694894965815,77.43183815296598,3,2,0.11620818088710423,478,1,1
548,Drainage,Pending,23.26861618386024,77.42941945091162,0,2,0.30132028644276315,223,1,2
549,Pothole,Completed,23.26990882796729,77.43053478462815,1,1,0.3156335376991611,422,0,1
550,Streetlight,Cancelled,23.27048667889865,77.43064339561239,2,0,0.2952817367519358,319,0,0
551,Pothole,Completed,23.26951752788429,77.42866381909272,1,1,0.27589489852379523,422,0,1
552,Streetlight,Cancelled,23.270704110793027,77.43198408469908,2,0,0.20043033168797958,319,0,0
553,Drainage,Pending,23.26749692115162,77.42965008048661,0,2,0.1921706225024667,223,1,1
554,Drainage,Pending,23.272887529208145,77.42848850968102,0,2,0.3025245253790562,223,1,1
555,Drainage,Completed,23.269835697643213,77.43107301968715,0,1,0.34230316653295106,223,0,1
556,Waste,Pending,23.272234591663175,77.42820306403642,3,2,0.22235327722984316,478,1,1
557,Streetlight,Completed,23.270685450692756,77.43005636231474,2,1,0.485246969737138,319,0,0
558,Waste,Pending,23.27091350643831,77.42998176200672,3,2,0.2637129848219947,478,1,0
559,Pothole,Completed,23.271139534560465,77.43217179113167,1,1,0.26115310348175075,422,0,1
560,Pothole,Completed,23.27089541712003,77.43094939646576,1,1,0.43855265795191956,422,0,1
561,Pothole,Completed,23.271285445519737,77.42994994608252,1,1,0.3755786697913531,422,0,1
562,Pothole,Pending,23.272658305060265,77.4316355325984,1,2,0.13517111014190478,422,1,1
563,Water Supply,Completed,23.270393042339403,77.43278041509804,4,1,0.24951713907191939,158,0,1
564,Waste,Pending,23.271418007515177,77.43111562061272,3,2,0.40613139934853454,478,1,0
565,Streetlight,Pending,23.269820528611422,77.4300207052397,2,2,0.3192317553573041,319,1,1
566,Pothole,Completed,23.2728802344309,77.42737632753531,1,1,0.17704968267945986,422,0,0
567,Waste,Pending,23.26864721539588,77.42786977267386,3,2,0.24022356615557705,478,1,1
568,Waste,Pending,23.273601880865822,77.4293895505913,3,2,0.14684132245389037,478,1,1
569,Water Supply,Pending,23.26991968409871,77.42878097559569,4,2,0.3702493673620453,158,1,2
570,Drainage,Pending,23.267138449795763,77.42962605739403,0,2,0.13227150169697746,223,1,1
571,Water Supply,Cancelled,23.27025620882982,77.43011329984981,4,0,0.33929400378862834,158,0,1
572,Water Supply,Pending,23.26863789668505,77.43105938550872,4,2,0.31376507440169776,158,1,2
573,Waste,Pending,23.271681287097977,77.42985900244389,3,2,0.200115778608165,478,1,1
574,Pothole,Completed,23.26869475204139,77.43097300328766,1,1,0.30470057247317933,422,0,1
575,Streetlight,Pending,23.26910763313357,77.43012894882963,2,2,0.31967906309786914,319,1,1
576,Pothole,Pending,23.26622091853811,77.4260490668673,1,2,0.03859038198593306,422,1,1
577,Pothole,Pending,23.269095387361503,77.42812132921237,1,2,0.34689848053407013,422,1,1
578,Pothole,Completed,23.26515224134674,77.42971182488856,1,1,0.05194171205712964,422,0,0
579,Streetlight,Completed,23.26683219435303,77.42758061051433,2,1,0.10409272305592594,319,0,0
580,Streetlight,Pending,23.271520829312287,77.43119985746,2,2,0.31965657419295496,319,1,1
581,Waste,Pending,23.2715716003173,77.4330615016647,3,2,0.14798542314912358,478,1,1
582,Pothole,Cancelled,23.27085091512357,77.4324375237034,1,0,0.23070523689633976,422,0,1
583,Streetlight,Pending,23.26806604771374,77.42957311425815,2,2,0.2781252564671883,319,1,1
584,Streetlight,Pending,23.269904577287715,77.43298145227371,2,2,0.1614634724921855,319,1,1
585,Waste,Pending,23.26999279492182,77.43029733491441,3,2,0.6684562137289839,478,1,1
586,Streetlight,Completed,23.267683270621617,77.42932582805777,2,1,0.172891752417151,319,0,0
587,Waste,Completed,23.273006796603532,77.42877319467293,3,1,0.2905344066697311,478,0,0
588,Pothole,Pending,23.27175472458115,77.42939506062703,1,2,0.3957257176490673,422,1,2
589,Drainage,Completed,23.26955807165234,77.42922364636293,0,1,0.2924819987829694,223,0,1
590,Streetlight,Pending,23.27005377167799,77.43034083244476,2,2,0.49611718061195365,319,1,1
591,Waste,Pending,23.270416765615895,77.4303211479621,3,2,0.35491179913038234,478,1,1
592,Streetlight,Completed,23.26591653026315,77.43000609204032,2,1,0.06387606762435204,319,0,0
593,Streetlight,Pending,23.26950564523496,77.4308738763395,2,2,0.27804094009457675,319,1,1
594,Drainage,Pending,23.26863603150401,77.43238129254958,0,2,0.2523267716319611,223,1,1
595,Streetlight,Pending,23.26799675998021,77.43189910827088,2,2,0.18971942630937377,319,1,1
596,Streetlight,Completed,23.269437799414227,77.4270302040631,2,1,0.14055879212372774,319,0,0
597,Pothole,Pending,23.2735953730537,77.4248921577302,1,2,0.027095532880618133,422,1,1
598,Waste,Completed,23.271281685722535,77.43186863982248,3,1,0.17469996515136543,478,0,0
599,Waste,Pending,23.268857642020436,77.42726624260318,3,2,0.5599079396158037,478,1,1
600,Pothole,Completed,23.27114516556271,77.42955046919622,1,1,0.4340460884464975,422,0,0
601,Streetlight,Pending,23.27279871087317,77.4276597739479,2,2,0.16753415333869742,319,1,1
602,Pothole,Completed,23.271849267365827,77.42639603912485,1,1,0.10854016142744462,422,0,0
603,Waste,Pending,23.27011926073984,77.43108292545642,3,2,0.3411057459344949,478,1,1
604,Waste,Cancelled,23.268706126444588,77.43151831032061,3,0,0.19211427409104162,478,0,0
605,Pothole,Pending,23.271396446627225,77.42884697919855,1,2,0.3144408093461928,422,1,2
606,Waste,Pending,23.270786970770843,77.42481791541572,3,2,0.03967904934374926,478,1,1
607,Streetlight,Completed,23.271790386440056,77.4289075111035,2,1,0.18714311652261667,319,0,0
608,Waste,Pending,23.27127034360336,77.43078360801081,3,2,0.3055820507938203,478,1,1
609,Streetlight,Pending,23.272099105430637,77.42704217686246,2,2,0.12671128014390362,319,1,1
610,Water Supply,Cancelled,23.26892952957688,77.43036671983957,4,0,0.39606763897650643,158,0,1
611,Waste,Cancelled,23.272634788131267,77.42996938030166,3,0,0.15334093537214954,478,0,2
612,Pothole,Pending,23.270395199209386,77.4311585829992,1,2,0.31992957545935324,422,1,2
613,Waste,Cancelled,23.27415052174525,77.43023916073683,3,0,0.1942407777819884,478,0,0
614,Streetlight,Completed,23.26862162436382,77.42805386211825,2,1,0.2462611985125643,319,0,0
615,Streetlight,Pending,23.27347192760633,77.43239314300334,2,2,0.13850456170954903,319,1,1
616,Pothole,Completed,23.270395821566925,77.42968294085395,1,1,0.31215789017517553,422,0,1
617,Pothole,Completed,23.26869716399277,77.42994539092099,1,1,0.27502360787460084,422,0,1
618,Drainage,Cancelled,23.26903222833189,77.42813346408187,0,0,0.32089911625198037,223,0,1
619,Waste,Pending,23.26935930538361,77.42911343549763,3,2,0.3004351829677952,478,1,1
620,Waste,Completed,23.270848331892804,77.42823039457195,3,1,0.2351314133727274,478,0,0
621,Drainage,Pending,23.271045670976072,77.42965410788015,0,2,0.5059268234103349,223,1,2
622,Streetlight,Pending,23.268852599992123,77.4334234169603,2,2,0.13400600036333735,319,1,1
623,Drainage,Pending,23.269951290815477,77.42725619771414,0,2,0.26553055584848156,223,1,2
624,Streetlight,Cancelled,23.274284540717225,77.42677287720426,2,0,0.04390250701595481,319,0,0
625,Drainage,Completed,23.273455086340203,77.43294234065499,0,1,0.1299599908795136,223,0,0
626,Pothole,Completed,23.27087264733935,77.4295813526457,1,1,0.41489284431593915,422,0,1
627,Streetlight,Completed,23.270076006956337,77.42866185452269,2,1,0.35958088251494863,319,0,0
628,Water Supply,Pending,23.270240062653436,77.4320798093748,4,2,0.21119935589817895,158,1,2
629,Streetlight,Pending,23.27122703594546,77.42878876892053,2,2,0.4039516431642844,319,1,2
630,Waste,Pending,23.267954414869603,77.4336520194271,3,2,0.09355796531992883,478,1,1
631,Waste,Pending,23.269485246925154,77.43135585174268,3,2,0.2694128178288219,478,1,1
632,Waste,Completed,23.266662831852244,77.42902417718372,3,1,0.08563576393468877,478,0,0
633,Waste,Pending,23.27079844624521,77.43431461642653,3,2,0.07025810313275115,478,1,1
634,Pothole,Pending,23.271294391879405,77.428788570154,1,2,0.4085809384907152,422,1,2
635,Streetlight,Pending,23.2690336270754,77.43148419074403,2,2,0.3163427322807707,319,1,1
636,Streetlight,Pending,23.27314797352658,77.43059858516082,2,2,0.19754151071134382,319,1,1
637,Pothole,Completed,23.267548468673994,77.4326034825788,1,1,0.14442269557068116,422,0,0
638,Streetlight,Cancelled,23.26707125023958,77.43312302239346,2,0,0.1315860450686229,319,0,0
639,Waste,Completed,23.27044890363712,77.43006400829813,3,1,0.44684043738283447,478,0,0
640,Waste,Completed,23.272094196605224,77.42849316425931,3,1,0.1897418566714882,478,0,0
641,Waste,Pending,23.273367855382915,77.43091994428589,3,2,0.13006846923918242,478,1,0
642,Pothole,Pending,23.26908223147426,77.4286445692605,1,2,0.38621002859671516,422,1,2
643,Waste,Pending,23.272157361666864,77.43402677449507,3,2,0.0857938463818645,478,1,1
644,Waste,Completed,23.269922983060997,77.43027307066217,3,1,0.7397691238122978,478,0,0
645,Pothole,Completed,23.26965474540012,77.42926935689738,1,1,0.2816604977806974,422,0,1
646,Drainage,Pending,23.27176731987497,77.43036936061173,0,2,0.1767892062507302,223,1,2
647,Waste,Pending,23.271304645756825,77.42730574742095,3,2,0.21096811414378466,478,1,1
648,Streetlight,Completed,23.26684721568603,77.42805677192298,2,1,0.13287722619408646,319,0,0
649,Streetlight,Completed,23.272953080699452,77.4324008278159,2,1,0.1385996971237409,319,0,0
650,Drainage,Cancelled,23.272760182708293,77.42868621144207,0,0,0.3530437476015508,223,0,1
651,Water Supply,Completed,23.26874887459698,77.42790617803465,4,1,0.28405890016983676,158,0,1
652,Waste,Pending,23.270791607066876,77.43107330550507,3,2,0.46070828517728935,478,1,1
653,Waste,Pending,23.270988060372567,77.43237140830934,3,2,0.2841642602575118,478,1,1
654,Drainage,Pending,23.27052134753165,77.43143790662134,0,2,0.27127048055433894,223,1,2
655,Pothole,Pending,23.268899389692308,77.43199209537161,1,2,0.17410903278586626,422,1,1
656,Streetlight,Pending,23.268656753264125,77.42848640982287,2,2,0.17840145764539575,319,1,1
657,Streetlight,Completed,23.269948891858014,77.42715637866652,2,1,0.22298878027630123,319,0,0
658,Streetlight,Completed,23.27234545803852,77.43300266730392,2,1,0.13236539996731725,319,0,0
659,Water Supply,Pending,23.27108720030919,77.42935464032232,4,2,0.32110781423996776,158,1,2
660,Water Supply,Completed,23.269258771335828,77.4294983339671,4,1,0.18965111563424153,158,0,1
661,Streetlight,Pending,23.271543397421297,77.4326563882837,2,2,0.192203876055418,319,1,1
662,Waste,Pending,23.26430291475874,77.43111246001881,3,2,0.046285667050112535,478,1,0
663,Drainage,Pending,23.272297531400746,77.43091177554417,0,2,0.3292394132858645,223,1,2
664,Waste,Pending,23.26652057244244,77.43433000468981,3,2,0.07493718066511067,478,1,1
665,Waste,Pending,23.269275118117193,77.42871296353924,3,2,0.358361606366345,478,1,1
666,Drainage,Pending,23.267760660210747,77.43185568025616,0,2,0.17625514709689785,223,1,1
667,Waste,Pending,23.267410637048556,77.4301140262498,3,2,0.19536820024972265,478,1,1
668,Waste,Cancelled,23.272321653574757,77.43053718455774,3,0,0.26671095986846205,478,0,0
669,Waste,Pending,23.269064597597374,77.43305693685284,3,2,0.18977308638883816,478,1,1
670,Drainage,Pending,23.270693007763462,77.43101567151258,0,2,0.442352765099536,223,1,2
671,Pothole,Pending,23.26990615884224,77.4310765921581,1,2,0.37480861039745544,422,1,2
672,Streetlight,Completed,23.270954081654445,77.43214501467463,2,1,0.29844397292480856,319,0,0
673,Waste,Pending,23.27015364378212,77.42927009454093,3,2,0.19929904971476287,478,1,1
674,Drainage,Completed,23.267434015551625,77.42832158066533,0,1,0.11469979811147073,223,0,0
675,Drainage,Pending,23.271992533638898,77.42791038161197,0,2,0.20354978298490636,223,1,2
676,Pothole,Completed,23.269012486833677,77.42606728682125,1,1,0.10362819000676946,422,0,0
677,Pothole,Completed,23.26688683620268,77.43411241425989,1,1,0.09579332248806113,422,0,0
678,Waste,Pending,23.269143769678067,77.42779358326857,3,2,0.25080954843670267,478,1,1
679,Water Supply,Pending,23.273001519581268,77.42955749275283,4,2,0.15798999147791973,158,1,2
680,Streetlight,Pending,23.271700443484228,77.42944637340022,2,2,0.38744785876557175,319,1,1
681,Water Supply,Completed,23.269302695731184,77.43061481339562,4,1,0.20765948760155634,158,0,1
682,Pothole,Pending,23.269301484591363,77.43163147442509,1,2,0.36684839682222026,422,1,2
683,Drainage,Pending,23.269356729897567,77.43172094697672,0,2,0.33574249738947975,223,1,2
684,Drainage,Cancelled,23.27415349596712,77.42883384512287,0,0,0.07769739807024592,223,0,1
685,Streetlight,Pending,23.270763870904464,77.42966575657243,2,2,0.3550721453905956,319,1,1
686,Water Supply,Completed,23.27086008329438,77.43056515990098,4,1,0.43160170882405,158,0,1
687,Pothole,Completed,23.272060566908063,77.42950261774764,1,1,0.19896011725614215,422,0,1
688,Waste,Pending,23.27047757831805,77.43321469115205,3,2,0.1327652439954314,478,1,1
689,Streetlight,Pending,23.26948191570836,77.43098194990328,2,2,0.3007470894991407,319,1,1
690,Streetlight,Pending,23.26960730030183,77.43146975557211,2,2,0.28108539243941266,319,1,1
691,Streetlight,Completed,23.26985679748117,77.43132576253734,2,1,0.2689859668632764,319,0,0
692,Waste,Completed,23.26992555552698,77.43234694771498,3,1,0.1673986132716651,478,0,0
693,Pothole,Completed,23.271455259087272,77.43036204311741,1,1,0.1875695402234978,422,0,1
694,Pothole,Cancelled,23.270103891771615,77.4274063361041,1,0,0.30483016651119,422,0,1
695,Pothole,Completed,23.27146528015443,77.43079937590352,1,1,0.39195605386899507,422,0,1
696,Streetlight,Pending,23.269838566839784,77.42869728621243,2,2,0.3398645457872538,319,1,1
697,Streetlight,Pending,23.270157270380633,77.42894276663651,2,2,0.3120034174729691,319,1,1
698,Waste,Completed,23.266003598630935,77.43117272803752,3,1,0.06357210470705509,478,0,0
699,Pothole,Pending,23.271832655349403,77.43247656614287,1,2,0.1886364582061079,422,1,1
700,Waste,Pending,23.270692976951796,77.43004254315348,3,2,0.489617796094526,478,1,1
701,Waste,Completed,23.271996020219717,77.4306176660252,3,1,0.2181380413230158,478,0,0
702,Drainage,Pending,23.264207489243613,77.43340442988928,0,2,0.03180699475323377,223,1,1
703,Water Supply,Cancelled,23.274176749409563,77.43048150635899,4,0,0.15335687238133214,158,0,1
704,Pothole,Completed,23.26972082074369,77.43520336622836,1,1,0.06747015290424838,422,0,0
705,Drainage,Pending,23.272216365633476,77.43113101929127,0,2,0.333494710259891,223,1,2
706,Drainage,Cancelled,23.267920188145748,77.4264784744817,0,0,0.1656280928256602,223,0,1
707,Drainage,Pending,23.27122554781013,77.43150668324222,0,2,0.18768503313105875,223,1,2
708,Waste,Pending,23.267893168873652,77.43076231676977,3,2,0.147447057080905,478,1,1
709,Water Supply,Completed,23.26875246207861,77.43257950550817,4,1,0.28072851684745687,158,0,1
710,Pothole,Pending,23.273828062707732,77.43134636270254,1,2,0.09500383673647347,422,1,1
711,Pothole,Completed,23.269618635198473,77.42972308803203,1,1,0.21371337618526112,422,0,1
712,Waste,Pending,23.27043486574636,77.42755140352743,3,2,0.45664705031919295,478,1,1
713,Pothole,Completed,23.27174013546138,77.42958195348544,1,1,0.3250768437456439,422,0,1
714,Waste,Pending,23.270991363775945,77.42829895909159,3,2,0.29523787065493584,478,1,1
715,Waste,Completed,23.27030083781029,77.4288389531004,3,1,0.34795914339573053,478,0,0
716,Pothole,Completed,23.270729922004932,77.43117715680884,1,1,0.37487781756076133,422,0,1
717,Drainage,Pending,23.274806831170476,77.43333980900871,0,2,0.049122147645150216,223,1,1
718,Drainage,Pending,23.269884762405933,77.43078934305966,0,2,0.25169071150475825,223,1,2
719,Pothole,Pending,23.27040219809343,77.42760823387593,1,2,0.5033909270666099,422,1,1
720,Drainage,Pending,23.272101308792013,77.43088920533644,0,2,0.3039633556134545,223,1,2
721,Drainage,Completed,23.272211051865916,77.43239326297329,0,1,0.26057062761834426,223,0,0
722,Drainage,Completed,23.27237406061112,77.42878043419137,0,1,0.20892780217026535,223,0,1
723,Waste,Pending,23.271277460444058,77.42973196566666,3,2,0.4027745346950633,478,1,1
724,Streetlight,Pending,23.26771399017454,77.43002937638947,2,2,0.19489575145581323,319,1,1
725,Water Supply,Pending,23.2732668630646,77.42843020337384,4,2,0.22881040002478992,158,1,2
726,Streetlight,Completed,23.26770730921396,77.4312965608677,2,1,0.16127717632517113,319,0,0
727,Pothole,Pending,23.27060527093048,77.4297581037028,1,2,0.3961072153829846,422,1,2
728,Pothole,Cancelled,23.26849144829996,77.43083906488782,1,0,0.3879641088345315,422,0,1
729,Streetlight,Completed,23.269871723306817,77.4282250156444,2,1,0.1995226506581467,319,0,0
730,Pothole,Pending,23.270657524820606,77.42912508339936,1,2,0.21188479433288437,422,1,2
731,Waste,Pending,23.2706427144309,77.43144476271566,3,2,0.258685069734015,478,1,1
732,Pothole,Cancelled,23.27084384150847,77.42925433369582,1,0,0.3402179128937159,422,0,1
733,Drainage,Pending,23.273227422538117,77.43345392770247,0,2,0.09274268100739652,223,1,1
734,Drainage,Pending,23.270907068603027,77.42920072762878,0,2,0.317906714561164,223,1,2
735,Waste,Pending,23.26951168672942,77.43044936945151,3,2,0.21552234678894186,478,1,1
736,Water Supply,Completed,23.271928174336576,77.43186518166375,4,1,0.20653762018460947,158,0,1
737,Pothole,Completed,23.27237894097785,77.42716326853414,1,1,0.14671430011981337,422,0,0
738,Streetlight,Completed,23.26754478436973,77.42647838237605,2,1,0.10592655365184077,319,0,0
739,Drainage,Completed,23.2711948001397,77.42694868737087,0,1,0.14248558444087026,223,0,0
740,Drainage,Completed,23.27140234548462,77.43252516820687,0,1,0.19963761214393672,223,0,1
741,Water Supply,Cancelled,23.26940487299328,77.42889628370823,4,0,0.37086123648446667,158,0,1
742,Pothole,Pending,23.272751413626622,77.43511639857134,1,2,0.07520182782156902,422,1,1
743,Drainage,Pending,23.269699888825933,77.42887150480269,0,2,0.2957505551707693,223,1,2
744,Waste,Completed,23.270251152906944,77.4303691026064,3,1,0.342300654434107,478,0,0
745,Streetlight,Completed,23.269653856351432,77.43308421990514,2,1,0.1847374255701494,319,0,0
746,Streetlight,Completed,23.27003115809516,77.43401218577633,2,1,0.0780586886436872,319,0,0
747,Streetlight,Pending,23.267807449826208,77.43412300715327,2,2,0.08192787900130122,319,1,1
748,Waste,Completed,23.26711989823481,77.43241673246119,3,1,0.14004413364338697,478,0,0
749,Drainage,Completed,23.27318901012645,77.43204812505164,0,1,0.14646740594440333,223,0,0
750,Waste,Pending,23.268306077303365,77.4311850538984,3,2,0.1960683183039313,478,1,1
751,Waste,Pending,23.251556722152333,77.4038023813715,3,2,0.0870020287913903,478,1,1
752,Streetlight,Pending,23.24889762856734,77.39987867837237,2,2,0.3816066180249577,319,1,1
753,Pothole,Pending,23.248363602233155,77.39858318646618,1,2,0.34527554601693045,422,1,2
754,Drainage,Pending,23.24999325108518,77.39697257121477,0,2,0.21471971214835703,223,1,1
755,Pothole,Completed,23.24965963075495,77.3963937206475,1,1,0.2140062215859846,422,0,0
756,Waste,Pending,23.249093543901346,77.396831728114,3,2,0.19678341662671764,478,1,1
757,Drainage,Completed,23.251392774894914,77.40053425330203,0,1,0.1929171428197187,223,0,1
758,Pothole,Completed,23.25191061041714,77.40101745004647,1,1,0.18605480186543302,422,0,0
759,Waste,Completed,23.250176813772583,77.39683761859594,3,1,0.2090986296349737,478,0,0
760,Streetlight,Pending,23.252955060162112,77.40179007662816,2,2,0.1556807275764219,319,1,1
761,Pothole,Pending,23.247716621771733,77.39903387789664,1,2,0.20258446414425552,422,1,1
762,Streetlight,Completed,23.24961268108144,77.40029358602398,2,1,0.37688279932015567,319,0,0
763,Pothole,Pending,23.248566355358793,77.40322444125651,1,2,0.11438912432813332,422,1,1
764,Drainage,Cancelled,23.246266926765855,77.40179367863173,0,0,0.06963377737786867,223,0,0
765,Drainage,Completed,23.249834638628315,77.39946293870419,0,1,0.291661347857771,223,0,2
766,Streetlight,Completed,23.24975650498323,77.39821761554917,2,1,0.18429540653560486,319,0,0
767,Waste,Cancelled,23.253026899486485,77.39569636919735,3,0,0.06177897346546976,478,0,0
768,Drainage,Pending,23.25126162336911,77.39856169336151,0,2,0.1926237831230451,223,1,2
769,Streetlight,Pending,23.24795162635134,77.39957773952236,2,2,0.2539324534297502,319,1,1
770,Streetlight,Completed,23.25370818513267,77.3980256409457,2,1,0.14332692306102915,319,0,0
771,Pothole,Pending,23.25244206739105,77.39973748606582,1,2,0.2634686112549525,422,1,1
772,Drainage,Cancelled,23.251164195406936,77.40015370376592,0,0,0.3108326814167356,223,0,1
773,Streetlight,Pending,23.2495470318023,77.3995502880364,2,2,0.2608778400615261,319,1,1
774,Waste,Pending,23.248081121526553,77.39869999483835,3,2,0.2919880202775331,478,1,1
775,Pothole,Completed,23.24925558644786,77.40033730934394,1,1,0.29885582696403057,422,0,1
776,Drainage,Completed,23.25217749723941,77.40088388129915,0,1,0.2389594404457094,223,0,1
777,Waste,Pending,23.253769172611868,77.39781920184512,3,2,0.11938068323461691,478,1,1
778,Water Supply,Pending,23.253086487056542,77.4028218647595,4,2,0.11003811305656717,158,1,2
779,Streetlight,Completed,23.249022301156423,77.39980282373544,2,1,0.7340084839893499,319,0,0
780,Streetlight,Pending,23.24776076513342,77.4000376992459,2,2,0.28127436580880305,319,1,1
781,Waste,Completed,23.25028177249382,77.40141642884652,3,1,0.18928692989312434,478,0,0
782,Waste,Pending,23.24646312126887,77.40046643226253,3,2,0.140578314233626,478,1,1
783,Water Supply,Completed,23.25064633542837,77.40190627326783,4,1,0.2815873802861776,158,0,1
784,Waste,Completed,23.2497047948274,77.40057424833041,3,1,0.5164380619151142,478,0,0
785,Drainage,Pending,23.249067926996265,77.39877512525072,0,2,0.2115748858260912,223,1,2
786,Pothole,Completed,23.246810593865465,77.40072300705042,1,1,0.13034117367401923,422,0,0
787,Waste,Completed,23.25102720021314,77.39771254758537,3,1,0.26870677418299194,478,0,0
788,Waste,Pending,23.248934598320677,77.40021711941156,3,2,0.3603563290217383,478,1,1
789,Pothole,Cancelled,23.24766016632858,77.39993354001872,1,0,0.24946431347514175,422,0,1
790,Water Supply,Completed,23.244255475573436,77.39958376628546,4,1,0.08190769152075662,158,0,1
791,Pothole,Pending,23.249944970189897,77.39974292497713,1,2,0.38610889216815486,422,1,2
792,Pothole,Pending,23.25354450319334,77.39623630190901,1,2,0.07288188254972613,422,1,1
793,Pothole,Cancelled,23.253322518429098,77.39890255018453,1,0,0.12205181531120324,422,0,0
794,Pothole,Pending,23.24908580748683,77.40018568980229,1,2,0.2957099314776547,422,1,2
795,Pothole,Completed,23.24879557587928,77.400319712784,1,1,0.3624952958055185,422,0,1
796,Drainage,Completed,23.25093754851215,77.39794464971816,0,1,0.23928706609397496,223,0,1
797,Pothole,Pending,23.248003229121625,77.40253141568174,1,2,0.11508127693903833,422,1,1
798,Pothole,Pending,23.25060358379964,77.39826765030358,1,2,0.32081852521905696,422,1,2
799,Waste,Completed,23.25153216055677,77.40193891440106,3,1,0.1956230180481377,478,0,0
800,Water Supply,Pending,23.25245386644777,77.40085438872374,4,2,0.2526627892183565,158,1,2
801,Waste,Completed,23.24979969184704,77.39870754538032,3,1,0.29867738571136715,478,0,0
802,Waste,Pending,23.249592652499647,77.40355062178523,3,2,0.11573957704531188,478,1,1
803,Streetlight,Completed,23.248244034826488,77.39761272633649,2,1,0.14270191251568018,319,0,0
804,Streetlight,Completed,23.24834623929192,77.40183830834722,2,1,0.18416511903445235,319,0,0
805,Pothole,Pending,23.249547042216197,77.40200116463609,1,2,0.14220124251092447,422,1,1
806,Pothole,Completed,23.250734731013633,77.39865875958185,1,1,0.47844554271635703,422,0,1
807,Drainage,Pending,23.251827169252465,77.40278493060013,0,2,0.19546758278242443,223,1,1
808,Waste,Pending,23.24839364209864,77.3994999069708,3,2,0.25916922693022604,478,1,1
809,Drainage,Pending,23.25298537713792,77.40057738725856,0,2,0.15562568736675855,223,1,2
810,Streetlight,Completed,23.249457752797916,77.40052064367755,2,1,0.7010304122402523,319,0,0
811,Pothole,Pending,23.249957265411304,77.39973138251706,1,2,0.3825430988985305,422,1,2
812,Pothole,Completed,23.248505576641705,77.40162161654632,1,1,0.18733419332972598,422,0,0
813,Waste,Completed,23.245151519479453,77.40158697744111,3,1,0.06999667550989916,478,0,0
814,Drainage,Pending,23.251768090792723,77.39650293605352,0,2,0.10812489035181048,223,1,1
815,Pothole,Pending,23.251473687794185,77.40260868048576,1,2,0.28921622618830983,422,1,1
816,Pothole,Cancelled,23.249437344885763,77.39667501602393,1,0,0.27684333016513907,422,0,0
817,Streetlight,Completed,23.25013398143445,77.40206509240869,2,1,0.3521770654049123,319,0,0
818,Water Supply,Completed,23.25103187843541,77.40225341027366,4,1,0.22989530906858854,158,0,1
819,Pothole,Completed,23.246874908286227,77.39781806713958,1,1,0.08752365552240284,422,0,0
820,Water Supply,Pending,23.248941894645306,77.3991783714241,4,2,0.23821968111109165,158,1,2
821,Pothole,Completed,23.251588529359243,77.39778859066304,1,1,0.21702953007092052,422,0,0
822,Waste,Pending,23.24749142115366,77.39957015793942,3,2,0.18596782162767048,478,1,1
823,Waste,Pending,23.250587115864334,77.39938393143163,3,2,0.33343643343613794,478,1,1
824,Pothole,Pending,23.247286836390753,77.40155932106454,1,2,0.20302538253012514,422,1,1
825,Waste,Pending,23.250932859964863,77.40262061749225,3,2,0.18678974232194365,478,1,1
826,Waste,Pending,23.24992871703541,77.40279136762159,3,2,0.1607607162843432,478,1,1
827,Water Supply,Cancelled,23.24676973636819,77.39887566394685,4,0,0.08524216133850385,158,0,1
828,Drainage,Pending,23.252329478708916,77.39958155625251,0,2,0.2946145335587851,223,1,2
829,Streetlight,Completed,23.248530816846404,77.39663312361556,2,1,0.09053170949597716,319,0,0
830,Waste,Pending,23.24837949512597,77.39838825986702,3,2,0.2706134838820916,478,1,1
831,Waste,Pending,23.250401138394466,77.4019297032662,3,2,0.30250676474596233,478,1,1
832,Waste,Completed,23.252297274698854,77.4032311656471,3,1,0.09732872474197236,478,0,0
833,Streetlight,Completed,23.247968356362044,77.39753130225624,2,1,0.1135077267480213,319,0,0
834,Water Supply,Completed,23.250123359699696,77.3988150714817,4,1,0.31958664344856297,158,0,1
835,Pothole,Pending,23.25085763300066,77.39994718848608,1,2,0.3131020158968126,422,1,2
836,Waste,Completed,23.251386211214527,77.40056032231765,3,1,0.18535457087971266,478,0,0
837,Pothole,Pending,23.250352883110555,77.39838079296017,1,2,0.36177017874743583,422,1,2
838,Pothole,Pending,23.24926594432183,77.40084812208893,1,2,0.3326997217307063,422,1,2
839,Pothole,Completed,23.248344819558703,77.39905232130586,1,1,0.26244710198676224,422,0,1
840,Streetlight,Pending,23.25017228776609,77.39997109545826,2,2,0.2123916111743055,319,1,1
841,Streetlight,Pending,23.24785572197603,77.40109256849601,2,2,0.24629761884141227,319,1,1
842,Waste,Completed,23.24415729903301,77.40001284453963,3,1,0.07246208297130588,478,0,0
843,Waste,Completed,23.250873119608315,77.39912722821896,3,1,0.32763552526929723,478,0,0
844,Water Supply,Completed,23.25180786968217,77.39978078039215,4,1,0.34622400693393673,158,0,1
845,Waste,Pending,23.245274135128916,77.3998232740816,3,2,0.06400375844846498,478,1,1
846,Waste,Pending,23.24798053859058,77.39925997794025,3,2,0.23055294986479807,478,1,1
847,Waste,Pending,23.25123830852201,77.39948240787467,3,2,0.22408887715679676,478,1,1
848,Waste,Cancelled,23.254114990939424,77.40319729434101,3,0,0.06608077632307144,478,0,0
849,Pothole,Completed,23.25004158741535,77.40112183889589,1,1,0.30602422107830995,422,0,1
850,Drainage,Completed,23.24854399411754,77.39940903936395,0,1,0.2595999152409039,223,0,1
851,Pothole,Pending,23.24963420711779,77.40139390880903,1,2,0.4093043952545847,422,1,2
852,Pothole,Completed,23.252749752838294,77.3993323610205,1,1,0.2248648628905842,422,0,0
853,Streetlight,Pending,23.24870807164175,77.40234624927518,2,2,0.10593546928145542,319,1,1
854,Pothole,Completed,23.2484016159867,77.4007392843844,1,1,0.2198782156750917,422,0,1
855,Drainage,Cancelled,23.249034512955635,77.399785395712,0,0,0.755009484973046,223,0,1
856,Drainage,Cancelled,23.248093342783484,77.40089543385163,0,0,0.272340979104221,223,0,1
857,Waste,Pending,23.250245340631988,77.39685824769587,3,2,0.19032700569400032,478,1,0
858,Drainage,Pending,23.25324935691694,77.39774646506218,0,2,0.10780891252503003,223,1,1
859,Pothole,Cancelled,23.250646158546232,77.39761214998721,1,0,0.18277685185211862,422,0,1
860,Water Supply,Completed,23.249495292995743,77.40028588618954,4,1,0.4143392629901494,158,0,1
861,Pothole,Pending,23.24941637746217,77.40346502999897,1,2,0.12960722752639287,422,1,1
862,Water Supply,Completed,23.246873618382608,77.40446260029239,4,1,0.06074924365355884,158,0,1
863,Drainage,Pending,23.251766219554295,77.40127610220289,0,2,0.1754800146139774,223,1,2
864,Waste,Pending,23.249844325605977,77.40100168894989,3,2,0.3603552702337994,478,1,1
865,Pothole,Completed,23.24963904017282,77.3963978845317,1,1,0.21799367726710128,422,0,0
866,Water Supply,Completed,23.25638621513569,77.39891465240053,4,1,0.026602871942237014,158,0,1
867,Drainage,Pending,23.25059750581673,77.39842443249618,0,2,0.3381066106245488,223,1,2
868,Waste,Pending,23.24849641789981,77.39875830480351,3,2,0.47700074781887436,478,1,1
869,Streetlight,Completed,23.249147284807588,77.39966371236284,2,1,0.5410902526783148,319,0,0
870,Pothole,Completed,23.252296891418393,77.39905581884462,1,1,0.16078489447959074,422,0,0
871,Waste,Completed,23.250226540821075,77.39604140037926,3,1,0.16779066496706285,478,0,0
872,Pothole,Pending,23.247123444043364,77.40149582051224,1,2,0.16274912406078337,422,1,1
873,Waste,Cancelled,23.25183845786915,77.39785451394853,3,0,0.19825430553469936,478,0,0
874,Drainage,Cancelled,23.24866371182892,77.40047849372823,0,0,0.2393729210056627,223,0,1
875,Pothole,Pending,23.253746595552435,77.4041481653395,1,2,0.04394067881897369,422,1,2
876,Drainage,Pending,23.25216009613143,77.39816123081684,0,2,0.15933699117316386,223,1,2
877,Waste,Completed,23.249105356208684,77.39493942495452,3,1,0.05034067067329341,478,0,0
878,Pothole,Completed,23.25256203272347,77.39942799155625,1,1,0.2627668706626214,422,0,0
879,Waste,Cancelled,23.250135711021056,77.40220191927,3,0,0.298950302362282,478,0,0
880,Waste,Completed,23.251705547350245,77.40391669490845,3,1,0.08168353947570821,478,0,0
881,Waste,Completed,23.25096946563459,77.3975409008111,3,1,0.2889635778618865,478,0,0
882,Waste,Pending,23.248307286690014,77.40099339844647,3,2,0.210608993906796,478,1,1
883,Streetlight,Pending,23.248712900335367,77.39906937908644,2,2,0.28038622096670335,319,1,2
884,Waste,Pending,23.25205992163516,77.3997881032914,3,2,0.34284163815218704,478,1,1
885,Pothole,Completed,23.249330449335787,77.40528868669404,1,1,0.04090999372759286,422,0,0
886,Pothole,Completed,23.249192703073515,77.39699405934321,1,1,0.197772010078735,422,0,0
887,Drainage,Pending,23.248089754841303,77.400507479323,0,2,0.2433298293070384,223,1,1
888,Water Supply,Completed,23.250847198131183,77.40093538634353,4,1,0.1288045318398167,158,0,1
889,Pothole,Pending,23.254125049838485,77.40217157264989,1,2,0.09415974307121931,422,1,1
890,Pothole,Completed,23.247864934171492,77.40019596630695,1,1,0.26372107371384695,422,0,1
891,Waste,Pending,23.250048438913343,77.40061610107901,3,2,0.37463843116511114,478,1,1
892,Water Supply,Completed,23.252824441110832,77.39921670286516,4,1,0.18577211307145783,158,0,1
893,Waste,Completed,23.24984071721751,77.4005382538825,3,1,0.40997436224102507,478,0,0
894,Waste,Completed,23.2509047435925,77.39931361544902,3,1,0.3512608516923131,478,0,0
895,Waste,Cancelled,23.247875212943708,77.40124314377972,3,0,0.1979838922614816,478,0,0
896,Pothole,Pending,23.250856614194415,77.39926077932792,1,2,0.4015791153792355,422,1,2
897,Waste,Pending,23.249625711469992,77.40075420078782,3,2,0.35988652171867963,478,1,1
898,Drainage,Pending,23.25197145999136,77.39994147437264,0,2,0.5722894600394862,223,1,2
899,Waste,Pending,23.252374772103128,77.40225210050156,3,2,0.1396542418068482,478,1,1
900,Streetlight,Completed,23.25517912728404,77.39989721255283,2,1,0.03360526564059631,319,0,0
901,Waste,Completed,23.251159266346427,77.39645393506359,3,1,0.10304779806539487,478,0,0
902,Waste,Completed,23.250651592633165,77.40252384300143,3,1,0.18822079856657298,478,0,0
903,Water Supply,Pending,23.250388768603155,77.39818853539828,4,2,0.28724043897748175,158,1,2
904,Waste,Completed,23.249293667414378,77.3986924673227,3,1,0.19331012902868935,478,0,0
905,Drainage,Pending,23.250676967686925,77.39880867741192,0,2,0.4090343438543362,223,1,2
906,Pothole,Completed,23.249409197179723,77.40274887618635,1,1,0.11085107435473392,422,0,0
907,Waste,Pending,23.250336921952535,77.39572865157204,3,2,0.13170608408227305,478,1,1
908,Water Supply,Pending,23.252635195071218,77.40627549706733,4,2,0.025816432895664317,158,1,2
909,Waste,Pending,23.24798691486944,77.40211211361813,3,2,0.1981762912961824,478,1,1
910,Drainage,Cancelled,23.25227975712226,77.40044647782827,0,0,0.32360834859525606,223,0,1
911,Waste,Pending,23.25263423013468,77.39989021199877,3,2,0.18231943229019168,478,1,1
912,Drainage,Pending,23.24976386294602,77.40057110814972,0,2,0.4889046552055909,223,1,2
913,Waste,Completed,23.24575629020198,77.40104224485677,3,1,0.08692453062265373,478,0,0
914,Pothole,Pending,23.248784356025812,77.4012904311719,1,2,0.27022229852504975,422,1,2
915,Drainage,Pending,23.25259398909312,77.40111120893201,0,2,0.18006393520838526,223,1,2
916,Water Supply,Completed,23.2499542638754,77.40017916136252,4,1,0.20446524124165666,158,0,1
917,Water Supply,Pending,23.24800139553541,77.39960532315939,4,2,0.26454026273167736,158,1,2
918,Drainage,Cancelled,23.248990450157542,77.3996974534327,0,0,0.5927898238831668,223,0,1
919,Drainage,Completed,23.25168124005301,77.39961018343931,0,1,0.24029545943197878,223,0,1
920,Waste,Pending,23.251093467136403,77.40226754019373,3,2,0.21951381897759104,478,1,1
921,Waste,Cancelled,23.249522135801666,77.40118711344456,3,0,0.3642116015140239,478,0,0
922,Waste,Pending,23.24926635117637,77.39411922273068,3,2,0.04568018667479394,478,1,1
923,Pothole,Pending,23.24921648370191,77.40131180155306,1,2,0.32687924757397724,422,1,2
924,Pothole,Pending,23.248155179631,77.40038947238945,1,2,0.21890045629602278,422,1,2
925,Pothole,Completed,23.25323075137894,77.39996258248712,1,1,0.11348015286849826,422,0,0
926,Waste,Pending,23.24935535906158,77.39922296309383,3,2,0.2674448297196936,478,1,2
927,Streetlight,Cancelled,23.25243431704165,77.40224822543998,2,0,0.1365424457953429,319,0,0
928,Waste,Completed,23.253042632103845,77.40189505292425,3,1,0.16375993934921093,478,0,0
929,Pothole,Pending,23.251996621796295,77.39845424466436,1,2,0.14248798790004039,422,1,1
930,Pothole,Completed,23.249136759374565,77.40081410457425,1,1,0.24541219883554977,422,0,1
931,Drainage,Completed,23.25080746018067,77.39805668653092,0,1,0.2336868202452734,223,0,1
932,Streetlight,Cancelled,23.249951608787217,77.39724076367042,2,0,0.14971807637853773,319,0,0
933,Streetlight,Completed,23.24819259627854,77.39874656555082,2,1,0.37900967526153073,319,0,0
934,Waste,Pending,23.250648718563443,77.40172478694477,3,2,0.21702157466801275,478,1,1
935,Pothole,Completed,23.24764192041768,77.40190625009076,1,1,0.15634970994021016,422,0,0
936,Waste,Pending,23.252375358776924,77.4010261708402,3,2,0.26905585790374237,478,1,1
937,Pothole,Completed,23.249070765405403,77.4014501915737,1,1,0.37193404617003895,422,0,2
938,Pothole,Pending,23.250402319311743,77.40103235657423,1,2,0.201933709601641,422,1,2
939,Waste,Pending,23.250566575743093,77.39871703680956,3,2,0.4022144298873846,478,1,1
940,Waste,Pending,23.249482190052593,77.40086384508935,3,2,0.3493234422049036,478,1,1
941,Water Supply,Pending,23.25117338760295,77.40160081905046,4,2,0.17548753408233586,158,1,2
942,Water Supply,Pending,23.249050192686756,77.40150858265963,4,2,0.3584540159310137,158,1,2
943,Pothole,Completed,23.251742594594916,77.40237782674295,1,1,0.24776697446615406,422,0,0
944,Waste,Pending,23.247308040639503,77.4014166076944,3,2,0.19650554092158076,478,1,1
945,Waste,Pending,23.250252759159093,77.40070289641508,3,2,0.388276234917881,478,1,1
946,Pothole,Completed,23.253877857998116,77.40214030047665,1,1,0.119027255936014,422,0,1
947,Water Supply,Cancelled,23.247999337350787,77.3999469574815,4,0,0.24913942820254675,158,0,1
948,Waste,Pending,23.248644510058952,77.39823625069755,3,2,0.1816803782432018,478,1,1
949,Drainage,Pending,23.251027815699317,77.39967386607212,0,2,0.31317216888567767,223,1,2
950,Waste,Pending,23.25035916356388,77.3985101947104,3,2,0.30612407540235886,478,1,1
951,Water Supply,Completed,23.250701260198547,77.39864964345006,4,1,0.5198312339626618,158,0,1
952,Pothole,Cancelled,23.250978374260296,77.39971096265857,1,0,0.32414263844239466,422,0,1
953,Drainage,Pending,23.25126944293712,77.39841516015801,0,2,0.213739771878345,223,1,2
954,Pothole,Pending,23.252219399683913,77.39938407694073,1,2,0.22824886148285917,422,1,1
955,Streetlight,Cancelled,23.250819637313857,77.3962127706661,2,0,0.1332026620042637,319,0,0
956,Waste,Pending,23.249517484690763,77.40042658741476,3,2,0.6291263618254901,478,1,1
957,Waste,Completed,23.251345147402404,77.40000241095073,3,1,0.2470039756147079,478,0,0
958,Water Supply,Completed,23.25379976386979,77.39836582273787,4,1,0.12868291823024988,158,0,0
959,Water Supply,Pending,23.249734732507235,77.40131849133687,4,2,0.49753070510651337,158,1,2
960,Drainage,Pending,23.24805094139066,77.40187514027527,0,2,0.2044900283135434,223,1,1
961,Streetlight,Pending,23.252214161338575,77.39678488027127,2,2,0.09937704611576878,319,1,1
962,Drainage,Completed,23.249759237672095,77.39847455044287,0,1,0.2691362168555656,223,0,1
963,Waste,Cancelled,23.24565466090797,77.39846171530043,3,0,0.05147097414915056,478,0,0
964,Pothole,Pending,23.2516948433543,77.3981201937978,1,2,0.20512765821983786,422,1,1
965,Pothole,Completed,23.24892934362809,77.40165894968386,1,1,0.23950994476979853,422,0,1
966,Streetlight,Pending,23.249818933435392,77.39961234772247,2,2,0.426381398292075,319,1,1
967,Pothole,Completed,23.25066396066114,77.39947097031738,1,1,0.3055555197649667,422,0,1
968,Waste,Pending,23.250380999359557,77.3959922752712,3,2,0.17111788220065116,478,1,1
969,Streetlight,Cancelled,23.25141890363428,77.40127083606042,2,0,0.15023135264788232,319,0,0
970,Drainage,Completed,23.24912902725886,77.3975214832103,0,1,0.11279040809201266,223,0,0
971,Pothole,Completed,23.25102621159635,77.40011986526054,1,1,0.35528749335586707,422,0,1
972,Waste,Completed,23.24948090664483,77.40055475387592,3,1,0.7109588984017048,478,0,0
973,Waste,Completed,23.251477620961776,77.40272131719168,3,1,0.2573170970805574,478,0,0
974,Waste,Cancelled,23.251230734968026,77.39738235920177,3,0,0.23832674328876777,478,0,0
975,Waste,Completed,23.248129122595913,77.39396097568836,3,1,0.029815990639735408,478,0,0
976,Streetlight,Cancelled,23.25217196423235,77.40036769908951,2,0,0.33832495197538925,319,0,0
977,Streetlight,Completed,23.248928073109777,77.40360102236303,2,1,0.12443850765434335,319,0,0
978,Streetlight,Pending,23.25161611559656,77.40247789270589,2,2,0.3081056718430847,319,1,1
979,Pothole,Completed,23.250734574626804,77.40041931883056,1,1,0.16994527899486472,422,0,1
980,Drainage,Pending,23.25367636735359,77.39901672762875,0,2,0.09948922360817015,223,1,1
981,Waste,Pending,23.249553068035254,77.40161424519329,3,2,0.2326526623827623,478,1,1
982,Pothole,Completed,23.249301366407764,77.3980529076006,1,1,0.12722377206353971,422,0,0
983,Drainage,Completed,23.249961160788224,77.40095271553872,0,1,0.3611059693971781,223,0,1
984,Waste,Pending,23.24939364043433,77.40101094031834,3,2,0.3329701202533224,478,1,1
985,Waste,Pending,23.251599883803884,77.402120419815,3,2,0.22812322461740014,478,1,1
986,Drainage,Pending,23.24676737878313,77.40551932007783,0,2,0.06814835452183524,223,1,1
987,Pothole,Cancelled,23.24789263516171,77.40078483193436,1,0,0.22620549284358893,422,0,1
988,Streetlight,Pending,23.24786439415684,77.3989820727486,2,2,0.24952596546483127,319,1,1
989,Waste,Pending,23.251900615183946,77.39994885137563,3,2,0.5506904341755064,478,1,1
990,Streetlight,Completed,23.253421226745164,77.39646184819023,2,1,0.07628688632731875,319,0,0
991,Pothole,Completed,23.249791101562924,77.39861057373783,1,1,0.2990713540559325,422,0,1
992,Waste,Pending,23.24966235655362,77.39918143512378,3,2,0.2692803575804258,478,1,1
993,Streetlight,Completed,23.250140104326228,77.39895182320414,2,1,0.29333641148946266,319,0,0
994,Waste,Pending,23.252323756605215,77.40030470974408,3,2,0.3217755159086416,478,1,1
995,Pothole,Cancelled,23.248145293731618,77.39835516013524,1,0,0.23361450266233352,422,0,1
996,Waste,Pending,23.25047673796547,77.40224206133466,3,2,0.2605332609430734,478,1,1
997,Waste,Pending,23.251950395259566,77.40000041412985,3,2,0.48599411154216865,478,1,1
998,Waste,Pending,23.25100218833988,77.39998139935773,3,2,0.3857030370611509,478,1,1
999,Waste,Pending,23.2503791632332,77.39934421056698,3,2,0.2252403368295549,478,1,1
1000,Water Supply,Completed,23.252002092185133,77.40031038136772,4,1,0.27091832943123245,158,0,1
1001,Waste,Pending,23.244593535414,77.40165019652935,3,2,0.05018088120584484,478,1,1
1002,Pothole,Pending,23.25135575063906,77.39826573956859,1,2,0.21913997594832654,422,1,1
1003,Waste,Pending,23.248691848633744,77.39868376702185,3,2,0.2687877226582901,478,1,1
1004,Pothole,Pending,23.246338734206287,77.39939254794245,1,2,0.0844664203089003,422,1,1
1005,Water Supply,Pending,23.25102240519905,77.39730825815306,4,2,0.22451787023054032,158,1,2
1006,Waste,Completed,23.252747317090325,77.39836148428056,3,1,0.09681872879175153,478,0,0
1007,Water Supply,Completed,23.249725102970743,77.39904755825292,4,1,0.24186836709648557,158,0,1
1008,Waste,Cancelled,23.251905749094405,77.40174877836144,3,0,0.14478159648295766,478,0,0
1009,Streetlight,Completed,23.253224556515978,77.40052512265801,2,1,0.13018837699219007,319,0,0
1010,Pothole,Completed,23.252629828907168,77.40038717982274,1,1,0.1961491482901856,422,0,0
1011,Drainage,Pending,23.253279929058746,77.40170179592434,0,2,0.13624916333768325,223,1,1
1012,Streetlight,Completed,23.251484254982145,77.39972525642321,2,1,0.2506460872350211,319,0,0
1013,Pothole,Completed,23.250150867277803,77.40078092969986,1,1,0.39692961098333207,422,0,1
1014,Waste,Completed,23.24679606837621,77.39979355649415,3,1,0.12093143760476394,478,0,0
1015,Waste,Pending,23.249507875023745,77.40053072469881,3,2,0.7867350870788663,478,1,1
1016,Water Supply,Pending,23.248313506809367,77.39883448268478,4,2,0.39379779613383287,158,1,2
1017,Pothole,Completed,23.254341885434997,77.39512236568345,1,1,0.03844163111602958,422,0,0
1018,Pothole,Completed,23.249648228375136,77.39973144167563,1,1,0.2990820262645225,422,0,1
1019,Drainage,Cancelled,23.25024640961357,77.4028454962722,0,0,0.1459412455081663,223,0,1
1020,Pothole,Pending,23.251102970752083,77.4018524308045,1,2,0.1977728865028121,422,1,1
1021,Water Supply,Pending,23.250087204892743,77.40193079496919,4,2,0.296602935968983,158,1,2
1022,Streetlight,Pending,23.25339010208086,77.40247226144362,2,2,0.11624901844667997,319,1,1
1023,Streetlight,Completed,23.248754701276532,77.40017731518194,2,1,0.3127869060839151,319,0,0
1024,Drainage,Pending,23.250389214910474,77.40039463141481,0,2,0.22405277620144726,223,1,2
1025,Waste,Pending,23.248515058828605,77.39876469620914,3,2,0.4645901132579325,478,1,1
1026,Waste,Cancelled,23.24735995497756,77.39936785428795,3,0,0.1491116163071603,478,0,0
1027,Pothole,Pending,23.24877646181819,77.40123154229954,1,2,0.24023702174965406,422,1,2
1028,Waste,Completed,23.249925926405904,77.40240776887434,3,1,0.18985824095619308,478,0,0
1029,Streetlight,Pending,23.249141395550964,77.39972110744864,2,2,0.645063805117749,319,1,1
1030,Water Supply,Completed,23.248615158040252,77.3990996214703,4,1,0.29648205217538887,158,0,1
1031,Pothole,Completed,23.247187365072655,77.40000105591771,1,1,0.16183739764048305,422,0,0
1032,Pothole,Cancelled,23.249833788854744,77.40120241349787,1,0,0.41825321570253404,422,0,1
1033,Water Supply,Cancelled,23.246990559251937,77.39711229036774,4,0,0.07818986729847109,158,0,1
1034,Pothole,Pending,23.25152011192738,77.39540763809373,1,2,0.059858671025218094,422,1,1
1035,Pothole,Pending,23.25016487950587,77.39889892630102,1,2,0.30610515476636346,422,1,2
1036,Pothole,Pending,23.24708489700107,77.39755857514818,1,2,0.10157893618424604,422,1,1
1037,Water Supply,Completed,23.2493815818459,77.39898371960471,4,1,0.24529314200085217,158,0,1
1038,Streetlight,Completed,23.248495687188814,77.39970443936237,2,1,0.27456398546917676,319,0,0
1039,Drainage,Pending,23.25063834902084,77.39909350318196,0,2,0.2785785727810926,223,1,2
1040,Drainage,Completed,23.252680900892045,77.40290493506895,0,1,0.12514957409170083,223,0,0
1041,Pothole,Pending,23.24624965506071,77.4006534895292,1,2,0.12392122265679391,422,1,1
1042,Pothole,Completed,23.250230052158297,77.40060094871923,1,1,0.4138207314462225,422,0,1
1043,Drainage,Cancelled,23.24967973440887,77.40124441428809,0,0,0.5364678116164009,223,0,1
1044,Pothole,Pending,23.251342680152906,77.39772233376445,1,2,0.22530274178823562,422,1,1
1045,Drainage,Pending,23.250426393256475,77.40207822357485,0,2,0.34303319578104624,223,1,2
1046,Water Supply,Pending,23.24849606133652,77.39984847142694,4,2,0.22791023976435726,158,1,2
1047,Streetlight,Completed,23.249361892128668,77.40134096123448,2,1,0.31925371400028946,319,0,0
1048,Streetlight,Completed,23.248407948286392,77.39785628553392,2,1,0.1636926712997728,319,0,1
1049,Drainage,Pending,23.252152014277197,77.39689248246798,0,2,0.10599284138663585,223,1,1
1050,Drainage,Pending,23.250042623297343,77.40163577931605,0,2,0.2002034837288683,223,1,1
1051,Pothole,Pending,23.240752819052194,77.42211987276809,1,2,0.12618555888892985,422,1,1
1052,Waste,Pending,23.238195896891284,77.42123401189916,3,2,0.30654335207841815,478,1,1
1053,Pothole,Completed,23.23826067383745,77.4213671386464,1,1,0.27209175300654026,422,0,0
1054,Streetlight,Pending,23.242250869568828,77.4172680885776,2,2,0.18484068474550802,319,1,1
1055,Pothole,Completed,23.237621176214265,77.42242388797078,1,1,0.1317496429099946,422,0,0
1056,Streetlight,Completed,23.24328534590651,77.42052250106246,2,1,0.15929242237577648,319,0,0
1057,Pothole,Pending,23.238198758530704,77.4192614457215,1,2,0.2342771936872154,422,1,1
1058,Streetlight,Pending,23.241276783851216,77.42028677693469,2,2,0.22670227221465314,319,1,1
1059,Waste,Completed,23.2393427630485,77.41644752953421,3,1,0.07762597841150756,478,0,0
1060,Streetlight,Cancelled,23.241206374862163,77.42081730562296,2,0,0.42472665401919735,319,0,0
1061,Pothole,Pending,23.23891177199577,77.41794125698364,1,2,0.18703467595492834,422,1,1
1062,Waste,Pending,23.239674414187853,77.41729465942831,3,2,0.18065059535436265,478,1,1
1063,Waste,Pending,23.24008183835079,77.41695528162757,3,2,0.16220732112957056,478,1,1
1064,Streetlight,Completed,23.23799562508843,77.42222537674998,2,1,0.1462506168589972,319,0,0
1065,Pothole,Pending,23.24148164869084,77.41874147321262,1,2,0.2613340230584657,422,1,1
1066,Waste,Pending,23.238973572867057,77.42306745541984,3,2,0.1499672285001477,478,1,1
1067,Water Supply,Completed,23.23954280016932,77.4189283970739,4,1,0.1837721034360655,158,0,1
1068,Streetlight,Completed,23.238011301250783,77.41658528408482,2,1,0.08364500603219654,319,0,0
1069,Water Supply,Pending,23.234875332682407,77.4177669511201,4,2,0.04551314419809779,158,1,2
1070,Pothole,Completed,23.2396179444748,77.42247162324001,1,1,0.1972768496703711,422,0,0
1071,Pothole,Completed,23.244825230843222,77.41968820364413,1,1,0.048391061549404396,422,0,0
1072,Drainage,Pending,23.241569208575793,77.41890342540702,0,2,0.2132393212498888,223,1,1
1073,Pothole,Pending,23.23996147924053,77.42032003645171,1,2,0.22652485639699402,422,1,1
1074,Streetlight,Completed,23.23947421834158,77.42100356547233,2,1,0.38969295721809705,319,0,2
1075,Waste,Pending,23.240044931785626,77.4222347976318,3,2,0.1472567081855722,478,1,1
1076,Pothole,Completed,23.24109423823035,77.42289699845979,1,1,0.20341062462006254,422,0,0
1077,Waste,Cancelled,23.237638374369386,77.41928046270843,3,0,0.22854876493141257,478,0,0
1078,Waste,Pending,23.242228643389335,77.41734790462783,3,2,0.18345499676728874,478,1,1
1079,Waste,Pending,23.24143076263088,77.41917306967775,3,2,0.16513369869327632,478,1,1
1080,Waste,Pending,23.241436371451417,77.42052056101316,3,2,0.3556633623776729,478,1,1
1081,Water Supply,Completed,23.240876951477617,77.41807248214758,4,1,0.21331764408256654,158,0,1
1082,Waste,Cancelled,23.240039233315382,77.41808569817022,3,0,0.2727874693191729,478,0,0
1083,Streetlight,Completed,23.241345722471937,77.4206875757631,2,1,0.4617996098910267,319,0,0
1084,Drainage,Pending,23.24118362826748,77.41990269529686,0,2,0.2926616920046552,223,1,1
1085,Streetlight,Completed,23.23929191857812,77.42006559399083,2,1,0.26436185805992696,319,0,0
1086,Waste,Pending,23.238852796454204,77.4184830093306,3,2,0.26370926447814214,478,1,1
1087,Streetlight,Completed,23.24020371259052,77.41953919857158,2,1,0.5721639091286543,319,0,0
1088,Streetlight,Pending,23.24309804030299,77.41815153371147,2,2,0.11840763252746066,319,1,1
1089,Streetlight,Pending,23.237521785848692,77.42178039682226,2,2,0.18571225258449411,319,1,1
1090,Drainage,Completed,23.237064949468493,77.42207049866946,0,1,0.10645087223786491,223,0,0
1091,Water Supply,Completed,23.240329521682472,77.41630762427553,4,1,0.08960502373139939,158,0,1
1092,Streetlight,Pending,23.240101775403712,77.41814097827962,2,2,0.2987451644285242,319,1,1
1093,Pothole,Pending,23.240346683328735,77.41700694148982,1,2,0.16148224990648738,422,1,1
1094,Streetlight,Completed,23.240487906395817,77.41869995213119,2,1,0.1733748818630922,319,0,0
1095,Waste,Completed,23.23955359549073,77.41983312406042,3,1,0.3241655645545346,478,0,0
1096,Drainage,Pending,23.2429797268772,77.4171007095606,0,2,0.0983537442653299,223,1,1
1097,Waste,Pending,23.236798192043047,77.41815628037375,3,2,0.07839051110264239,478,1,1
1098,Pothole,Pending,23.238343005950437,77.41799208525583,1,2,0.16205265405378294,422,1,1
1099,Drainage,Cancelled,23.239793490479705,77.4204145346588,0,0,0.22468526402488345,223,0,1
1100,Streetlight,Completed,23.23671362237769,77.42013868867407,2,1,0.14784524138095634,319,0,0
1101,Pothole,Completed,23.239648291191138,77.41855652489333,1,1,0.22879526448210225,422,0,0
1102,Pothole,Completed,23.243322940331453,77.42035364174428,1,1,0.20241641557973983,422,0,0
1103,Drainage,Pending,23.24004177297659,77.41890663983082,0,2,0.24460936983282647,223,1,1
1104,Pothole,Completed,23.240461401811437,77.41945668977935,1,1,0.22067719111901204,422,0,1
1105,Drainage,Pending,23.237479670469657,77.4233469041806,0,2,0.09806648595420897,223,1,1
1106,Waste,Pending,23.23876727718392,77.42268092210358,3,2,0.1956890608504235,478,1,1
1107,Drainage,Pending,23.23924960723935,77.41740083752615,0,2,0.19886368910054478,223,1,1
1108,Drainage,Pending,23.239364569806487,77.42165946483576,0,2,0.3378129887739188,223,1,1
1109,Waste,Cancelled,23.24256328759001,77.42162279310898,3,0,0.16858590208706437,478,0,0
1110,Pothole,Pending,23.24111538212145,77.41770347342249,1,2,0.3341649849865082,422,1,1
1111,Waste,Completed,23.23777708408613,77.42163755528752,3,1,0.22446229972213907,478,0,0
1112,Streetlight,Completed,23.24049300955686,77.42307586383683,2,1,0.11276239884687901,319,0,0
1113,Pothole,Pending,23.240996443496993,77.41775491038752,1,2,0.347072198930797,422,1,1
1114,Streetlight,Pending,23.24228029807704,77.41816499435798,2,2,0.10398232742588821,319,1,1
1115,Waste,Pending,23.243161081373135,77.4220353229337,3,2,0.14513815334809532,478,1,1
1116,Waste,Completed,23.237969811616345,77.42054299062166,3,1,0.16473892737009735,478,0,0
1117,Waste,Pending,23.23837828497758,77.42110295255048,3,2,0.22578776844177847,478,1,1
1118,Pothole,Pending,23.237484844282168,77.4206811784328,1,2,0.1683937823657479,422,1,1
1119,Streetlight,Completed,23.239531960281784,77.42078139184186,2,1,0.32257038106667035,319,0,0
1120,Drainage,Completed,23.24093271674889,77.41734705574338,0,1,0.30509022993554663,223,0,0
1121,Streetlight,Pending,23.241974669033176,77.42209463541325,2,2,0.19185304732944397,319,1,1
1122,Pothole,Completed,23.239848097952713,77.42233917998486,1,1,0.18073736575154742,422,0,0
1123,Water Supply,Completed,23.23936030495349,77.41954121851187,4,1,0.22607393252365846,158,0,1
1124,Streetlight,Completed,23.240303515984497,77.41991304610038,2,1,0.3274744072948059,319,0,0
1125,Water Supply,Completed,23.238329714196738,77.41693778499489,4,1,0.09709481130522496,158,0,1
1126,Pothole,Pending,23.244179077443388,77.42102850951204,1,2,0.08044081458104872,422,1,1
1127,Waste,Completed,23.236784677945764,77.42114411488343,3,1,0.11117498351962114,478,0,0
1128,Waste,Completed,23.24036948115779,77.419875617966,3,1,0.3045332633931414,478,0,0
1129,Streetlight,Completed,23.244047212438456,77.42224870671974,2,1,0.08587516168755986,319,0,0
1130,Waste,Completed,23.240013599689117,77.41933184553804,3,1,0.4728771957231399,478,0,0
1131,Pothole,Completed,23.239619921929997,77.42112921185179,1,1,0.3205871587527085,422,0,0
1132,Pothole,Pending,23.239285109154377,77.41796067132262,1,2,0.2117131033357933,422,1,1
1133,Streetlight,Completed,23.239639216636473,77.41995289569826,2,1,0.371913933080064,319,0,0
1134,Streetlight,Completed,23.242745696949353,77.4196512914842,2,1,0.16827605638740994,319,0,0
1135,Waste,Completed,23.23557627617734,77.42045061584409,3,1,0.06128022845484721,478,0,0
1136,Pothole,Pending,23.24306686740259,77.41926094614233,1,2,0.16886038454313032,422,1,1
1137,Streetlight,Cancelled,23.237152085695097,77.41973705480866,2,0,0.1953346340094425,319,0,0
1138,Water Supply,Completed,23.23946669534153,77.42165209434289,4,1,0.3501574554860038,158,0,1
1139,Streetlight,Pending,23.239141511159403,77.41912647152553,2,2,0.30335840780408,319,1,1
1140,Water Supply,Completed,23.24117710653954,77.41678684579853,4,1,0.12886727270394746,158,0,1
1141,Drainage,Completed,23.236803751296232,77.42349916780842,0,1,0.09901167027034902,223,0,0
1142,Streetlight,Completed,23.24092434533216,77.42276290815738,2,1,0.19853467920641604,319,0,0
1143,Waste,Pending,23.244048619246573,77.4174154746098,3,2,0.0765447310575877,478,1,1
1144,Streetlight,Completed,23.23727365199081,77.42137941561049,2,1,0.14505448389865053,319,0,0
1145,Streetlight,Pending,23.24037941233522,77.4189940504589,2,2,0.19506786184278618,319,1,1
1146,Streetlight,Completed,23.238676035644406,77.42052697443066,2,1,0.2528598623153873,319,0,0
1147,Pothole,Completed,23.240851774412384,77.42058844825803,1,1,0.3595329183267634,422,0,1
1148,Pothole,Completed,23.24003829555483,77.41953118439937,1,1,0.5606769746594377,422,0,1
1149,Pothole,Completed,23.23871702618191,77.41843246866883,1,1,0.24967042370532175,422,0,0
1150,Pothole,Completed,23.24097574456974,77.41861891789537,1,1,0.24025717999456742,422,0,0
1151,Waste,Pending,23.24360869621957,77.41816761616904,3,2,0.13949087637787355,478,1,1
1152,Drainage,Completed,23.239618192416543,77.41833635558353,0,1,0.2344770843982254,223,0,0
1153,Waste,Pending,23.241439515884295,77.4198656434199,3,2,0.23143459795457136,478,1,1
1154,Waste,Pending,23.237413454084255,77.41856848002178,3,2,0.1116765325108665,478,1,1
1155,Pothole,Pending,23.238087127246363,77.42136410413143,1,2,0.2653388703847708,422,1,1
1156,Streetlight,Completed,23.24094481255576,77.42297449231067,2,1,0.19822524910268274,319,0,0
1157,Pothole,Pending,23.24296823205707,77.41883989351726,1,2,0.15888858923008517,422,1,1
1158,Waste,Pending,23.24071122669757,77.42047880900107,3,2,0.3186127927567918,478,1,1
1159,Streetlight,Pending,23.239373883938953,77.42099937022061,2,2,0.33839971297780086,319,1,1
1160,Pothole,Pending,23.239998582810845,77.42094400454184,1,2,0.20724619990077991,422,1,0
1161,Water Supply,Completed,23.23749918453206,77.42015191053584,4,1,0.1560151498513538,158,0,1
1162,Water Supply,Completed,23.24120903065271,77.42148536483673,4,1,0.1437967260971469,158,0,1
1163,Pothole,Pending,23.241764666124645,77.42096449790536,1,2,0.17470559098356903,422,1,1
1164,Pothole,Completed,23.23909581933433,77.41752467515535,1,1,0.2126813220737046,422,0,0
1165,Streetlight,Completed,23.23905991570448,77.42173831212878,2,1,0.2829346442545406,319,0,0
1166,Waste,Completed,23.2405317564593,77.42177458167454,3,1,0.13577186232395516,478,0,0
1167,Pothole,Pending,23.23912656052792,77.41847342779164,1,2,0.1979574056653218,422,1,1
1168,Pothole,Completed,23.239867734770748,77.4200758756709,1,1,0.2740911225443417,422,0,1
1169,Water Supply,Pending,23.24419944357833,77.42136665798563,4,2,0.07846699327496427,158,1,0
1170,Waste,Pending,23.239505948598502,77.41958137236084,3,2,0.2435755266617461,478,1,1
1171,Streetlight,Pending,23.239283319695957,77.42214595609553,2,2,0.301695686356993,319,1,1
1172,Streetlight,Completed,23.238704916388727,77.42472774498924,2,1,0.06725281815945369,319,0,0
1173,Pothole,Pending,23.241488383942997,77.41842802793474,1,2,0.24181312228595572,422,1,1
1174,Waste,Pending,23.23963755165356,77.41723791079369,3,2,0.18421545938748332,478,1,1
1175,Water Supply,Pending,23.238701253923356,77.42060763719121,4,2,0.2453337235723125,158,1,2
1176,Pothole,Completed,23.242642608064543,77.42144312501026,1,1,0.1848561063449913,422,0,0
1177,Streetlight,Completed,23.242839206009027,77.4195382672523,2,1,0.17578244364038925,319,0,0
1178,Waste,Pending,23.23879915286852,77.42290652132664,3,2,0.17963612663041373,478,1,1
1179,Pothole,Completed,23.23626692009728,77.41732278840055,1,1,0.05011359180271465,422,0,0
1180,Pothole,Completed,23.242015027379672,77.42138583724606,1,1,0.14698608740197702,422,0,0
1181,Waste,Completed,23.23863074034848,77.41878827835848,3,1,0.1722540602035224,478,0,0
1182,Waste,Pending,23.241581251198323,77.42343875581241,3,2,0.12311883165862275,478,1,1
1183,Drainage,Completed,23.236059792364575,77.42398503070633,0,1,0.06848835021731235,223,0,0
1184,Waste,Pending,23.2417851946766,77.41846668682443,3,2,0.179706460030445,478,1,1
1185,Waste,Completed,23.237577656141436,77.41890088572818,3,1,0.14861400954591295,478,0,0
1186,Pothole,Pending,23.24146152823813,77.42171917577396,1,2,0.23310019595688625,422,1,1
1187,Drainage,Pending,23.240028546135672,77.41922573870042,0,2,0.3467394639598243,223,1,1
1188,Waste,Pending,23.238092121161205,77.41990917756414,3,2,0.14947021021719228,478,1,1
1189,Streetlight,Completed,23.239185927374145,77.42005077684108,2,1,0.2467007237443363,319,0,0
1190,Waste,Pending,23.241372636913912,77.41616065368761,3,2,0.07897420786028767,478,1,1
1191,Waste,Completed,23.24021178890623,77.41997232450781,3,1,0.2913155445974484,478,0,0
1192,Waste,Pending,23.241168825960944,77.41862054445187,3,2,0.2963015882323327,478,1,1
1193,Drainage,Completed,23.24395288116903,77.4190137543552,0,1,0.0879734085319666,223,0,0
1194,Waste,Completed,23.236871516776574,77.42288726400695,3,1,0.09204971326648147,478,0,0
1195,Waste,Pending,23.243234425149936,77.41748698621144,3,2,0.10562378344261628,478,1,1
1196,Pothole,Completed,23.240208711875045,77.42162641037349,1,1,0.13085036379986897,422,0,0
1197,Drainage,Completed,23.238202431903353,77.41944207413934,0,1,0.2692171124602382,223,0,0
1198,Waste,Pending,23.23733937274852,77.41944047966301,3,2,0.21232319221076665,478,1,1
1199,Pothole,Completed,23.239621759218444,77.4215807437921,1,1,0.25861226400338155,422,0,0
1200,Waste,Pending,23.24184330022385,77.42068010258915,3,2,0.1762850934886954,478,1,1
1201,Pothole,Completed,23.239744901759245,77.42114122599445,1,1,0.2694675309283366,422,0,0
1202,Streetlight,Completed,23.243022309860493,77.42193636932107,2,1,0.1623739553415496,319,0,1
1203,Streetlight,Pending,23.237097648619898,77.41933738323364,2,2,0.16744754930967612,319,1,0
1204,Pothole,Pending,23.239975822104302,77.418775526531,1,2,0.22043429761126626,422,1,1
1205,Pothole,Completed,23.23749521311117,77.41782969894689,1,1,0.0949633569876165,422,0,0
1206,Waste,Completed,23.240727263765248,77.41834917894005,3,1,0.20955891440021526,478,0,0
1207,Pothole,Cancelled,23.241773774780192,77.42589818885062,1,0,0.027493956279046636,422,0,0
1208,Waste,Pending,23.239158476412637,77.42248935916147,3,2,0.21656943131926862,478,1,1
1209,Drainage,Completed,23.234791572286746,77.41729785126759,0,1,0.04008092226729776,223,0,0
1210,Water Supply,Cancelled,23.24039789629359,77.41735508408651,4,0,0.16102891877668024,158,0,1
1211,Water Supply,Pending,23.240873477103467,77.42096373212344,4,2,0.2846005602470622,158,1,2
1212,Drainage,Pending,23.24080858950992,77.42109452959475,0,2,0.2156670226674417,223,1,1
1213,Streetlight,Completed,23.24247156438364,77.42109776767063,2,1,0.20752986040625512,319,0,0
1214,Streetlight,Completed,23.2378578926407,77.4194900884129,2,1,0.26884707178733636,319,0,0
1215,Waste,Completed,23.2413604322109,77.41974909148,3,1,0.22757399439791864,478,0,0
1216,Streetlight,Completed,23.24238501502495,77.42065575904832,2,1,0.1377245517377247,319,0,0
1217,Pothole,Pending,23.236442824831983,77.42017178601259,1,2,0.11761545312604,422,1,1
1218,Pothole,Completed,23.240639303651836,77.4155613992545,1,1,0.0716677325761826,422,0,0
1219,Drainage,Pending,23.238991640337986,77.41954040073885,0,2,0.18179170076886275,223,1,1
1220,Waste,Pending,23.239836954653796,77.41829718713149,3,2,0.2974313382297735,478,1,1
1221,Pothole,Completed,23.240695352967077,77.42035042283781,1,1,0.2812948450942874,422,0,1
1222,Water Supply,Pending,23.239025542871772,77.42597051800522,4,2,0.05916030162512531,158,1,2
1223,Waste,Completed,23.238648583841677,77.42073496333094,3,1,0.23467398174675771,478,0,0
1224,Pothole,Completed,23.240068304834978,77.41937294062765,1,1,0.5178482697357284,422,0,1
1225,Water Supply,Completed,23.23782550812227,77.42184360300395,4,1,0.20272210103954297,158,0,1
1226,Streetlight,Pending,23.237828349742227,77.42096537577441,2,2,0.1845722520738433,319,1,1
1227,Pothole,Pending,23.24135874656591,77.4208401889809,1,2,0.3395822857172486,422,1,1
1228,Waste,Pending,23.23770241192968,77.42121370118643,3,2,0.18990339457428948,478,1,1
1229,Pothole,Cancelled,23.241332625001817,77.42411308712965,1,0,0.07189407648940803,422,0,0
1230,Drainage,Completed,23.240925182585705,77.41773822312935,0,1,0.3093734308544252,223,0,0
1231,Streetlight,Completed,23.236548386542417,77.42094726415363,2,1,0.10459443321384307,319,0,0
1232,Pothole,Pending,23.238644870695328,77.41814723774004,1,2,0.22142923263093706,422,1,1
1233,Waste,Cancelled,23.24238821880609,77.42111102529269,3,0,0.21237065479019682,478,0,0
1234,Waste,Pending,23.23803766893772,77.41816262697704,3,2,0.12605183722636526,478,1,1
1235,Water Supply,Pending,23.23907119147538,77.41916526637279,4,2,0.2903796164764884,158,1,2
1236,Pothole,Completed,23.240924121786502,77.41940982017152,1,1,0.2900858576327197,422,0,1
1237,Streetlight,Cancelled,23.24156678101856,77.4219516334387,2,0,0.2794049653180588,319,0,0
1238,Waste,Pending,23.23949692222791,77.42183690888788,3,2,0.30362012604838706,478,1,1
1239,Streetlight,Pending,23.238804979610617,77.4175085652471,2,2,0.1606670114058102,319,1,1
1240,Water Supply,Cancelled,23.242844739723395,77.420109868222,4,0,0.13890717918628284,158,0,1
1241,Streetlight,Pending,23.243477799327593,77.4185808402905,2,2,0.1349421607333876,319,1,1
1242,Waste,Pending,23.241957716101563,77.41748299017866,3,2,0.16439778037679284,478,1,1
1243,Streetlight,Completed,23.24017063628513,77.41956596589915,2,1,0.6523859583798949,319,0,0
1244,Drainage,Completed,23.238383468556716,77.41938303442309,0,1,0.1979482576132087,223,0,0
1245,Pothole,Completed,23.238339111186885,77.4248534329727,1,1,0.0675520832147031,422,0,0
1246,Drainage,Cancelled,23.24104502821053,77.42086591965072,0,0,0.34363820432729203,223,0,1
1247,Streetlight,Completed,23.240836796441776,77.4172447649985,2,1,0.23387384190160618,319,0,0
1248,Drainage,Pending,23.242803197185893,77.41887045199167,0,2,0.14487787788975715,223,1,0
1249,Streetlight,Cancelled,23.24130090018507,77.42204276659086,2,0,0.20759249640203953,319,0,0
1250,Waste,Pending,23.23699383939648,77.42417688554575,3,2,0.07074675428028103,478,1,1
1251,Pothole,Pending,23.242103895235445,77.41682803337552,1,2,0.12865677726516572,422,1,1
1252,Waste,Pending,23.23800387874537,77.41624015122973,3,2,0.06961127666528384,478,1,1
1253,Water Supply,Pending,23.239232057456093,77.42374193035074,4,2,0.07023477661918544,158,1,2
1254,Drainage,Pending,23.2405004004125,77.42077922835475,0,2,0.18469344630064563,223,1,1
1255,Streetlight,Pending,23.243991334979565,77.41826341453626,2,2,0.1116675413516,319,1,1
1256,Pothole,Completed,23.246219837112008,77.42106925817225,1,1,0.026978482143724152,422,0,0
1257,Waste,Completed,23.24121344611827,77.41472850452197,3,1,0.06142392731591652,478,0,0
1258,Drainage,Pending,23.239633606762556,77.42000675101319,0,2,0.36730205753407685,223,1,1
1259,Pothole,Cancelled,23.24106901129696,77.4206556423457,1,0,0.37769010543128145,422,0,1
1260,Waste,Pending,23.241775310851747,77.42184854027907,3,2,0.24622925921834696,478,1,1
1261,Streetlight,Pending,23.239358664748885,77.41797220809542,2,2,0.20236289856766954,319,1,1
1262,Waste,Pending,23.243590422711826,77.4201713743228,3,2,0.15638874237387224,478,1,1
1263,Pothole,Pending,23.24046014151838,77.41814915074788,1,2,0.19506982938592196,422,1,1
1264,Pothole,Pending,23.240995486178186,77.42051076751135,1,2,0.32154217464305235,422,1,2
1265,Waste,Completed,23.241331848504107,77.41820930735527,3,1,0.1946568679133629,478,0,2
1266,Water Supply,Cancelled,23.240843173221226,77.41918379832168,4,0,0.29470771472593965,158,0,1
1267,Waste,Cancelled,23.24167788100094,77.41800836921043,3,0,0.17136969721265158,478,0,0
1268,Waste,Pending,23.238765493626904,77.42130227248364,3,2,0.15629344445004378,478,1,1
1269,Waste,Completed,23.238883396492103,77.42171690223331,3,1,0.20645988082781833,478,0,0
1270,Drainage,Pending,23.237799691534057,77.41953075886009,0,2,0.2427390640625869,223,1,1
1271,Pothole,Pending,23.24087900246124,77.42007647598992,1,2,0.2313163468225424,422,1,2
1272,Streetlight,Completed,23.24155787300702,77.41710281717073,2,1,0.12923061437315586,319,0,0
1273,Waste,Completed,23.240915545732303,77.41940064670399,3,1,0.2988309100793451,478,0,0
1274,Waste,Pending,23.243348984866692,77.41989959076592,3,2,0.14895697771583877,478,1,1
1275,Pothole,Completed,23.23998880796234,77.42524158618207,1,1,0.04357806577979521,422,0,0
1276,Drainage,Pending,23.241337483311185,77.41777606594846,0,2,0.21553050898245724,223,1,1
1277,Drainage,Completed,23.23781659824772,77.4229283544775,0,1,0.10501218056125171,223,0,0
1278,Waste,Pending,23.23922580059505,77.42199371754694,3,2,0.37840825169992515,478,1,1
1279,Pothole,Cancelled,23.24139107551513,77.42056127280898,1,0,0.39783752561297187,422,0,1
1280,Water Supply,Pending,23.241698204221485,77.4235172409684,4,2,0.11005970227817297,158,1,2
1281,Pothole,Pending,23.23941206610467,77.42074421094522,1,2,0.28036710920156843,422,1,2
1282,Drainage,Pending,23.239856801496284,77.42077831839134,0,2,0.23460645323334756,223,1,1
1283,Waste,Pending,23.23696425250664,77.41989375869397,3,2,0.17011721318777456,478,1,1
1284,Water Supply,Pending,23.239285941598386,77.42244713776483,4,2,0.24777442806799027,158,1,0
1285,Drainage,Completed,23.24178076632704,77.42219293846762,0,1,0.22774002677542154,223,0,0
1286,Water Supply,Completed,23.241150410032212,77.41874864542501,4,1,0.270838376085115,158,0,1
1287,Streetlight,Cancelled,23.24100133144276,77.4173615056108,2,0,0.3005846897586266,319,0,0
1288,Pothole,Completed,23.24009954737436,77.41959403872521,1,1,0.6122274926721503,422,0,1
1289,Water Supply,Completed,23.240014126317256,77.4183999228712,4,1,0.2598017044814459,158,0,1
1290,Waste,Pending,23.23867935772105,77.41987295085077,3,2,0.15405369393388965,478,1,1
1291,Pothole,Completed,23.241397656840405,77.42247487626938,1,1,0.19883196140956688,422,0,0
1292,Streetlight,Pending,23.24084194588878,77.41908539668982,2,2,0.25037613553410876,319,1,1
1293,Drainage,Pending,23.240984037695984,77.41991435323737,0,2,0.24034327193517277,223,1,1
1294,Water Supply,Pending,23.238947930314666,77.42011604546961,4,2,0.2080877243776406,158,1,2
1295,Waste,Pending,23.235693314160255,77.42169686176442,3,2,0.05274688211266898,478,1,1
1296,Drainage,Pending,23.242194305423507,77.41550622133204,0,2,0.05731448410181818,223,1,1
1297,Streetlight,Cancelled,23.239042325087983,77.41878659941047,2,0,0.22867892462214007,319,0,0
1298,Waste,Pending,23.238274448471913,77.42042256738456,3,2,0.17653063740327585,478,1,1
1299,Pothole,Pending,23.241386957823828,77.42240015791286,1,2,0.22048342330171158,422,1,1
1300,Waste,Pending,23.23921597472016,77.41901619510499,3,2,0.3164235595813953,478,1,1
1301,Pothole,Pending,23.255908333965337,77.39107341260238,1,2,0.01482976446045259,422,1,0
1302,Water Supply,Pending,23.289730941234176,77.41685264501037,4,2,0.007573841425729011,158,1,2
1303,Streetlight,Pending,23.263443557096796,77.39371622132299,2,2,0.019924326117036522,319,1,1
1304,Streetlight,Completed,23.24916972915815,77.3993185837869,2,1,0.24931904328332674,319,0,0
1305,Water Supply,Completed,23.243106679554284,77.39572258801941,4,1,0.02128454820355,158,0,1
1306,Pothole,Completed,23.25093123205717,77.39357026679212,1,1,0.028407512543180632,422,0,0
1307,Drainage,Completed,23.25225199642557,77.43214265709364,0,1,0.022997143298568803,223,0,0
1308,Pothole,Completed,23.234022820663434,77.39974245405965,1,1,0.011608147991652532,422,0,0
1309,Drainage,Pending,23.252074451965605,77.43822742691187,0,2,0.024273970681760803,223,1,1
1310,Waste,Pending,23.257754311184353,77.44079559152071,3,2,0.013380008290249662,478,1,0
1311,Water Supply,Completed,23.27326426513433,77.41687562819622,4,1,0.017512609529822545,158,0,1
1312,Waste,Pending,23.269303769083297,77.39118006735994,3,2,0.015059087771108875,478,1,0
1313,Pothole,Pending,23.27242593931375,77.40507289460277,1,2,0.03415446394288949,422,1,1
1314,Drainage,Completed,23.230401820912608,77.43046393580089,0,1,0.012908807499619458,223,0,0
1315,Pothole,Completed,23.24296004397483,77.40464344372182,1,1,0.033005359389766654,422,0,0
1316,Streetlight,Pending,23.26960105730399,77.38782103309816,2,2,0.03694571372725363,319,1,1
1317,Pothole,Pending,23.258939362090786,77.41600709465568,1,2,0.37038016527439555,422,1,1
1318,Streetlight,Cancelled,23.230218808540094,77.43330725108976,2,0,0.010337398079996535,319,0,0
1319,Waste,Completed,23.278169678545908,77.4303555832286,3,1,0.018058057072231556,478,0,0
1320,Waste,Completed,23.27626857439742,77.39310738840781,3,1,0.02407631633489253,478,0,0
1321,Waste,Pending,23.262805149779613,77.42296587686475,3,2,0.013064365472452603,478,1,0
1322,Pothole,Completed,23.233887799546572,77.39583025580613,1,1,0.02551182136370647,422,0,0
1323,Waste,Cancelled,23.275890902971955,77.39569245207312,3,0,0.020644747535075954,478,0,0
1324,Pothole,Cancelled,23.26492281526388,77.43504430639831,1,0,0.030752020376704103,422,0,0
1325,Pothole,Pending,23.27681759862948,77.39758013716441,1,2,0.02075352708649008,422,1,1
1326,Waste,Completed,23.27500481954375,77.39839484079108,3,1,0.022861069671649626,478,0,0
1327,Streetlight,Pending,23.27808012431747,77.38263920344568,2,2,0.010902969827630825,319,1,1
1328,Drainage,Pending,23.260980483984277,77.43484014204753,0,2,0.016969940373180795,223,1,1
1329,Waste,Completed,23.238319471091607,77.43015568879255,3,1,0.01022377110124824,478,0,0
1330,Streetlight,Completed,23.27016944840278,77.42023973610544,2,1,0.008499390238494359,319,0,0
1331,Streetlight,Cancelled,23.267128427103117,77.42761594583632,2,0,0.11158398408293262,319,0,0
1332,Pothole,Pending,23.274435191231944,77.39172291404546,1,2,0.022149769702599548,422,1,1
1333,Streetlight,Completed,23.24009286036304,77.41009941567525,2,1,0.03267752285310196,319,0,0
1334,Pothole,Cancelled,23.241598511994013,77.40367316324092,1,0,0.02652778445008416,422,0,0
1335,Pothole,Cancelled,23.28332457103316,77.38822659157542,1,0,0.022731130463619548,422,0,0
1336,Waste,Pending,23.274898667907124,77.41176782911289,3,2,0.02107005769188731,478,1,0
1337,Streetlight,Pending,23.284393709322018,77.43784437902056,2,2,0.0038024932086151157,319,1,1
1338,Streetlight,Completed,23.275422919269833,77.38500354714304,2,1,0.009568606636545499,319,0,0
1339,Waste,Pending,23.265729318359416,77.40008765480962,3,2,0.03481189418480302,478,1,0
1340,Pothole,Cancelled,23.26914796422167,77.39505245617234,1,0,0.013852129716445864,422,0,0
1341,Water Supply,Cancelled,23.2832476754364,77.39688879921994,4,0,0.02297678878905168,158,0,1
1342,Pothole,Pending,23.264628405270717,77.43710607311276,1,2,0.017456466553541168,422,1,1
1343,Pothole,Pending,23.267843479459703,77.41068414325406,1,2,0.018283784263428325,422,1,1
1344,Water Supply,Pending,23.239288602960215,77.41057796477638,4,2,0.03402351451754477,158,1,2
1345,Streetlight,Cancelled,23.258335273206963,77.42823453854731,2,0,0.007943167575602282,319,0,0
1346,Streetlight,Pending,23.27288382671749,77.39186953224029,2,2,0.016828115096205645,319,1,1
1347,Drainage,Pending,23.246156561898975,77.411835921246,0,2,0.01882726192027417,223,1,1
1348,Drainage,Pending,23.24203525083147,77.40839911284726,0,2,0.026241660983041256,223,1,1
1349,Pothole,Completed,23.248729608493463,77.4184146414328,1,1,0.012890336117292378,422,0,0
1350,Pothole,Pending,23.24439003767957,77.44257346219503,1,2,0.006546103234955729,422,1,1
1351,Pothole,Pending,23.242794758222185,77.42876693364492,1,2,0.016807629797253285,422,1,1
1352,Water Supply,Cancelled,23.255391050572083,77.40647194218104,4,0,0.017388031618700613,158,0,1
1353,Streetlight,Cancelled,23.284370310833012,77.43225318313644,2,0,0.01842500828233531,319,0,0
1354,Waste,Completed,23.26032357880432,77.39284250179874,3,1,0.021835460666643144,478,0,0
1355,Drainage,Pending,23.241175222848916,77.38442782117853,0,2,0.011918157123596744,223,1,1
1356,Pothole,Pending,23.23451830016285,77.39486690234786,1,2,0.02362653101759031,422,1,1
1357,Waste,Completed,23.27166936870827,77.40302469336686,3,1,0.0393193030217969,478,0,0
1358,Pothole,Pending,23.25286792586618,77.41323484544758,1,2,0.029494102539536084,422,1,1
1359,Pothole,Cancelled,23.27920985679512,77.41950774843247,1,0,0.0716561436658694,422,0,0
1360,Drainage,Completed,23.26947064611845,77.43723634303286,0,1,0.033561490361056406,223,0,0
1361,Waste,Pending,23.27767448703248,77.41319124057303,3,2,0.011691826665271044,478,1,0
1362,Drainage,Cancelled,23.246216762365105,77.41267653867754,0,0,0.015407608056496283,223,0,0
1363,Streetlight,Cancelled,23.271441535347662,77.38561458058938,2,0,0.02020857764047475,319,0,0
1364,Waste,Pending,23.24574371908162,77.38469469315937,3,2,0.00982309592680156,478,1,0
1365,Water Supply,Completed,23.28624410876702,77.41566959771498,4,1,0.021725238978149805,158,0,1
1366,Pothole,Pending,23.268082456892,77.4088907167949,1,2,0.019807105927934634,422,1,1
1367,Waste,Pending,23.249370708010517,77.43295082369882,3,2,0.067830211048918,478,1,0
1368,Pothole,Pending,23.246070711737534,77.39224077508271,1,2,0.0175845181402676,422,1,1
1369,Drainage,Pending,23.241355595104295,77.38409829972701,0,2,0.011645645123067889,223,1,1
1370,Pothole,Cancelled,23.27157845753362,77.40954232607581,1,0,0.024926570347609634,422,0,0
1371,Waste,Pending,23.243022936779873,77.39684871340513,3,2,0.02291529701952673,478,1,0
1372,Waste,Pending,23.265618195955646,77.38557686240033,3,2,0.029853447161957206,478,1,0
1373,Waste,Completed,23.245778101615517,77.42607589721085,3,1,0.012235793404293836,478,0,0
1374,Drainage,Pending,23.26961813668763,77.38929557999744,0,2,0.029801091749668183,223,1,1
1375,Pothole,Completed,23.278796383712432,77.41909917000046,1,1,0.056347380055037276,422,0,0
1376,Waste,Pending,23.27658151458868,77.39946298501,3,2,0.017406039900097186,478,1,0
1377,Waste,Pending,23.275551079855845,77.3930097630213,3,2,0.029231316377580197,478,1,0
1378,Pothole,Pending,23.241163344341533,77.40538509137515,1,2,0.03162836449585758,422,1,1
1379,Water Supply,Completed,23.235203096819067,77.43068674657337,4,1,0.013471872233234426,158,0,1
1380,Pothole,Pending,23.27183692970924,77.40612561461427,1,2,0.030900049186988403,422,1,1
1381,Water Supply,Completed,23.252000832827655,77.42764617895266,4,1,0.008805612846414217,158,0,1
1382,Pothole,Pending,23.2558407735842,77.39012917780795,1,2,0.014599568701001552,422,1,1
1383,Waste,Pending,23.2317689455676,77.4289662851799,3,2,0.012998311625556378,478,1,0
1384,Drainage,Pending,23.2454745869565,77.3968159994944,0,2,0.03711585992133668,223,1,1
1385,Pothole,Cancelled,23.231920584232466,77.42324358779334,1,0,0.017594214843325948,422,0,0
1386,Streetlight,Cancelled,23.282651146356073,77.41654689329046,2,0,0.02220539375367469,319,0,0
1387,Water Supply,Pending,23.244503800993108,77.4383486830327,4,2,0.01980007002741785,158,1,2
1388,Waste,Pending,23.26334023017438,77.40583935107851,3,2,0.024715370351950393,478,1,0
1389,Waste,Pending,23.232238759239664,77.38656991133006,3,2,0.007345731773261219,478,1,0
1390,Streetlight,Completed,23.26991084347834,77.38374932913307,2,1,0.018351862083425558,319,0,0
1391,Waste,Pending,23.249281640745245,77.43221151365836,3,2,0.0791570793885059,478,1,0
1392,Waste,Cancelled,23.28377515121746,77.41408413825968,3,0,0.01735906914353297,478,0,0
1393,Waste,Cancelled,23.283187091336043,77.4291146431101,3,0,0.018296442377641282,478,0,0
1394,Waste,Pending,23.2494174371017,77.39666553600068,3,2,0.2777610775912602,478,1,1
1395,Drainage,Pending,23.283957653741428,77.4033050247308,0,2,0.005247913698047379,223,1,1
1396,Waste,Completed,23.289669460409925,77.38440623233268,3,1,0.008353880245980699,478,0,0
1397,Pothole,Completed,23.27942493984743,77.44028953947445,1,1,0.017735658631172702,422,0,0
1398,Streetlight,Pending,23.280592280865314,77.42267207440204,2,2,0.02083352700202371,319,1,1
1399,Pothole,Pending,23.244840524166545,77.43859230526556,1,2,0.022695266164771095,422,1,1
1400,Waste,Pending,23.264502143931463,77.39852978444574,3,2,0.02013885773647215,478,1,0
1401,Drainage,Pending,23.23393535483804,77.41928781667353,0,2,0.02652091250537723,223,1,1
1402,Waste,Pending,23.235595076209297,77.42330999809755,3,2,0.053126418521869986,478,1,1
1403,Drainage,Pending,23.289833556722,77.40165298201545,0,2,0.006828941655146836,223,1,2
1404,Drainage,Completed,23.249498354965553,77.43348655410094,0,1,0.04581340630955476,223,0,0
1405,Pothole,Pending,23.27479103472293,77.43942968777401,1,2,0.018526815190532852,422,1,1
1406,Pothole,Pending,23.27829990318161,77.43569130706176,1,2,0.01610915170739018,422,1,1
1407,Pothole,Pending,23.281381396260432,77.42694401855636,1,2,0.021809188113484774,422,1,1
1408,Pothole,Completed,23.289757697844127,77.39924788078349,1,1,0.010566030571138516,422,0,0
1409,Drainage,Completed,23.24438978911541,77.39949696252633,0,1,0.08572968930737068,223,0,0
1410,Drainage,Pending,23.232321049611578,77.44040161922676,0,2,0.00939022737925631,223,1,1
1411,Pothole,Completed,23.254571491079673,77.38321706975614,1,1,0.0007750128082216596,422,0,0
1412,Streetlight,Cancelled,23.237704840189735,77.42556299839453,2,0,0.05079669093039902,319,0,0
1413,Water Supply,Pending,23.23124555334972,77.42497476975332,4,2,0.01358838248810811,158,1,2
1414,Water Supply,Pending,23.251525609628487,77.41996137245698,4,2,0.011518037186395743,158,1,2
1415,Pothole,Pending,23.27692429506451,77.44200653076521,1,2,0.013752698326762522,422,1,1
1416,Pothole,Pending,23.2638708414735,77.40131276614582,1,2,0.02703207462289401,422,1,1
1417,Waste,Pending,23.24866667935262,77.40299831182759,3,2,0.12509790257615652,478,1,0
1418,Water Supply,Cancelled,23.26916052032956,77.38733636417679,4,0,0.03892512414015419,158,0,1
1419,Waste,Completed,23.243821090818525,77.40916788819263,3,1,0.026832463983615173,478,0,0
1420,Streetlight,Completed,23.23076288676432,77.3982629115741,2,1,0.008025653688434768,319,0,0
1421,Waste,Cancelled,23.275761203186185,77.40320320213065,3,0,0.012060195835694924,478,0,0
1422,Waste,Pending,23.26732458509184,77.43267430741534,3,2,0.17054422815024015,478,1,1
1423,Pothole,Pending,23.275638157470055,77.43872907081165,1,2,0.028456218867373265,422,1,0
1424,Water Supply,Completed,23.232236281001256,77.39374398432031,4,1,0.015130382001128175,158,0,1
1425,Waste,Completed,23.280127177669836,77.4049505358932,3,1,0.006628888979940195,478,0,0
1426,Streetlight,Pending,23.267071572002177,77.43831783372693,2,2,0.018279176274861687,319,1,1
1427,Waste,Pending,23.263703721042756,77.38630850764135,3,2,0.028495364337229965,478,1,0
1428,Waste,Completed,23.267376842886872,77.38814163168668,3,1,0.03654226184767895,478,0,0
1429,Pothole,Completed,23.2817659948121,77.39236745935237,1,1,0.037114635443390366,422,0,0
1430,Pothole,Completed,23.265116190393535,77.4183127700476,1,1,0.018986951964911552,422,0,0
1431,Waste,Pending,23.26475702279329,77.39162833626035,3,2,0.014387595350844965,478,1,0
1432,Pothole,Pending,23.289340749423943,77.44068458288704,1,2,0.0,422,1,1
1433,Waste,Pending,23.275303810024113,77.4094028716355,3,2,0.01823187748470212,478,1,0
1434,Pothole,Pending,23.256437628327067,77.412691077621,1,2,0.15084329959512582,422,1,1
1435,Water Supply,Cancelled,23.272343820001975,77.39739951694833,4,0,0.012485856965700657,158,0,1
1436,Water Supply,Completed,23.253253828301503,77.41085761514609,4,1,0.021001263002484696,158,0,2
1437,Pothole,Pending,23.243632527749007,77.42231481795822,1,2,0.1045044978245192,422,1,1
1438,Streetlight,Completed,23.265711112613264,77.42767062821724,2,1,0.04941488735863807,319,0,0
1439,Water Supply,Completed,23.285590925886837,77.42783208496259,4,1,0.01784206289448093,158,0,1
1440,Waste,Pending,23.285648371200928,77.41727346676164,3,2,0.027553811372608396,478,1,0
1441,Drainage,Completed,23.250414316686328,77.43686158649963,0,1,0.018436086267163615,223,0,0
1442,Water Supply,Completed,23.2615606479733,77.43164447083836,4,1,0.018614853307727032,158,0,1
1443,Waste,Completed,23.24259815391419,77.42802288688192,3,1,0.020362268858904357,478,0,0
1444,Waste,Pending,23.289637866569933,77.38593633130083,3,2,0.007636499182296629,478,1,0
1445,Water Supply,Completed,23.288767074472077,77.38301267773318,4,1,0.0072257683725456155,158,0,1
1446,Pothole,Completed,23.268870535782444,77.39534683663173,1,1,0.012492549662274754,422,0,0
1447,Waste,Pending,23.278164843580647,77.42241141563481,3,2,0.02425367439358392,478,1,0
1448,Waste,Pending,23.27280600967702,77.40727184933294,3,2,0.03003497353288682,478,1,0
1449,Pothole,Completed,23.265489493142365,77.40674437555796,1,1,0.029609505993330634,422,0,0
1450,Streetlight,Pending,23.233100879819332,77.43567521329378,2,2,0.00744144252690371,319,1,1
1451,Streetlight,Completed,23.257185860553157,77.43633377088791,2,1,0.02258886008101691,319,0,0
1452,Water Supply,Completed,23.270387178130044,77.43715051584321,4,1,0.03499727362442981,158,0,1
1453,Waste,Pending,23.27055189683302,77.4014326845909,3,2,0.023345983207709694,478,1,0
1454,Pothole,Pending,23.25228735710534,77.42406334876435,1,2,0.011592811311011204,422,1,1
1455,Pothole,Completed,23.28640151919948,77.39889799087646,1,1,0.013684020632132936,422,0,2
1456,Pothole,Pending,23.239941421934205,77.39403658998447,1,2,0.025373327977270856,422,1,1
1457,Waste,Pending,23.25992156677293,77.39367794744084,3,2,0.022922430439608742,478,1,0
1458,Water Supply,Completed,23.27135303859305,77.40312645725182,4,1,0.03769188188716464,158,0,1
1459,Drainage,Completed,23.271728148353507,77.40839745718678,0,1,0.03662589188374605,223,0,0
1460,Pothole,Cancelled,23.268818337406127,77.4324569502633,1,0,0.2933143515633146,422,0,1
1461,Streetlight,Completed,23.24641729280711,77.38979346560836,2,1,0.01096851604740397,319,0,0
1462,Waste,Pending,23.23927239412119,77.42669555084369,3,2,0.0395458422081253,478,1,0
1463,Pothole,Cancelled,23.2680564196096,77.41448729485136,1,0,0.016962051259493082,422,0,0
1464,Streetlight,Completed,23.265858126968364,77.39987672056056,2,1,0.03238378365476079,319,0,0
1465,Pothole,Pending,23.240661360617352,77.41216917507197,1,2,0.02682434896523686,422,1,1
1466,Water Supply,Pending,23.27220834873423,77.40059652418662,4,2,0.02079666547635746,158,1,1
1467,Streetlight,Completed,23.25721031950402,77.41836491731429,2,1,0.04441408060609399,319,0,0
1468,Pothole,Pending,23.269965635496188,77.40863063537131,1,2,0.027125689690975372,422,1,1
1469,Drainage,Completed,23.28014202478621,77.39246433174473,0,1,0.03271268741283466,223,0,0
1470,Waste,Pending,23.240083705714618,77.38959498447333,3,2,0.017385218405478506,478,1,0
1471,Pothole,Pending,23.231048692079806,77.41540174092432,1,2,0.006536567984430923,422,1,1
1472,Pothole,Completed,23.276646155183744,77.43674478199716,1,1,0.0249207514922743,422,0,0
1473,Pothole,Pending,23.266481845509155,77.40323746119346,1,2,0.01541603754463733,422,1,1
1474,Drainage,Pending,23.271878374177327,77.42658000643335,0,2,0.13095632062288384,223,1,1
1475,Pothole,Completed,23.280189298499316,77.42211968129638,1,1,0.02713025208461895,422,0,0
1476,Drainage,Pending,23.27806865608947,77.43849329485857,0,2,0.03288222990503458,223,1,1
1477,Streetlight,Completed,23.28755520881573,77.43185886103795,2,1,0.03147268194524021,319,0,0
1478,Pothole,Completed,23.262056104731126,77.41659631553432,1,1,0.0868760838942034,422,0,0
1479,Drainage,Completed,23.25920973795959,77.42202182989405,0,1,0.010078046690591053,223,0,0
1480,Waste,Pending,23.25401323199344,77.43650318799504,3,2,0.021879286873536092,478,1,0
1481,Waste,Pending,23.23912146257065,77.40657112707521,3,2,0.016096126603951606,478,1,0
1482,Pothole,Completed,23.26425643397292,77.40220768235146,1,1,0.025637838085748575,422,0,0
1483,Waste,Cancelled,23.246520751459556,77.38324866501812,3,0,0.006518099448822142,478,0,0
1484,Waste,Completed,23.28517845073278,77.43219306445148,3,1,0.02212596843676358,478,0,2
1485,Streetlight,Completed,23.264891448256623,77.4306588420242,2,1,0.06586642091021278,319,0,0
1486,Pothole,Pending,23.265470410830485,77.388867271086,1,2,0.022387794521841704,422,1,1
1487,Pothole,Completed,23.25119547965262,77.41721144286797,1,1,0.01697107757492661,422,0,0
1488,Water Supply,Completed,23.23301936111866,77.41043890189002,4,1,0.009777202128995154,158,0,1
1489,Streetlight,Pending,23.231804625922376,77.38972254573055,2,2,0.007955685746478976,319,1,1
1490,Drainage,Pending,23.25530010864919,77.44143409362364,0,2,0.010462704552628108,223,1,1
1491,Waste,Cancelled,23.234973922685832,77.3954817532478,3,0,0.023079661746328133,478,0,0
1492,Streetlight,Pending,23.266310817332407,77.38663405080543,2,2,0.037262003382211986,319,1,1
1493,Drainage,Pending,23.28275838033838,77.41829084277012,0,2,0.016075201379264596,223,1,1
1494,Streetlight,Pending,23.282874888991124,77.42693200062799,2,2,0.023931691499110837,319,1,1
1495,Streetlight,Cancelled,23.269442724607934,77.38454660676283,2,0,0.02394664299753022,319,0,0
1496,Pothole,Completed,23.242573909888375,77.42212305832362,1,1,0.13509441390888582,422,0,0
1497,Waste,Completed,23.28167980988153,77.41453751255709,3,1,0.015099705785541399,478,0,0
1498,Pothole,Cancelled,23.283065606118793,77.3887959005325,1,0,0.020030157742922505,422,0,0
1499,Pothole,Pending,23.241699215097174,77.39295143261678,1,2,0.03105961512841696,422,1,1
1500,Drainage,Completed,23.27414556514624,77.41667845783897,0,1,0.018883842226612633,223,0,0
1501,Waste,Pending,23.247091172935622,77.40038145681079,3,2,0.1387590453419282,478,1,1
1502,Water Supply,Pending,23.278058418741175,77.43889894371908,4,2,0.03285322959991039,158,1,2
1503,Water Supply,Completed,23.289734273994217,77.43172441376905,4,1,0.02254067362258467,158,0,1
1504,Waste,Completed,23.23170156031976,77.44161403239082,3,1,0.006294887680278399,478,0,0
1505,Pothole,Pending,23.283741951947455,77.39818025033702,1,2,0.021094015947165822,422,1,1
1506,Drainage,Pending,23.26725783201592,77.44078341796788,0,2,0.010970930679005952,223,1,1
1507,Water Supply,Completed,23.288302957149888,77.40847403218748,4,1,0.003472065901024931,158,0,1
1508,Pothole,Pending,23.257800571051582,77.40345112771882,1,2,0.015347200678475484,422,1,1
1509,Pothole,Pending,23.280743275834283,77.38562097161815,1,2,0.02064816777786656,422,1,1
1510,Pothole,Pending,23.233643644115897,77.38576591547157,1,2,0.008055388022672276,422,1,1
1511,Streetlight,Pending,23.250016743004696,77.4241206753568,2,2,0.013877886976313628,319,1,1
1512,Waste,Completed,23.23392099226507,77.41007573966604,3,1,0.011771039031074225,478,0,0
1513,Streetlight,Pending,23.288420588008744,77.39619129756217,2,2,0.008373254775916885,319,1,1
1514,Waste,Pending,23.27891843443631,77.41943821837951,3,2,0.06949115402145865,478,1,1
1515,Waste,Pending,23.28105284527476,77.397771487095,3,2,0.017764134109523377,478,1,0
1516,Pothole,Completed,23.286177913886032,77.41725790526067,1,1,0.02396645443304275,422,0,2
1517,Pothole,Pending,23.235006209167185,77.40415252481895,1,2,0.0187880014957299,422,1,1
1518,Pothole,Pending,23.2530358555508,77.43201313359671,1,2,0.016397834731746424,422,1,1
1519,Pothole,Pending,23.234162093342636,77.431841769646,1,2,0.013624458984590743,422,1,1
1520,Pothole,Completed,23.242547586093,77.41124102388734,1,1,0.0252077030996235,422,0,0
1521,Waste,Pending,23.243661946622257,77.4036491465601,3,2,0.029242896383794594,478,1,0
1522,Pothole,Completed,23.25804643266285,77.40435358779354,1,1,0.020163487838889892,422,0,0
1523,Water Supply,Cancelled,23.246013730047217,77.4309428715401,4,0,0.013492442142816934,158,0,1
1524,Pothole,Completed,23.235958686409063,77.40229076896786,1,1,0.017662494194682778,422,0,0
1525,Pothole,Completed,23.23994946534564,77.3951435624224,1,1,0.02119958577999947,422,0,0
1526,Streetlight,Completed,23.238736533813125,77.38768130051251,2,1,0.014441458445296755,319,0,0
1527,Water Supply,Pending,23.288284607874736,77.41060158725307,4,2,0.005828316108792965,158,1,2
1528,Waste,Cancelled,23.27545755041511,77.41152792593519,3,0,0.02188339289009067,478,0,0
1529,Streetlight,Pending,23.287965687916177,77.43305452262418,2,2,0.029737208205944502,319,1,1
1530,Streetlight,Pending,23.256284429190472,77.39587432178676,2,2,0.02090882670662323,319,1,1
1531,Streetlight,Completed,23.24660210889976,77.4054594764201,2,1,0.06721428473131312,319,0,0
1532,Waste,Pending,23.27779759183255,77.43110434433362,3,2,0.01973421568743418,478,1,0
1533,Streetlight,Completed,23.249475235082468,77.43201741664494,2,1,0.06929649654220314,319,0,0
1534,Waste,Pending,23.247863002422317,77.40567666455873,3,2,0.05338649913755448,478,1,0
1535,Streetlight,Completed,23.243850359532463,77.4101474413972,2,1,0.02909874201446763,319,0,0
1536,Streetlight,Completed,23.237680738693452,77.40079715345095,2,1,0.01055128462103357,319,0,0
1537,Waste,Pending,23.245287783661,77.43855329270515,3,2,0.02248828580211725,478,1,0
1538,Drainage,Pending,23.251219184908432,77.3897186259445,0,2,0.007238244527420321,223,1,1
1539,Waste,Pending,23.270339652488744,77.43862496538009,3,2,0.021867640633192995,478,1,0
1540,Drainage,Completed,23.23365389053317,77.42363198711011,0,1,0.02524876389170924,223,0,0
1541,Pothole,Completed,23.24253041637992,77.4144943291612,1,1,0.038286409839897305,422,0,0
1542,Waste,Pending,23.2784414184175,77.38455954364707,3,2,0.01745944513953111,478,1,0
1543,Waste,Completed,23.238715315415025,77.41113577150932,3,1,0.027132855564841116,478,0,0
1544,Water Supply,Pending,23.25045870879135,77.40706488630016,4,2,0.028604939040332514,158,1,2
1545,Waste,Cancelled,23.28177953531149,77.3922731287185,3,0,0.036345351260028795,478,0,0
1546,Waste,Pending,23.239195518668605,77.42198457621004,3,2,0.36912693208924774,478,1,1
1547,Pothole,Completed,23.23486421013709,77.44086905444209,1,1,0.005437549886464714,422,0,0
1548,Streetlight,Pending,23.2589722797048,77.41633132866387,2,2,0.3096894450015153,319,1,1
1549,Pothole,Pending,23.24804517067671,77.42548519658664,1,2,0.01285161919021669,422,1,1
1550,Waste,Pending,23.26370450186903,77.38670702715396,3,2,0.029298987671007394,478,1,0
1551,Waste,Completed,23.27812829342901,77.40766001974902,3,1,0.009036062407034657,478,0,0
1552,Waste,Pending,23.238128909289163,77.38958150910986,3,2,0.013358168263485206,478,1,0
1553,Waste,Cancelled,23.264741945073258,77.41936775013218,3,0,0.015740181086530126,478,0,0
1554,Pothole,Completed,23.26023052562339,77.43890892949285,1,1,0.01216504557785001,422,0,0
1555,Streetlight,Completed,23.23854472716079,77.42230666394829,2,1,0.12856295209859733,319,0,0
1556,Waste,Pending,23.26733990913174,77.38720818289886,3,2,0.040245317779670664,478,1,0
1557,Pothole,Completed,23.24631842507164,77.40387997229911,1,1,0.04093163956434735,422,0,0
1558,Pothole,Pending,23.25917005911264,77.41563980276645,1,2,0.24956537906773527,422,1,1
1559,Water Supply,Completed,23.23483633945662,77.406792465368,4,1,0.015172043355324946,158,0,1
1560,Water Supply,Cancelled,23.257475043432816,77.4326186406285,4,0,0.010399039564206382,158,0,1
1561,Drainage,Cancelled,23.24828780808257,77.4314802602826,0,0,0.03708254065209272,223,0,0
1562,Waste,Pending,23.27924287267112,77.41930986120619,3,2,0.06885646727590342,478,1,0
1563,Waste,Completed,23.23331872361984,77.40500747670796,3,1,0.013900623712000595,478,0,0
1564,Pothole,Completed,23.255016436495097,77.39792018242579,1,1,0.046866459013722654,422,0,0
1565,Waste,Pending,23.257405885447884,77.38895245909278,3,2,0.011209744273655849,478,1,0
1566,Pothole,Completed,23.273400364577945,77.4038938610092,1,1,0.028839528411814162,422,0,0
1567,Drainage,Pending,23.264357254505413,77.40739035103246,0,2,0.05149505083556518,223,1,1
1568,Drainage,Pending,23.26993274023165,77.42314937550624,0,2,0.024108770637373177,223,1,1
1569,Drainage,Pending,23.276522957139104,77.42208958945785,0,2,0.019849048186159072,223,1,1
1570,Pothole,Pending,23.28163217841949,77.38680648837847,1,2,0.027065042679504867,422,1,1
1571,Streetlight,Pending,23.248732529803345,77.40631555892587,2,2,0.04033411170791938,319,1,1
1572,Pothole,Completed,23.262181362321833,77.39350673203303,1,1,0.026172685225833103,422,0,0
1573,Waste,Completed,23.28030648470635,77.39200876231901,3,1,0.03214472198844856,478,0,0
1574,Streetlight,Pending,23.289267067857903,77.43223812898424,2,2,0.02903261979936749,319,1,1
1575,Waste,Pending,23.283271158662625,77.38511491300297,3,2,0.016774108098625454,478,1,0
1576,Pothole,Pending,23.25218803575746,77.40775097255413,1,2,0.021035003741138255,422,1,1
1577,Pothole,Completed,23.241609991033116,77.39269221934599,1,1,0.030233732145604927,422,0,2
1578,Streetlight,Completed,23.259263552244395,77.4353598129407,2,1,0.020127835901803556,319,0,0
1579,Drainage,Pending,23.27439848711016,77.4160224307965,0,2,0.019283532589315432,223,1,1
1580,Pothole,Completed,23.259454144245197,77.3964828381826,1,1,0.012840373506600838,422,0,0
1581,Drainage,Pending,23.258890851798817,77.41274563722997,0,2,0.8217200886633149,223,1,2
1582,Waste,Completed,23.280193825264902,77.42648918158218,3,1,0.01659951751111239,478,0,0
1583,Pothole,Completed,23.25158422674403,77.44008708053516,1,1,0.016717601476730643,422,0,0
1584,Streetlight,Completed,23.2814876804887,77.39582676025472,2,1,0.019169459574353537,319,0,0
1585,Streetlight,Completed,23.2543082880571,77.43577090632776,2,1,0.02022569716155223,319,0,0
1586,Water Supply,Pending,23.2495939863407,77.43865824685005,4,2,0.017933109107926552,158,1,2
1587,Waste,Completed,23.25713939467198,77.43758523267192,3,1,0.0188242870889015,478,0,0
1588,Streetlight,Completed,23.275646817520492,77.42072486141171,2,1,0.016820111415000748,319,0,0
1589,Streetlight,Pending,23.237460121671837,77.42038923926609,2,2,0.17072651522372229,319,1,1
1590,Water Supply,Pending,23.24168515295232,77.40679263799103,4,2,0.028341317610389567,158,1,2
1591,Waste,Pending,23.286986689539784,77.42774387293822,3,2,0.012749148142792861,478,1,0
1592,Drainage,Cancelled,23.24042949764288,77.41447764110106,0,0,0.04549442807374164,223,0,0
1593,Streetlight,Completed,23.26396363907586,77.4232462842737,2,1,0.013225997905015347,319,0,0
1594,Waste,Pending,23.264658867999714,77.40830747423092,3,2,0.05970314130890722,478,1,1
1595,Pothole,Pending,23.259277467723013,77.42648978784258,1,2,0.008309167728272896,422,1,1
1596,Pothole,Completed,23.268584714914606,77.43206829105627,1,1,0.1836810291473648,422,0,0
1597,Streetlight,Completed,23.243689603547853,77.39138617539616,2,1,0.01944923753025365,319,0,0
1598,Drainage,Pending,23.2630597360666,77.43257578293445,0,2,0.030785850622209333,223,1,1
1599,Streetlight,Pending,23.25223039531481,77.41501779190742,2,2,0.02259868847717098,319,1,1
1600,Streetlight,Completed,23.26960003557775,77.43327995454541,2,1,0.1783744800382859,319,0,0
