ID,Category,Status,Latitude,Longitude,category_encoded,status_encoded,density_score,category_frequency,is_pending,priority_label,cluster_id
1,Pothole,Completed,23.26089342830602,77.40941114468241,1,1,0.2141693226987905,422,0,0,0
2,Pothole,Pending,23.259623471397656,77.4114012499541,1,2,0.4154261343750585,422,1,2,0
3,Water Supply,Pending,23.2611953770762,77.41261048739943,4,2,0.2287271008905097,158,1,2,0
4,Waste,Pending,23.262946059712817,77.41269396118753,3,2,0.2558398490621182,478,1,1,0
5,Drainage,Pending,23.25943169325055,77.41169986905705,0,2,0.2975810516419667,223,1,2,0
6,Pothole,Pending,23.2594317260861,77.4138456998647,1,2,0.224904925960067,422,1,2,0
7,Pothole,Completed,23.263058425631012,77.41046475914123,1,1,0.1183232636210052,422,0,0,0
8,Pothole,Pending,23.261434869458306,77.41231524102996,1,2,0.4736843561716155,422,1,2,0
9,Streetlight,Pending,23.258961051228127,77.41284059126342,2,2,0.567880895068106,319,1,1,0
10,Pothole,Completed,23.26098512008717,77.41362887766812,1,1,0.2761030265660468,422,0,1,0
11,Waste,Pending,23.258973164614375,77.41402322975618,3,2,0.2351757764206611,478,1,2,0
12,Waste,Cancelled,23.25896854049286,77.41035071581632,3,0,0.2213956164323134,478,0,0,0
13,Waste,Completed,23.26038392454313,77.40953177165852,3,1,0.1488640796138908,478,0,0,0
14,Water Supply,Completed,23.256073439510683,77.4151553536438,4,1,0.0965188954024197,158,0,1,0
15,Water Supply,Pending,23.25645016433497,77.41326462802395,4,2,0.1620182710453012,158,1,2,0
16,Pothole,Completed,23.258775424941515,77.41110302692688,1,1,0.2055999049256415,422,0,1,0
17,Streetlight,Completed,23.25787433775933,77.41570230395104,2,1,0.1108322536433359,319,0,0,0
18,Pothole,Completed,23.260528494665188,77.41283134926859,1,1,0.3436772529275375,422,0,1,0
19,Streetlight,Pending,23.258083951848956,77.41495859436813,2,2,0.113123315169527,319,1,1,0
20,Drainage,Completed,23.25707539259733,77.41273503696281,0,1,0.2129118102102544,223,0,0,0
21,Water Supply,Completed,23.26283129753784,77.41672149584976,4,1,0.0522565225870957,158,0,1,0
22,Pothole,Completed,23.259448447399024,77.41611068168488,1,1,0.2185846693712122,422,0,0,0
23,Drainage,Completed,23.260035056409375,77.41210207170305,0,1,0.5055704177050169,223,0,1,0
24,Waste,Pending,23.25705050362757,77.4145431419019,3,2,0.1193607732202915,478,1,1,0
25,Water Supply,Completed,23.258811234550947,77.41389075189917,4,1,0.3286863934037841,158,0,1,0
26,Waste,Pending,23.26012184517942,77.41533726311506,3,2,0.1756064175205348,478,1,1,0
27,Streetlight,Completed,23.25759801284515,77.41067015307884,2,1,0.1704944702414564,319,0,0,0
28,Streetlight,Pending,23.26065139603669,77.41397210292,2,2,0.5201385295033322,319,1,1,0
29,Streetlight,Completed,23.25869872262016,77.4147168489737,2,1,0.4209971970750367,319,0,0,0
30,Waste,Pending,23.259316612500413,77.40908252102714,3,2,0.1417388922832314,478,1,0,0
31,Water Supply,Completed,23.25869658677554,77.41023348297466,4,1,0.2904438706336009,158,0,1,0
32,Waste,Pending,23.263604556369017,77.40852153564448,3,2,0.0718403243986303,478,1,1,0
33,Streetlight,Completed,23.25987300555052,77.41206118633112,2,1,0.3900476226631537,319,0,0,0
34,Waste,Completed,23.25778457814209,77.4140350845116,3,1,0.1943856578595865,478,0,0,0
35,Pothole,Pending,23.261545089824203,77.41560471410419,1,2,0.1297889745434834,422,1,1,0
36,Pothole,Pending,23.257458312700056,77.41274818956084,1,2,0.258958598424978,422,1,2,0
37,Pothole,Pending,23.260317727190007,77.41585723109114,1,2,0.2042594381299536,422,1,1,0
38,Waste,Completed,23.25598065975224,77.40983979708356,3,1,0.059898824255232,478,0,0,0
39,Waste,Pending,23.2572436279022,77.4091932351213,3,2,0.0879856434070879,478,1,1,0
40,Pothole,Completed,23.260293722471737,77.4124889046022,1,1,0.5157796605916112,422,0,1,0
41,Drainage,Pending,23.26137693315999,77.41336813089788,0,2,0.3835455836345657,223,1,2,0
42,Drainage,Completed,23.26024273656238,77.41253461050381,0,1,0.5674258984539045,223,0,1,0
43,Waste,Completed,23.25966870343522,77.40846511579991,3,1,0.0915939131698292,478,0,0,0
44,Pothole,Completed,23.25929779260882,77.41242175992097,1,1,0.2446263868804229,422,0,1,0
45,Waste,Completed,23.256942956019262,77.40999106099899,3,1,0.0828712144080716,478,0,0,0
46,Waste,Pending,23.25846031158321,77.41393934509766,3,2,0.3298989257818165,478,1,1,0
47,Streetlight,Pending,23.25897872245808,77.41333319649219,2,2,0.2480058837311663,319,1,1,0
48,Streetlight,Pending,23.26201424445244,77.41072024042734,2,2,0.2003449798206815,319,1,1,0
49,Waste,Pending,23.260587236579138,77.41157226616532,3,2,0.8887499333109018,478,1,1,0
50,Waste,Pending,23.25637391968927,77.41048157295621,3,2,0.0926408520033539,478,1,1,0
51,Waste,Pending,23.260548167938783,77.41247464180545,3,2,0.3734631403441306,478,1,1,0
52,Drainage,Pending,23.259129835439165,77.414510284641,0,2,0.2598298163012598,223,1,2,0
53,Water Supply,Cancelled,23.258546155999387,77.41062854790732,4,0,0.2168201056822994,158,0,1,0
54,Waste,Completed,23.26112335257768,77.41360809303103,3,1,0.2760332309250496,478,0,0,0
55,Waste,Completed,23.26196199904499,77.41153948476325,3,1,0.2475390200042471,478,0,0,0
56,Drainage,Completed,23.261762560238232,77.41101425433547,0,1,0.2630523951163273,223,0,0,0
57,Water Supply,Pending,23.25822156495355,77.41238593928009,4,2,0.2320822182454125,158,1,2,0
58,Pothole,Completed,23.259281575248295,77.41052951535517,1,1,0.1710359030715109,422,0,1,0
59,Waste,Pending,23.26056252686281,77.4114927013893,3,2,0.7362938917542727,478,1,2,0
60,Waste,Completed,23.261851090254243,77.41020424421482,3,1,0.2005149821940432,478,0,0,0
61,Streetlight,Pending,23.258941651524307,77.41652945026583,2,2,0.2281942758429691,319,1,1,0
62,Pothole,Cancelled,23.25952868204667,77.41267052710394,1,0,0.3075319056734457,422,0,1,0
63,Waste,Pending,23.257687330051983,77.41120054898401,3,2,0.197002151269601,478,1,1,0
64,Streetlight,Pending,23.25750758675184,77.41302795982146,2,2,0.289296093932917,319,1,1,0
65,Waste,Cancelled,23.261525051644785,77.41237534390062,3,0,0.3995001676365147,478,0,0,0
66,Drainage,Pending,23.26261248005714,77.41215806080093,0,2,0.1572211245905077,223,1,1,0
67,Pothole,Completed,23.259755979756836,77.41382833340009,1,1,0.279206908919013,422,0,1,0
68,Waste,Completed,23.261907065795786,77.4141150154201,3,1,0.1984329990259095,478,0,0,0
69,Streetlight,Completed,23.260623272050093,77.41153899770478,2,1,1.0,319,0,0,0
70,Pothole,Cancelled,23.25860976049079,77.4114483635187,1,0,0.2533013857496979,422,0,1,0
71,Water Supply,Cancelled,23.260622791211016,77.4120498966057,4,0,0.3773354365855391,158,0,1,0
72,Pothole,Pending,23.26297607313293,77.40799615767052,1,2,0.0512457805468054,422,1,1,0
73,Waste,Completed,23.25982834792178,77.4095696178756,3,1,0.2280948788358742,478,0,1,0
74,Streetlight,Completed,23.263029287311625,77.41533374853489,2,1,0.0733387698922762,319,0,0,0
75,Waste,Completed,23.25466050979182,77.415889935427,3,1,0.0328007226331963,478,0,0,0
76,Water Supply,Pending,23.26154380500875,77.41210192792089,4,2,0.2650219698239973,158,1,2,0
77,Pothole,Completed,23.26007409413647,77.4137531139261,1,1,0.3291506969128909,422,0,1,0
78,Pothole,Cancelled,23.259301985299068,77.41322250030909,1,0,0.2685271092161437,422,0,1,0
79,Waste,Cancelled,23.26008352155307,77.4187577616169,3,0,0.0365464778299774,478,0,0,0
80,Pothole,Completed,23.255924862170797,77.41483914982287,1,1,0.1098653853468116,422,0,0,0
81,Drainage,Pending,23.259460656224324,77.41234416481704,0,2,0.3042095047236123,223,1,2,0
82,Drainage,Pending,23.260614225143023,77.4106889191188,0,2,0.3937086326933066,223,1,2,0
83,Waste,Completed,23.26285578808948,77.40938710735948,3,1,0.0871588772913079,478,0,0,0
84,Waste,Completed,23.25886345956345,77.41300692727174,3,1,0.2901153391008121,478,0,0,0
85,Drainage,Pending,23.258283012794212,77.41108729850943,0,2,0.2339345361602738,223,1,2,0
86,Water Supply,Pending,23.258896485912828,77.4097554925808,4,2,0.2027785143466058,158,1,2,0
87,Waste,Pending,23.2617308042354,77.41130685423151,3,2,0.283381667116998,478,1,1,0
88,Pothole,Completed,23.260557502219317,77.41043690399277,1,1,0.3213199306441279,422,0,1,0
89,Pothole,Cancelled,23.258840479592465,77.41597428327015,1,0,0.440223853170212,422,0,1,0
90,Drainage,Completed,23.260926534866226,77.41436327951389,0,1,0.1812759855495333,223,0,1,0
91,Waste,Pending,23.260094155098695,77.41258405471737,3,2,0.3489928983900536,478,1,1,0
92,Waste,Pending,23.261837289981063,77.41555988827778,3,2,0.1592377494589358,478,1,1,0
93,Drainage,Pending,23.25849589381224,77.4127547366153,0,2,0.4485774703576625,223,1,2,0
94,Waste,Cancelled,23.259244675706803,77.41087743159734,3,0,0.2168485813531142,478,0,0,0
95,Pothole,Pending,23.259115783693733,77.41564624815453,1,2,0.2779295905637743,422,1,1,0
96,Pothole,Completed,23.256972970103735,77.41367782008737,1,1,0.3069937502252607,422,0,0,0
97,Pothole,Pending,23.26049224055413,77.41052550769135,1,2,0.3906405757052834,422,1,2,0
98,Pothole,Completed,23.26042211054436,77.41221932264384,1,1,0.3793599219282957,422,0,1,0
99,Pothole,Completed,23.259910226913284,77.41084876349323,1,1,0.405558059649341,422,0,0,0
100,Waste,Completed,23.259430825733247,77.40983440053807,3,1,0.3185985131880084,478,0,0,0
101,Streetlight,Pending,23.257069258515894,77.41445235509507,2,2,0.1324279907620735,319,1,2,0
102,Drainage,Pending,23.259058709354463,77.41641883328094,0,2,0.2591718950787314,223,1,1,0
103,Drainage,Pending,23.259214570966943,77.40980286485235,0,2,0.2987508119449534,223,1,2,0
104,Waste,Completed,23.258295445461556,77.41372593847338,3,1,0.4467037078905126,478,0,0,0
105,Waste,Pending,23.259577428576662,77.41129871486176,3,2,0.3921102253175619,478,1,1,0
106,Waste,Pending,23.26070810171363,77.41162574923247,3,2,0.67017165080845,478,1,1,0
107,Pothole,Completed,23.263672371802414,77.41141521215152,1,1,0.1222161254643736,422,0,0,0
108,Pothole,Completed,23.26024915562566,77.41087201846064,1,1,0.2704075322881752,422,0,1,0
109,Streetlight,Completed,23.260415100781444,77.41269704325589,2,1,0.529204203813655,319,0,0,0
110,Waste,Pending,23.259751108168462,77.41093809976718,3,2,0.3476984710656794,478,1,1,0
111,Waste,Pending,23.2560624575694,77.41314091365156,3,2,0.158836299942927,478,1,1,0
112,Pothole,Completed,23.2598469722491,77.4124995237811,1,1,0.3174174580976809,422,0,1,0
113,Streetlight,Completed,23.26002046041988,77.41212210390627,2,1,0.5184839083688247,319,0,0,0
114,Waste,Pending,23.26482648422497,77.41078487267592,3,2,0.0915774113527558,478,1,1,0
115,Streetlight,Completed,23.259515278070435,77.41144645733885,2,1,0.3762415671973794,319,0,0,0
116,Waste,Completed,23.260503094684665,77.41411078245164,3,1,0.5692525823840799,478,0,0,0
117,Drainage,Completed,23.259830576460587,77.41360183437524,0,1,0.3878964478266828,223,0,1,0
118,Drainage,Pending,23.25756264392476,77.4106448895104,0,2,0.1648892520948039,223,1,1,0
119,Waste,Pending,23.262185645629028,77.41279866461086,3,2,0.3021379426580548,478,1,1,0
120,Waste,Pending,23.261403866065372,77.41410277424674,3,2,0.185856919580723,478,1,1,0
121,Pothole,Pending,23.26148206389409,77.40926118943776,1,2,0.1788848285254302,422,1,1,0
122,Waste,Cancelled,23.258081225090407,77.41368672038476,3,0,0.3047581725619981,478,0,0,0
123,Streetlight,Completed,23.26270558862187,77.4112747524821,2,1,0.1052276619640472,319,0,0,0
124,Drainage,Completed,23.257096297874412,77.41374119733719,0,1,0.2735592629601371,223,0,0,0
125,Streetlight,Pending,23.2610737141876,77.41107348168691,2,2,0.3810032007035848,319,1,1,0
126,Drainage,Completed,23.264280911251618,77.40899023579867,0,1,0.0680086405886726,223,0,0,0
127,Pothole,Completed,23.25791892734974,77.40934491512424,1,1,0.1496342955980146,422,0,0,0
128,Waste,Pending,23.25876740454079,77.41269616989332,3,2,0.4624993222190032,478,1,1,0
129,Streetlight,Completed,23.260099302730172,77.41311944500345,2,1,0.5029092397792478,319,0,0,0
130,Pothole,Pending,23.258893048691768,77.41079136674979,1,2,0.2048473610289153,422,1,2,0
131,Streetlight,Completed,23.256798673137865,77.41387718491755,2,1,0.2149094817865773,319,0,0,0
132,Waste,Pending,23.26003712594961,77.40927695987546,3,2,0.1645280059531484,478,1,1,0
133,Waste,Pending,23.257775392572547,77.4124678404027,3,2,0.2301782718626636,478,1,1,0
134,Water Supply,Pending,23.26084718486127,77.41017796760048,4,2,0.2468720354606048,158,1,2,0
135,Waste,Pending,23.258061151531532,77.4112963277844,3,2,0.2827279373837937,478,1,1,0
136,Water Supply,Pending,23.26299986881003,77.41269479734262,4,2,0.234108557757677,158,1,2,0
137,Water Supply,Completed,23.258333493415325,77.41087917326944,4,1,0.2213218527201388,158,0,1,0
138,Drainage,Completed,23.259255876967583,77.41183088891154,0,1,0.2712041594215433,223,0,1,0
139,Streetlight,Pending,23.26152703443474,77.41461258561843,2,2,0.2764747811833126,319,1,1,0
140,Streetlight,Pending,23.257438271367132,77.41144621626096,2,2,0.1583641179349743,319,1,1,0
141,Drainage,Pending,23.260354919869208,77.41427138422412,0,2,0.3756973000197936,223,1,2,0
142,Waste,Completed,23.26251428550856,77.41034058629069,3,1,0.1772279506948593,478,0,0,0
143,Pothole,Pending,23.256685033530875,77.41365960835583,1,2,0.2137324246328304,422,1,1,0
144,Streetlight,Pending,23.260269267717064,77.41548313724131,2,2,0.2139720147070428,319,1,1,0
145,Pothole,Completed,23.260419765588495,77.40765671099975,1,1,0.0566495365273402,422,0,0,0
146,Pothole,Pending,23.261463645743554,77.41100620948906,1,2,0.2953117770758273,422,1,0,0
147,Pothole,Pending,23.257426098578243,77.41375414425436,1,2,0.2464231904341024,422,1,2,0
148,Streetlight,Completed,23.25725908677383,77.41219390922791,2,1,0.1937232553494553,319,0,0,0
149,Drainage,Completed,23.260943883131233,77.41334229174674,0,1,0.2623127010546305,223,0,1,0
150,Waste,Pending,23.260493969346463,77.41139202962657,3,2,0.4878824748448924,478,1,1,0
151,Water Supply,Completed,23.26040098570069,77.41277317957494,4,1,0.5171273570070842,158,0,1,0
152,Streetlight,Completed,23.26059289641899,77.41228864552922,2,1,0.4634159328914528,319,0,0,0
153,Drainage,Pending,23.25853995055684,77.41493556412331,0,2,0.2211790186905978,223,1,2,0
154,Streetlight,Pending,23.26036450739432,77.4131088416866,2,2,0.285380348347504,319,1,1,0
155,Drainage,Pending,23.260486144946597,77.41327520532415,0,2,0.2263082095103634,223,1,2,0
156,Waste,Pending,23.258471297163947,77.41177624606776,3,2,0.4399234691560532,478,1,1,0
157,Drainage,Completed,23.26363154902229,77.41162478755186,0,1,0.1490733410792142,223,0,0,0
158,Waste,Completed,23.260847665841823,77.41173488362436,3,1,0.5167957817453425,478,0,0,0
159,Drainage,Cancelled,23.257517393005593,77.41338890428476,0,0,0.3685491568474699,223,0,1,0
160,Water Supply,Completed,23.261213107217262,77.41175803103836,4,1,0.2642814101867607,158,0,1,0
161,Waste,Pending,23.257950636659544,77.41317954971379,3,2,0.2487190433896804,478,1,1,0
162,Waste,Pending,23.26147416920748,77.41675080159729,3,2,0.1001129408232544,478,1,1,0
163,Drainage,Completed,23.262217191158012,77.41434224940686,0,1,0.2054561931147186,223,0,0,0
164,Waste,Pending,23.258258635363298,77.41194795293566,3,2,0.5471430714616349,478,1,1,0
165,Drainage,Completed,23.26182675225849,77.41500242784433,0,1,0.226724836184538,223,0,0,0
166,Waste,Completed,23.26072556185387,77.41178384925395,3,1,0.4765022072912907,478,0,0,0
167,Waste,Completed,23.261544120319986,77.40852375092965,3,1,0.1195806304818657,478,0,0,0
168,Water Supply,Completed,23.263693585965303,77.41058382737816,4,1,0.1256694862430261,158,0,1,0
169,Streetlight,Pending,23.259409223767992,77.40885841615794,2,2,0.1311555151992465,319,1,1,0
170,Drainage,Completed,23.258392527671283,77.41189697303192,0,1,0.5959306652840203,223,0,1,0
171,Pothole,Completed,23.258120971140748,77.41263683675838,1,1,0.2415215471895,422,0,1,0
172,Streetlight,Pending,23.258268379430067,77.41595287462455,2,2,0.1783874804624314,319,1,0,0
173,Streetlight,Completed,23.25974579658117,77.41325385474752,2,1,0.2492781105511233,319,0,0,0
174,Streetlight,Pending,23.260582303949633,77.41216179894238,2,2,0.446202629136693,319,1,1,0
175,Streetlight,Cancelled,23.26045338159866,77.41425881116237,2,0,0.5118391244991979,319,0,1,0
176,Streetlight,Pending,23.26155436649807,77.40817772938198,2,2,0.0914946409462784,319,1,1,0
177,Pothole,Completed,23.25992600378375,77.41307122911621,1,1,0.4857281728046727,422,0,1,0
178,Waste,Pending,23.262807068154313,77.41414173038777,3,2,0.1534707368012046,478,1,1,0
179,Drainage,Completed,23.25937068633352,77.40964282750843,0,1,0.2867061716460373,223,0,0,0
180,Waste,Pending,23.26534033833318,77.41488750808641,3,2,0.0317106085994751,478,1,0,0
181,Streetlight,Pending,23.26115133469553,77.41327699281499,2,2,0.2920042197359235,319,1,1,0
182,Waste,Pending,23.258185684887167,77.41176942417219,3,2,0.3556590904380365,478,1,1,0
183,Streetlight,Cancelled,23.257758215003875,77.41386556373222,2,0,0.227409257464782,319,0,0,0
184,Streetlight,Pending,23.260864944830484,77.41714138571561,2,2,0.0665294730304441,319,1,1,0
185,Waste,Pending,23.259453074429345,77.41296373251012,3,2,0.4572424360368333,478,1,1,0
186,Waste,Completed,23.261328000988183,77.4130964411726,3,1,0.2951691958111896,478,0,0,0
187,Waste,Pending,23.260846475249146,77.41168127820092,3,2,0.5476961104475394,478,1,1,0
188,Streetlight,Cancelled,23.259754342174684,77.41090031126107,2,0,0.3746891363637577,319,0,1,0
189,Drainage,Pending,23.25820641256386,77.41426067163309,0,2,0.1904530191048467,223,1,2,0
190,Waste,Completed,23.256870305550628,77.41088783234818,3,1,0.1201949791402715,478,0,0,0
191,Streetlight,Pending,23.259006970095864,77.41274313247443,2,2,0.6809058675214598,319,1,1,0
192,Pothole,Pending,23.261612797588644,77.41164468510647,1,2,0.2357126539627008,422,1,2,0
193,Pothole,Completed,23.26032818748826,77.41355795965148,1,1,0.237983745458742,422,0,1,0
194,Water Supply,Completed,23.257408522442574,77.41326732421057,4,1,0.3658082355232164,158,0,1,0
195,Pothole,Completed,23.2602463618517,77.41467507988851,1,1,0.3582221388083059,422,0,1,0
196,Pothole,Pending,23.260670634759457,77.41157996720229,1,2,0.8985538521157449,422,1,2,0
197,Waste,Pending,23.25813228512759,77.41206025012941,3,2,0.3066220776281336,478,1,1,0
198,Waste,Pending,23.26020745021189,77.41064247256843,3,2,0.3056959901764859,478,1,1,0
199,Waste,Cancelled,23.26001641743689,77.41171141347985,3,0,0.2451195412772957,478,0,1,0
200,Waste,Pending,23.257614059404336,77.41335460098608,3,2,0.3178019478266303,478,1,1,0
201,Streetlight,Pending,23.260615574720696,77.41411397723328,2,2,0.5421489647277411,319,1,1,0
202,Pothole,Pending,23.261021569052733,77.41075566935164,1,2,0.233060837969146,422,1,2,0
203,Pothole,Completed,23.262066102486347,77.41433921184021,1,1,0.268750688787032,422,0,0,0
204,Waste,Pending,23.262007604104067,77.41531127571761,3,2,0.171752697322258,478,1,1,0
205,Waste,Cancelled,23.25714466126409,77.41342686980644,3,0,0.2455387821759355,478,0,0,0
206,Streetlight,Pending,23.258024349920166,77.41635359162511,2,2,0.1377923184299691,319,1,2,0
207,Water Supply,Completed,23.260930070534418,77.4110524216018,4,1,0.3898863847436049,158,0,1,0
208,Waste,Pending,23.260927571901824,77.41011069059337,3,2,0.24786145065062,478,1,1,0
209,Drainage,Completed,23.26093009537261,77.40904255950218,0,1,0.1982137150566849,223,0,0,0
210,Streetlight,Cancelled,23.267605462981308,77.41559208862297,2,0,0.0183779243165838,319,0,0,-1
211,Streetlight,Pending,23.261041781021383,77.4139087313127,2,2,0.2267833025432369,319,1,1,0
212,Pothole,Cancelled,23.26217113128036,77.41248883065818,1,0,0.3706818205761104,422,0,1,0
213,Waste,Pending,23.261808003526983,77.41315993725264,3,2,0.2255803300665738,478,1,1,0
214,Waste,Cancelled,23.26120278250261,77.4103490219054,3,0,0.2476222155664935,478,0,0,0
215,Streetlight,Completed,23.25926946151072,77.41749150395923,2,1,0.0736433541774527,319,0,0,0
216,Pothole,Pending,23.261417938440985,77.41285844236396,1,2,0.2563618853347045,422,1,2,0
217,Water Supply,Pending,23.25835434957092,77.41281878958921,4,2,0.3843374316196119,158,1,2,0
218,Pothole,Pending,23.259426362786517,77.4140515332478,1,2,0.1898524930125916,422,1,2,0
219,Waste,Pending,23.25892927290434,77.41356201846347,3,2,0.3532847503388934,478,1,1,0
220,Streetlight,Pending,23.26006374827877,77.41304776804856,2,2,0.5264972468231651,319,1,1,0
221,Waste,Pending,23.264529317133345,77.41101905108911,3,2,0.1022726872480516,478,1,1,0
222,Pothole,Completed,23.256165469614817,77.41354293671426,1,1,0.1602322714524029,422,0,0,0
223,Streetlight,Completed,23.261272520380743,77.41636404899295,2,1,0.1046801778328809,319,0,0,0
224,Water Supply,Pending,23.25667456825762,77.41529084009231,4,2,0.1024619934301555,158,1,2,0
225,Drainage,Pending,23.25895613626842,77.41578637325328,0,2,0.3354150788931117,223,1,1,0
226,Streetlight,Completed,23.262077901193933,77.41157756864713,2,1,0.2157087301944031,319,0,0,0
227,Streetlight,Pending,23.26002856003819,77.41062079035947,2,2,0.3200878835090516,319,1,1,0
228,Water Supply,Pending,23.25774451044414,77.4123484261598,4,2,0.2453920070601584,158,1,2,0
229,Waste,Pending,23.25846939258148,77.41271144982457,3,2,0.497020756052823,478,1,1,0
230,Waste,Cancelled,23.261259195497868,77.41478838303694,3,0,0.2248556756636227,478,0,0,0
231,Waste,Completed,23.258439266736563,77.40921507074057,3,1,0.2977349608602204,478,0,0,0
232,Waste,Pending,23.260332917179163,77.41565910063892,3,2,0.2430885613275045,478,1,1,0
233,Streetlight,Completed,23.259991143679805,77.41228398420284,2,1,0.3555651681356082,319,0,0,0
234,Streetlight,Completed,23.258596799304787,77.4117462378601,2,1,0.3294601401334217,319,0,0,0
235,Streetlight,Completed,23.26418788817865,77.41057579124947,2,1,0.1373411702583097,319,0,0,0
236,Waste,Completed,23.261167838044635,77.40929028665627,3,1,0.278753919638769,478,0,0,0
237,Streetlight,Completed,23.255849714826685,77.41424634116792,2,1,0.1144801109681624,319,0,0,0
238,Pothole,Pending,23.26027290862954,77.41274663593437,1,2,0.4248745597048716,422,1,1,0
239,Streetlight,Pending,23.258576427070462,77.41002007820052,2,2,0.2651043756733592,319,1,1,0
240,Streetlight,Completed,23.26160486666959,77.41000984245586,2,1,0.1699510963863961,319,0,0,0
241,Pothole,Completed,23.258314958523133,77.41192843060142,1,1,0.5576287215603074,422,0,1,0
242,Waste,Pending,23.259670527117063,77.41593804305057,3,2,0.2201653942193538,478,1,1,0
243,Waste,Completed,23.26090997455796,77.41208081729727,3,1,0.2529881227814264,478,0,0,0
244,Drainage,Cancelled,23.261631510388337,77.40959371409376,0,0,0.1581709932289242,223,0,1,0
245,Water Supply,Pending,23.25749940718589,77.41210851387183,4,2,0.2582603774716242,158,1,1,0
246,Streetlight,Completed,23.259230997528316,77.4120545528605,2,1,0.2380285392904025,319,0,0,0
247,Waste,Completed,23.258950109377675,77.40720622671411,3,1,0.0555834174161011,478,0,0,0
248,Pothole,Cancelled,23.25859334153485,77.41249141026697,1,0,0.3307256695955489,422,0,1,0
249,Streetlight,Cancelled,23.26343090848056,77.41213813093958,2,0,0.1328626158464921,319,0,0,0
250,Drainage,Completed,23.26070996342192,77.41399241272963,0,1,0.4522542674361233,223,0,1,0
251,Waste,Pending,23.257378232091327,77.41629791218989,3,2,0.0904839388156415,478,1,1,0
252,Waste,Completed,23.26173572389411,77.41485313005909,3,1,0.2941564310570371,478,0,0,0
253,Streetlight,Pending,23.264144312394023,77.41206222261889,2,2,0.1114487949509643,319,1,1,0
254,Pothole,Completed,23.2619649305211,77.41038694818252,1,1,0.2355449634030671,422,0,0,0
255,Waste,Cancelled,23.25686126006809,77.4177467196065,3,0,0.0518878906214745,478,0,0,0
256,Waste,Pending,23.258931531854262,77.41271843686803,3,2,0.9257614522930128,478,1,1,0
257,Pothole,Completed,23.262433822298373,77.41262785858382,1,1,0.4339105526883105,422,0,1,0
258,Drainage,Pending,23.25848466106876,77.41255174982578,0,2,0.3916669415394844,223,1,2,0
259,Water Supply,Completed,23.26078763885629,77.41299616952153,4,1,0.254220016817012,158,0,1,0
260,Streetlight,Pending,23.26144926810686,77.41231127917615,2,2,0.4783422851000612,319,1,1,0
261,Pothole,Completed,23.25804613905684,77.41145267598624,1,1,0.3301141054900648,422,0,1,0
262,Waste,Cancelled,23.259780949287876,77.41150628211751,3,0,0.2866583097933896,478,0,1,0
263,Pothole,Cancelled,23.25341746531986,77.41253449345956,1,0,0.0310903666000521,422,0,0,1
264,Pothole,Pending,23.257851224717328,77.41151315045774,1,2,0.2424265619393565,422,1,2,0
265,Streetlight,Completed,23.259394863697217,77.41117430843464,2,1,0.2674490744805127,319,0,0,0
266,Pothole,Completed,23.25740443363607,77.41281286045538,1,1,0.299117001697041,422,0,1,0
267,Waste,Pending,23.263164822607862,77.41209004556515,3,2,0.1480631223992443,478,1,1,0
268,Waste,Pending,23.257039717244076,77.41560798597716,3,2,0.090161124179274,478,1,1,0
269,Pothole,Pending,23.25901991102661,77.40729806038321,1,2,0.0601553435874979,422,1,1,0
270,Waste,Cancelled,23.26016148115457,77.41478301370384,3,0,0.4174919820697639,478,0,0,0
271,Waste,Completed,23.26278254657813,77.415092170385,3,1,0.0940013335675903,478,0,0,0
272,Water Supply,Completed,23.25702827569764,77.40845321953518,4,1,0.0546830045415346,158,0,1,0
273,Pothole,Pending,23.262226327504308,77.41191462481184,1,2,0.1664392860006673,422,1,2,0
274,Pothole,Completed,23.259920466122036,77.411857118268,1,1,0.3266556684861624,422,0,1,0
275,Drainage,Pending,23.257936982697903,77.40978497661057,0,2,0.1475638715359289,223,1,1,0
276,Water Supply,Pending,23.260824206948524,77.41104436662482,4,2,0.3020724249970289,158,1,2,0
277,Streetlight,Completed,23.260298119391145,77.41037884830907,2,1,0.2677200039071616,319,0,0,0
278,Drainage,Pending,23.25869956624568,77.41610454088685,0,2,0.3731005801129801,223,1,1,0
279,Pothole,Completed,23.26003960416998,77.4144713567863,1,1,0.2319755599492112,422,0,1,0
280,Pothole,Pending,23.25912937280627,77.41514311018999,1,2,0.1675833162095751,422,1,2,0
281,Pothole,Completed,23.260127034690505,77.41404334412809,1,1,0.296871648694231,422,0,1,0
282,Streetlight,Completed,23.26122426134904,77.41034189645757,2,1,0.2386866356685547,319,0,0,0
283,Streetlight,Completed,23.263072033632287,77.41155095946743,2,1,0.1346922223146703,319,0,0,0
284,Pothole,Pending,23.257424369002344,77.41357874912245,1,2,0.3081910458009319,422,1,2,0
285,Waste,Pending,23.26416606674931,77.41015574438221,3,2,0.112426489687135,478,1,1,0
286,Streetlight,Cancelled,23.25599582440095,77.41402599686035,2,0,0.1271501117723049,319,0,2,0
287,Waste,Pending,23.25959642980993,77.41211934920368,3,2,0.2575469351056939,478,1,1,0
288,Streetlight,Completed,23.26107663441297,77.4118503583849,2,1,0.308535741578238,319,0,0,0
289,Streetlight,Cancelled,23.260461983735468,77.4140219199364,2,0,0.4340013838207005,319,0,1,0
290,Streetlight,Pending,23.25865460096036,77.41348852662297,2,2,0.2261592042223786,319,1,1,0
291,Drainage,Pending,23.25948375549928,77.41187806766835,0,2,0.3079851671900977,223,1,1,0
292,Drainage,Completed,23.25891399813068,77.41491865960673,0,1,0.28187453202255,223,0,0,0
293,Pothole,Cancelled,23.25872127048611,77.4104378733448,1,0,0.2720447852507639,422,0,1,0
294,Streetlight,Cancelled,23.26159920419404,77.41383187121389,2,0,0.175334976454591,319,0,1,0
295,Streetlight,Completed,23.26061403097193,77.41378620251594,2,1,0.2979758494189624,319,0,0,0
296,Waste,Completed,23.25851418080948,77.41198090712138,3,1,0.3786057270160912,478,0,0,0
297,Waste,Pending,23.261699199750865,77.41325226604448,3,2,0.3290398758672925,478,1,1,0
298,Waste,Cancelled,23.260514599041752,77.41009777284722,3,0,0.2581691579752605,478,0,0,0
299,Pothole,Cancelled,23.261525724237675,77.41444805403842,1,0,0.2477570215363509,422,0,1,0
300,Streetlight,Pending,23.261159257683847,77.4122301957271,2,2,0.2403579110933456,319,1,1,0
301,Drainage,Pending,23.25824200997815,77.41155455395896,0,2,0.2931360507361281,223,1,2,0
302,Waste,Pending,23.25877963791961,77.41469801845167,3,2,0.5206168921210361,478,1,1,0
303,Waste,Pending,23.261394587210244,77.41119131261891,3,2,0.2841532964142923,478,1,1,0
304,Water Supply,Completed,23.261120740530867,77.40978307740727,4,1,0.1664949764877143,158,0,1,0
305,Waste,Pending,23.25985819681207,77.40948674165296,3,2,0.2217479439920337,478,1,1,0
306,Pothole,Pending,23.260134654766617,77.4138120199027,1,2,0.3365471835403495,422,1,2,0
307,Streetlight,Pending,23.262455329791575,77.410039141295,2,2,0.1683316099393448,319,1,1,0
308,Pothole,Cancelled,23.258716857222325,77.41610958836397,1,0,0.3920041285001587,422,0,1,0
309,Waste,Completed,23.26099419476234,77.40843614118423,3,1,0.1148432311467612,478,0,0,0
310,Waste,Pending,23.25949561469513,77.41599291273658,3,2,0.2437952932506413,478,1,1,0
311,Waste,Pending,23.259464637593545,77.4130220349344,3,2,0.446492472974779,478,1,1,0
312,Streetlight,Cancelled,23.262097553703978,77.41240657377625,2,0,0.2916955892563155,319,0,1,0
313,Pothole,Completed,23.261550832697974,77.41151016182639,1,1,0.264459936665051,422,0,1,0
314,Waste,Pending,23.261527019272,77.4133982722287,3,2,0.3601679527245711,478,1,1,0
315,Streetlight,Pending,23.262510957614307,77.41252473059515,2,2,0.3131992112885428,319,1,1,0
316,Drainage,Pending,23.259942007683264,77.41480660376403,0,2,0.2613791786739463,223,1,2,0
317,Waste,Pending,23.261263905942588,77.41282845529732,3,2,0.2812345102496528,478,1,1,0
318,Pothole,Completed,23.259279466486813,77.41290060352293,1,1,0.3831071725541227,422,0,1,0
319,Streetlight,Cancelled,23.260548332704975,77.41187277557557,2,0,0.3136004900210571,319,0,1,0
320,Waste,Pending,23.259639713891264,77.41248610875256,3,2,0.3724665919408014,478,1,1,0
321,Pothole,Completed,23.260093991929985,77.41321560353778,1,1,0.4443077676765476,422,0,1,0
322,Streetlight,Completed,23.261090314050872,77.40917966321469,2,1,0.2907714513671908,319,0,0,0
323,Drainage,Completed,23.25826355863353,77.40990362915579,0,1,0.1906966832058465,223,0,0,0
324,Drainage,Completed,23.264084774551367,77.41408652818804,0,1,0.0786543883471527,223,0,0,0
325,Streetlight,Pending,23.257887965237,77.41294173087626,2,2,0.2236693166895378,319,1,1,0
326,Streetlight,Pending,23.25747162277442,77.41223203332729,2,2,0.2984464913118576,319,1,1,0
327,Pothole,Completed,23.262216221747,77.41263686786613,1,1,0.4413734772635581,422,0,1,0
328,Streetlight,Pending,23.261483325387925,77.41329516341072,2,2,0.4318777637362901,319,1,1,0
329,Pothole,Pending,23.261148239634103,77.41152048063938,1,2,0.2874940436734424,422,1,2,0
330,Waste,Pending,23.261156691018527,77.4110433905492,3,2,0.3389688684625109,478,1,1,0
331,Streetlight,Cancelled,23.259875506454303,77.4129916905102,2,0,0.3652203253161687,319,0,1,0
332,Streetlight,Completed,23.258105491257027,77.41064325444476,2,1,0.1701337010994701,319,0,0,0
333,Pothole,Completed,23.260051609116385,77.41341650551142,1,1,0.2911507637223374,422,0,2,0
334,Water Supply,Completed,23.258545676576976,77.40919483279153,4,1,0.2917455731865863,158,0,1,0
335,Waste,Completed,23.261850239466835,77.41465831127465,3,1,0.3011347092653407,478,0,1,0
336,Pothole,Completed,23.259605885236994,77.41354519496483,1,1,0.2681296035177198,422,0,1,0
337,Waste,Completed,23.258249005606412,77.41311205946863,3,1,0.2639177381734744,478,0,0,0
338,Drainage,Pending,23.25925722831669,77.41456538196789,0,2,0.231657257535212,223,1,2,0
339,Streetlight,Completed,23.26072586290855,77.41593094888893,2,1,0.1318520923746521,319,0,0,0
340,Pothole,Completed,23.258772550894392,77.41462874013003,1,1,0.4329571350039683,422,0,1,0
341,Streetlight,Completed,23.258255559208862,77.40891825153733,2,1,0.1613323397985153,319,0,0,0
342,Pothole,Pending,23.260387374422983,77.41004084606652,1,2,0.2157978344176874,422,1,2,0
343,Drainage,Pending,23.260389933142218,77.4113503628446,0,2,0.3683212500954538,223,1,2,0
344,Pothole,Pending,23.258886113649258,77.41265218210042,1,2,0.6850794256927146,422,1,2,0
345,Pothole,Completed,23.258957923388763,77.41363531804093,1,1,0.3438860592688177,422,0,1,0
346,Water Supply,Pending,23.26036409987471,77.41114851237369,4,2,0.2770914755592117,158,1,2,0
347,Waste,Pending,23.257003831317004,77.41297353352896,3,2,0.2061917459701958,478,1,1,0
348,Waste,Completed,23.257085072451247,77.41108923413529,3,1,0.1434181615908222,478,0,1,0
349,Streetlight,Pending,23.258463111557493,77.41137696439401,2,2,0.2576243241176111,319,1,1,0
350,Water Supply,Completed,23.259473105696575,77.4097866778063,4,1,0.3346844925980947,158,0,1,0
351,Pothole,Pending,23.260521815131195,77.41075353350777,1,2,0.39854939608209,422,1,2,0
352,Waste,Cancelled,23.2628507124339,77.40989663078877,3,0,0.1411908901375604,478,0,0,0
353,Pothole,Completed,23.261615319246403,77.41064825349405,1,1,0.1845543065710264,422,0,1,0
354,Pothole,Completed,23.259580122940072,77.41470728359322,1,1,0.1721474226064805,422,0,1,0
355,Waste,Pending,23.259861967584193,77.41070120222233,3,2,0.3709432859802486,478,1,1,0
356,Streetlight,Completed,23.257894941270724,77.41786476412967,2,1,0.0554141594108771,319,0,0,0
357,Water Supply,Pending,23.259862973728012,77.41358663580176,4,2,0.3772647533807512,158,1,2,0
358,Pothole,Pending,23.259322682722157,77.41296967224739,1,2,0.500360281165056,422,1,2,0
359,Pothole,Pending,23.260545437120676,77.41088328443963,1,2,0.3202665959332647,422,1,2,0
360,Pothole,Completed,23.258245538112895,77.41400061975881,1,1,0.3296911296461184,422,0,1,0
361,Waste,Pending,23.26093869302848,77.41144872434752,3,2,0.3782119067215101,478,1,1,0
362,Drainage,Pending,23.262965477826004,77.41284401962929,0,2,0.2104583782453065,223,1,1,0
363,Pothole,Pending,23.259682479703084,77.41772016907653,1,2,0.0634335435835825,422,1,1,0
364,Pothole,Completed,23.260703423444195,77.41240788020055,1,1,0.32421194966224,422,0,1,0
365,Streetlight,Completed,23.26128028798342,77.41489854665257,2,1,0.206429035159956,319,0,0,0
366,Pothole,Completed,23.259097559056222,77.41119364714974,1,1,0.2106437503452102,422,0,1,0
367,Streetlight,Completed,23.260348184963615,77.412530023019,2,1,0.550641958130833,319,0,0,0
368,Waste,Pending,23.259925184801563,77.41614160127126,3,2,0.1714085454950986,478,1,1,0
369,Drainage,Completed,23.260095352197094,77.41134606588442,0,1,0.2232851589869075,223,0,1,0
370,Water Supply,Completed,23.25835398043229,77.416224897116,4,1,0.2180906257394562,158,0,1,0
371,Streetlight,Pending,23.259949020348515,77.41401550387091,2,2,0.3010453555009308,319,1,1,0
372,Water Supply,Pending,23.26089599658249,77.4114750664482,4,2,0.4094601885986647,158,1,1,0
373,Waste,Completed,23.26280228721559,77.4138648154781,3,1,0.1387688358768658,478,0,0,0
374,Pothole,Completed,23.26181854165217,77.41454510889925,1,1,0.2924277242849146,422,0,1,0
375,Streetlight,Completed,23.264206364915022,77.41384361992444,2,1,0.0751454823833799,319,0,0,0
376,Streetlight,Pending,23.25836530487422,77.40945955056021,2,2,0.2075180945261444,319,1,1,0
377,Pothole,Completed,23.26164464127344,77.41114572564835,1,1,0.3646863946892518,422,0,1,0
378,Pothole,Completed,23.260266684011476,77.41210496272889,1,1,0.3082408431775039,422,0,1,0
379,Waste,Pending,23.264279605866435,77.4124511331418,3,2,0.0793510696637543,478,1,1,0
380,Pothole,Completed,23.25828340342929,77.4138413441951,1,1,0.4832862510563993,422,0,1,0
381,Waste,Pending,23.258220556315635,77.41295540200187,3,2,0.3004656754688346,478,1,1,0
382,Streetlight,Completed,23.25870121470911,77.40992931128258,2,1,0.2627289699473031,319,0,0,0
383,Waste,Pending,23.25565220855138,77.41336039570201,3,2,0.1134055533214264,478,1,1,0
384,Waste,Cancelled,23.258848489956637,77.41382117149057,3,0,0.3825628115993956,478,0,0,0
385,Streetlight,Completed,23.25838173467689,77.41371958089586,2,1,0.3949740401759762,319,0,0,0
386,Streetlight,Completed,23.260200787572952,77.4147615614511,2,1,0.4176656887050372,319,0,0,0
387,Drainage,Pending,23.260583511951552,77.4142678443091,0,2,0.4449490589369017,223,1,2,0
388,Streetlight,Cancelled,23.26365234167843,77.41351836015845,2,0,0.0876830129074662,319,0,0,0
389,Pothole,Completed,23.26180084767637,77.41245966857709,1,1,0.2253553949893581,422,0,1,0
390,Drainage,Pending,23.258746192688672,77.40927807813297,0,2,0.2075759101761967,223,1,1,0
391,Pothole,Completed,23.2581031706573,77.41345923643826,1,1,0.24229495738112,422,0,1,0
392,Waste,Pending,23.260883838343013,77.41301537537433,3,2,0.2522433278908085,478,1,1,0
393,Streetlight,Completed,23.257259533585955,77.41314315767438,2,1,0.2823419440332364,319,0,0,0
394,Water Supply,Pending,23.263562917531708,77.41004650284836,4,2,0.1140688786637021,158,1,2,0
395,Pothole,Completed,23.26225888024144,77.41043788691918,1,1,0.2174343056040151,422,0,0,0
396,Waste,Pending,23.258961648695788,77.41470630570666,3,2,0.3558343053763127,478,1,1,0
397,Waste,Cancelled,23.256473730941817,77.41252088969229,3,0,0.1303311688699389,478,0,0,0
398,Waste,Pending,23.26260774474833,77.41396300139475,3,2,0.1771504200312882,478,1,1,0
399,Pothole,Cancelled,23.259670920309492,77.41265663675226,1,0,0.3298587225333466,422,0,1,0
400,Streetlight,Completed,23.262375632623947,77.41265951227899,2,1,0.4718615262124778,319,0,0,0
401,Waste,Completed,23.27187656761195,77.4280172153011,3,1,0.1941252489168617,478,0,0,2
402,Water Supply,Completed,23.26896791054357,77.4256932197728,4,1,0.1133777897023647,158,0,1,2
403,Drainage,Pending,23.27019224155388,77.42872207650463,0,2,0.3920395151320574,223,1,2,2
404,Streetlight,Pending,23.26907544942259,77.42735382041319,2,2,0.4265627999265987,319,1,1,2
405,Drainage,Pending,23.269131007545138,77.43328403032028,0,2,0.1905143362275793,223,1,1,2
406,Waste,Completed,23.26938165575306,77.43201963417869,3,1,0.1913940770194358,478,0,0,2
407,Pothole,Completed,23.270444267543265,77.42862369930965,1,1,0.3475622523638473,422,0,1,2
408,Streetlight,Completed,23.269042502756673,77.4345048716107,2,1,0.1223213806328956,319,0,0,2
409,Drainage,Pending,23.272511512251143,77.43196353097399,0,2,0.1761447427773182,223,1,1,2
410,Drainage,Pending,23.26821078539556,77.42935033723299,0,2,0.2233006360674844,223,1,2,2
411,Waste,Pending,23.26962625671168,77.42500118857026,3,2,0.0642862759240252,478,1,1,2
412,Water Supply,Cancelled,23.269120537883452,77.43458188514519,4,0,0.1279334572749318,158,0,1,2
413,Waste,Completed,23.27289395576871,77.42722085506648,3,1,0.1670889322461335,478,0,0,2
414,Drainage,Pending,23.270393109553023,77.42670920250609,0,2,0.1524938453199007,223,1,1,2
415,Water Supply,Completed,23.272063689078937,77.43204514086402,4,1,0.2747909218683838,158,0,1,2
416,Waste,Pending,23.267028879253925,77.43487950481268,3,2,0.0661260475173318,478,1,1,2
417,Streetlight,Cancelled,23.270534100531737,77.43276854563703,2,0,0.2388791390504676,319,0,0,2
418,Waste,Completed,23.271779261591245,77.43112781824011,3,1,0.2531716944815393,478,0,0,2
419,Pothole,Pending,23.27016456797855,77.43118950868333,1,2,0.3164435000069789,422,1,2,2
420,Pothole,Completed,23.27213096075013,77.43170683111757,1,1,0.1956443211539388,422,0,0,2
421,Streetlight,Pending,23.2689654230998,77.43151785717959,2,2,0.312345546715789,319,1,1,2
422,Water Supply,Cancelled,23.27281869488037,77.43056238284795,4,0,0.2112766376455247,158,0,1,2
423,Streetlight,Pending,23.27459779624724,77.43020840220791,2,2,0.128999290207158,319,1,1,2
424,Pothole,Completed,23.26927432287912,77.4298748137442,1,1,0.2396330632960494,422,0,1,2
425,Drainage,Pending,23.269108994957197,77.42849207082227,0,2,0.3678839325466302,223,1,2,2
426,Water Supply,Completed,23.272906768954236,77.42943864984628,4,1,0.1417811597350205,158,0,1,2
427,Waste,Completed,23.273159144291466,77.42661408637161,3,1,0.0794595571919448,478,0,0,2
428,Water Supply,Completed,23.268954279945692,77.42980332074642,4,1,0.3251157884636,158,0,1,2
429,Waste,Completed,23.26915962636581,77.4280228177857,3,1,0.3502207027190837,478,0,0,2
430,Drainage,Completed,23.26943643078228,77.42779282136557,0,1,0.2481849210429896,223,0,1,2
431,Waste,Pending,23.26731109897793,77.43035978830231,3,2,0.1890457656519083,478,1,1,2
432,Waste,Pending,23.26816269610703,77.4327840045727,3,2,0.1107745912193496,478,1,1,2
433,Pothole,Pending,23.267991718466497,77.43183663321201,1,2,0.1973200847597889,422,1,1,2
434,Streetlight,Cancelled,23.268464404869793,77.42685899879277,2,0,0.1622225287474328,319,0,0,2
435,Pothole,Pending,23.269930630225225,77.42802074372686,1,2,0.2101386923378958,422,1,1,2
436,Waste,Completed,23.270468429465073,77.43188154237599,3,1,0.2040997186376324,478,0,0,2
437,Streetlight,Completed,23.273101000985623,77.42803502521294,2,1,0.1944235013771435,319,0,0,2
438,Water Supply,Pending,23.26800329191852,77.42955073370001,4,2,0.294884362347736,158,1,2,2
439,Pothole,Pending,23.271968644796953,77.43110010419805,1,2,0.2853900178823427,422,1,2,2
440,Waste,Pending,23.26957202231155,77.42806331109028,3,2,0.2128156405697193,478,1,1,2
441,Pothole,Completed,23.269901072580694,77.4302107510123,1,1,0.56178109540275,422,0,1,2
442,Waste,Pending,23.271349638984333,77.42733194901017,3,2,0.2014216847720447,478,1,1,2
443,Drainage,Pending,23.267754555956873,77.4287972647121,0,2,0.1196946944307323,223,1,1,2
444,Drainage,Completed,23.270764819492367,77.4306395638683,0,1,0.7206266642372511,223,0,1,2
445,Streetlight,Cancelled,23.270332904416424,77.42681401253294,2,0,0.18246186730262,319,0,0,2
446,Pothole,Pending,23.270984902528017,77.43088094947593,1,2,0.3272502074761683,422,1,2,2
447,Drainage,Pending,23.270578337287816,77.42996072440215,0,2,0.47135744184341,223,1,2,2
448,Streetlight,Pending,23.27491060027982,77.43110497990884,2,2,0.0657202887984094,319,1,1,2
449,Drainage,Completed,23.268724520031498,77.43044782826814,0,1,0.3535218652920854,223,0,1,2
450,Streetlight,Completed,23.268938006089996,77.43272828085995,2,1,0.2416281258020964,319,0,0,2
451,Drainage,Pending,23.26875371894715,77.4302504490053,0,2,0.5473302325642586,223,1,2,2
452,Streetlight,Pending,23.26888904576168,77.42914118891775,2,2,0.1988738935454261,319,1,1,2
453,Pothole,Completed,23.268725225745385,77.43024459500607,1,1,0.5069111498696484,422,0,1,2
454,Water Supply,Completed,23.272378033062218,77.43108659605808,4,1,0.2816703205332237,158,0,1,2
455,Pothole,Pending,23.27284100849598,77.43009772014067,1,2,0.1782905563852556,422,1,1,2
456,Streetlight,Completed,23.2688585074125,77.43008118338241,2,1,0.437120525234382,319,0,0,2
457,Waste,Pending,23.26833528885379,77.4285960166244,3,2,0.1265628919379994,478,1,2,2
458,Streetlight,Pending,23.270942831112773,77.4286741981649,2,2,0.2352835304295341,319,1,1,2
459,Streetlight,Completed,23.26889555391144,77.42719478945641,2,1,0.5384923413229272,319,0,0,2
460,Waste,Completed,23.27126586363551,77.43349915348638,3,1,0.1199799995899103,478,0,0,2
461,Waste,Pending,23.2704058460417,77.42751227352922,3,2,0.4063141276337892,478,1,1,2
462,Streetlight,Cancelled,23.266968511770006,77.42861418960442,2,0,0.1196816170371699,319,0,0,2
463,Drainage,Pending,23.27309501040266,77.42856318546887,0,2,0.2988839143765443,223,1,1,2
464,Pothole,Completed,23.27359175534619,77.4317898487539,1,1,0.1175309103922885,422,0,0,2
465,Waste,Pending,23.268774422619032,77.42941010064342,3,2,0.2870761656447445,478,1,1,2
466,Streetlight,Completed,23.26922459688013,77.43249548414535,2,1,0.1698719786448392,319,0,0,2
467,Waste,Cancelled,23.270571730781448,77.42865301875152,3,0,0.260086920125202,478,0,0,2
468,Pothole,Pending,23.270668913579975,77.43055798832445,1,2,0.4800282905312154,422,1,2,2
469,Waste,Cancelled,23.271317088545345,77.42832930589348,3,0,0.2730743907409613,478,0,0,2
470,Waste,Completed,23.274020409077533,77.43429029825555,3,1,0.0543155463211522,478,0,0,2
471,Waste,Completed,23.26964610554501,77.42762480316195,3,1,0.1826859405253834,478,0,1,2
472,Pothole,Pending,23.268403405510924,77.43061964142046,1,2,0.2319089296592296,422,1,2,2
473,Waste,Completed,23.26724136154397,77.43126755376187,3,1,0.1619257285663901,478,0,2,2
474,Pothole,Completed,23.26853813992011,77.43082759819491,1,1,0.4038555032049222,422,0,1,2
475,Pothole,Pending,23.269933746054253,77.42962942468225,1,2,0.2136283991691329,422,1,2,2
476,Pothole,Cancelled,23.27358911572703,77.42974035860054,1,0,0.1899250734536609,422,0,1,2
477,Pothole,Pending,23.268964777401926,77.43008762294396,1,2,0.430037942668441,422,1,2,2
478,Drainage,Pending,23.270447575903276,77.42970599599676,0,2,0.3710403249522025,223,1,2,2
479,Waste,Pending,23.269967154207855,77.4319277582336,3,2,0.1956176797687042,478,1,1,2
480,Pothole,Completed,23.272376786546896,77.4344210460032,1,1,0.0997516118215944,422,0,0,2
481,Waste,Completed,23.275053864851746,77.42888501642999,3,1,0.0523533442307807,478,0,0,2
482,Waste,Pending,23.26893826245416,77.42726039404084,3,2,0.7346143038500288,478,1,1,2
483,Streetlight,Cancelled,23.269021121114964,77.4298234359033,2,0,0.3394874525336468,319,0,0,2
484,Streetlight,Pending,23.272088321754136,77.43515941867531,2,2,0.0962355938933428,319,1,1,2
485,Drainage,Pending,23.271363782979257,77.42839265086407,0,2,0.2837976558315948,223,1,2,2
486,Streetlight,Pending,23.273693414651472,77.43327823361089,2,2,0.0995826874942947,319,1,1,2
487,Water Supply,Completed,23.271167856370653,77.43335540162816,4,1,0.1356519166183134,158,0,1,2
488,Waste,Cancelled,23.269281415818423,77.42889282351659,3,0,0.3587219561970015,478,0,0,2
489,Waste,Completed,23.271181309661383,77.43113796615837,3,1,0.2602905296435044,478,0,0,2
490,Waste,Completed,23.272217407161165,77.43325679324626,3,1,0.1125844218840821,478,0,0,2
491,Waste,Pending,23.27164096436239,77.42924174451804,3,2,0.2709129038764544,478,1,1,2
492,Pothole,Completed,23.271014548062215,77.4295928392798,1,1,0.5169271308736798,422,0,1,2
493,Streetlight,Completed,23.272133349379175,77.42883663817211,2,1,0.1900103023204368,319,0,0,2
494,Waste,Pending,23.27233859118089,77.42797048653863,3,2,0.1844967292234543,478,1,1,2
495,Water Supply,Pending,23.272764317982073,77.42870144490988,4,2,0.3514170976571089,158,1,2,2
496,Drainage,Completed,23.27129741977518,77.42755211946648,0,1,0.1630227736246603,223,0,1,2
497,Waste,Pending,23.269665763839367,77.43006816693652,3,2,0.2845643386449903,478,1,1,2
498,Waste,Completed,23.270293427372867,77.42846005353789,3,1,0.2825567041872102,478,0,0,2
499,Waste,Pending,23.272413017933015,77.43046757182358,3,2,0.2349840405428309,478,1,1,2
500,Waste,Pending,23.268366128658027,77.4268882087076,3,2,0.1530118964688119,478,1,1,2
501,Waste,Completed,23.270737346617747,77.43066176046443,3,1,0.7004873055962393,478,0,0,2
502,Pothole,Pending,23.269213322375347,77.43166705792322,1,2,0.3872323774512572,422,1,2,2
503,Waste,Completed,23.27005748964587,77.42601252871486,3,1,0.0739239579389198,478,0,0,2
504,Pothole,Completed,23.272556903725217,77.4307481131397,1,1,0.2410036264314887,422,0,1,2
505,Water Supply,Pending,23.27038219813604,77.43245533798495,4,2,0.2790401205202697,158,1,2,2
506,Streetlight,Cancelled,23.270092873096313,77.42758071796263,2,0,0.2778703637880708,319,0,0,2
507,Water Supply,Completed,23.26728028771804,77.43334514477368,4,1,0.1161687394943103,158,0,1,2
508,Waste,Pending,23.271492507132056,77.43083803801873,3,2,0.4066140340302919,478,1,1,2
509,Pothole,Completed,23.271290968362283,77.42858997628849,1,1,0.3486984225636422,422,0,1,2
510,Streetlight,Pending,23.27432650944661,77.4298884618447,2,2,0.1465641010426077,319,1,1,2
511,Waste,Completed,23.269384443530093,77.43111665382504,3,1,0.2733619954262829,478,0,0,2
512,Waste,Completed,23.27043830065533,77.43015201078283,3,1,0.4517823244044192,478,0,0,2
513,Streetlight,Cancelled,23.27049876736742,77.4310775119849,2,0,0.3486138364842431,319,0,0,2
514,Streetlight,Completed,23.27315490655953,77.42815865281385,2,1,0.2403646609848722,319,0,0,2
515,Pothole,Completed,23.269809408935227,77.43033872164808,1,1,0.4425243438986043,422,0,1,2
516,Pothole,Completed,23.27055804305154,77.4271725710062,1,1,0.1808536704754371,422,0,1,2
517,Pothole,Pending,23.271215793019433,77.42977754787731,1,2,0.4405456253043673,422,1,2,2
518,Waste,Pending,23.270373218246313,77.42819218471708,3,2,0.1974932626580211,478,1,1,2
519,Pothole,Completed,23.2691071327709,77.42852894011483,1,1,0.3809243449902024,422,0,1,2
520,Waste,Pending,23.270388179985797,77.43247218635042,3,2,0.283558419335531,478,1,1,2
521,Waste,Pending,23.27214726349972,77.43218262024119,3,2,0.2744085928675546,478,1,1,2
522,Water Supply,Completed,23.267946969401176,77.43121827624182,4,1,0.1768901364504353,158,0,1,2
523,Streetlight,Completed,23.270265939348292,77.42781537447067,2,1,0.2836164367912253,319,0,0,2
524,Streetlight,Pending,23.26859975837012,77.42936718310062,2,2,0.3085747821111208,319,1,1,2
525,Pothole,Pending,23.27239009325785,77.43242619539997,1,2,0.1999058517177294,422,1,1,2
526,Pothole,Pending,23.266953626190432,77.43028343382728,1,2,0.13192232238772,422,1,1,2
527,Waste,Completed,23.268882156305455,77.43463865907997,3,1,0.1090291622538501,478,0,0,2
528,Waste,Pending,23.27075442375013,77.4307866356788,3,2,0.4242384936609329,478,1,1,2
529,Waste,Completed,23.273131048058467,77.43038409823299,3,1,0.1915973821456087,478,0,0,2
530,Drainage,Pending,23.269868499477855,77.4293817670716,0,2,0.2641730127828779,223,1,2,2
531,Streetlight,Completed,23.268889600946615,77.43026708180957,2,1,0.5158888329672546,319,0,0,2
532,Pothole,Pending,23.27376231413888,77.42969506032725,1,2,0.1883235071068618,422,1,1,2
533,Pothole,Completed,23.26710397219917,77.43141621735339,1,1,0.1490165213187183,422,0,0,2
534,Water Supply,Pending,23.26560238808676,77.43191340463359,4,2,0.051212949228934,158,1,2,2
535,Waste,Completed,23.270880028900105,77.42842802107899,3,1,0.3037671135999231,478,0,0,2
536,Waste,Pending,23.268995891551295,77.42733753409289,3,2,0.6094112081455026,478,1,1,2
537,Pothole,Completed,23.26795753436574,77.4263275892538,1,1,0.1463297157771002,422,0,0,2
538,Drainage,Completed,23.2714167128946,77.43101598265383,0,1,0.4239946813364148,223,0,1,2
539,Water Supply,Pending,23.270487601427543,77.42779326678766,4,2,0.3165611238884082,158,1,2,2
540,Waste,Completed,23.268871842738527,77.4256942188141,3,1,0.1101835724267679,478,0,0,2
541,Drainage,Pending,23.267439391202657,77.43077715720906,0,2,0.1478112339476271,223,1,1,2
542,Drainage,Pending,23.27174491465656,77.43498599903488,0,2,0.0860660757122494,223,1,1,2
543,Waste,Pending,23.271300402355916,77.42998785817693,3,2,0.3363342453797973,478,1,1,2
544,Pothole,Pending,23.26980164827244,77.4316769815489,1,2,0.217854205689004,422,1,2,2
545,Pothole,Completed,23.273693273992095,77.4301636587171,1,1,0.1520406327164847,422,0,0,2
546,Water Supply,Completed,23.267859830467348,77.42980222069363,4,1,0.2405472199931743,158,0,1,2
547,Waste,Pending,23.26694894965815,77.43183815296598,3,2,0.1162081808871042,478,1,1,2
548,Drainage,Pending,23.26861618386024,77.42941945091162,0,2,0.3013202864427631,223,1,2,2
549,Pothole,Completed,23.26990882796729,77.43053478462815,1,1,0.3156335376991611,422,0,1,2
550,Streetlight,Cancelled,23.27048667889865,77.43064339561239,2,0,0.2952817367519358,319,0,0,2
551,Pothole,Completed,23.26951752788429,77.42866381909272,1,1,0.2758948985237952,422,0,1,2
552,Streetlight,Cancelled,23.270704110793027,77.43198408469908,2,0,0.2004303316879795,319,0,0,2
553,Drainage,Pending,23.26749692115162,77.42965008048661,0,2,0.1921706225024667,223,1,1,2
554,Drainage,Pending,23.272887529208145,77.42848850968102,0,2,0.3025245253790562,223,1,1,2
555,Drainage,Completed,23.269835697643213,77.43107301968715,0,1,0.342303166532951,223,0,1,2
556,Waste,Pending,23.272234591663175,77.42820306403642,3,2,0.2223532772298431,478,1,1,2
557,Streetlight,Completed,23.270685450692756,77.43005636231474,2,1,0.485246969737138,319,0,0,2
558,Waste,Pending,23.27091350643831,77.42998176200672,3,2,0.2637129848219947,478,1,0,2
559,Pothole,Completed,23.271139534560465,77.43217179113167,1,1,0.2611531034817507,422,0,1,2
560,Pothole,Completed,23.27089541712003,77.43094939646576,1,1,0.4385526579519195,422,0,1,2
561,Pothole,Completed,23.271285445519737,77.42994994608252,1,1,0.3755786697913531,422,0,1,2
562,Pothole,Pending,23.272658305060265,77.4316355325984,1,2,0.1351711101419047,422,1,1,2
563,Water Supply,Completed,23.270393042339403,77.43278041509804,4,1,0.2495171390719193,158,0,1,2
564,Waste,Pending,23.271418007515177,77.43111562061272,3,2,0.4061313993485345,478,1,0,2
565,Streetlight,Pending,23.269820528611422,77.4300207052397,2,2,0.3192317553573041,319,1,1,2
566,Pothole,Completed,23.2728802344309,77.42737632753531,1,1,0.1770496826794598,422,0,0,2
567,Waste,Pending,23.26864721539588,77.42786977267386,3,2,0.240223566155577,478,1,1,2
568,Waste,Pending,23.273601880865822,77.4293895505913,3,2,0.1468413224538903,478,1,1,2
569,Water Supply,Pending,23.26991968409871,77.42878097559569,4,2,0.3702493673620453,158,1,2,2
570,Drainage,Pending,23.267138449795763,77.42962605739403,0,2,0.1322715016969774,223,1,1,2
571,Water Supply,Cancelled,23.27025620882982,77.43011329984981,4,0,0.3392940037886283,158,0,1,2
572,Water Supply,Pending,23.26863789668505,77.43105938550872,4,2,0.3137650744016977,158,1,2,2
573,Waste,Pending,23.271681287097977,77.42985900244389,3,2,0.200115778608165,478,1,1,2
574,Pothole,Completed,23.26869475204139,77.43097300328766,1,1,0.3047005724731793,422,0,1,2
575,Streetlight,Pending,23.26910763313357,77.43012894882963,2,2,0.3196790630978691,319,1,1,2
576,Pothole,Pending,23.26622091853811,77.4260490668673,1,2,0.038590381985933,422,1,1,2
577,Pothole,Pending,23.269095387361503,77.42812132921237,1,2,0.3468984805340701,422,1,1,2
578,Pothole,Completed,23.26515224134674,77.42971182488856,1,1,0.0519417120571296,422,0,0,2
579,Streetlight,Completed,23.26683219435303,77.42758061051433,2,1,0.1040927230559259,319,0,0,2
580,Streetlight,Pending,23.271520829312287,77.43119985746,2,2,0.3196565741929549,319,1,1,2
581,Waste,Pending,23.2715716003173,77.4330615016647,3,2,0.1479854231491235,478,1,1,2
582,Pothole,Cancelled,23.27085091512357,77.4324375237034,1,0,0.2307052368963397,422,0,1,2
583,Streetlight,Pending,23.26806604771374,77.42957311425815,2,2,0.2781252564671883,319,1,1,2
584,Streetlight,Pending,23.269904577287715,77.43298145227371,2,2,0.1614634724921855,319,1,1,2
585,Waste,Pending,23.26999279492182,77.43029733491441,3,2,0.6684562137289839,478,1,1,2
586,Streetlight,Completed,23.267683270621617,77.42932582805777,2,1,0.172891752417151,319,0,0,2
587,Waste,Completed,23.273006796603532,77.42877319467293,3,1,0.2905344066697311,478,0,0,2
588,Pothole,Pending,23.27175472458115,77.42939506062703,1,2,0.3957257176490673,422,1,2,2
589,Drainage,Completed,23.26955807165234,77.42922364636293,0,1,0.2924819987829694,223,0,1,2
590,Streetlight,Pending,23.27005377167799,77.43034083244476,2,2,0.4961171806119536,319,1,1,2
591,Waste,Pending,23.270416765615895,77.4303211479621,3,2,0.3549117991303823,478,1,1,2
592,Streetlight,Completed,23.26591653026315,77.43000609204032,2,1,0.063876067624352,319,0,0,2
593,Streetlight,Pending,23.26950564523496,77.4308738763395,2,2,0.2780409400945767,319,1,1,2
594,Drainage,Pending,23.26863603150401,77.43238129254958,0,2,0.2523267716319611,223,1,1,2
595,Streetlight,Pending,23.26799675998021,77.43189910827088,2,2,0.1897194263093737,319,1,1,2
596,Streetlight,Completed,23.269437799414227,77.4270302040631,2,1,0.1405587921237277,319,0,0,2
597,Pothole,Pending,23.2735953730537,77.4248921577302,1,2,0.0270955328806181,422,1,1,2
598,Waste,Completed,23.271281685722535,77.43186863982248,3,1,0.1746999651513654,478,0,0,2
599,Waste,Pending,23.268857642020436,77.42726624260318,3,2,0.5599079396158037,478,1,1,2
600,Pothole,Completed,23.27114516556271,77.42955046919622,1,1,0.4340460884464975,422,0,0,2
601,Streetlight,Pending,23.27279871087317,77.4276597739479,2,2,0.1675341533386974,319,1,1,2
602,Pothole,Completed,23.271849267365827,77.42639603912485,1,1,0.1085401614274446,422,0,0,2
603,Waste,Pending,23.27011926073984,77.43108292545642,3,2,0.3411057459344949,478,1,1,2
604,Waste,Cancelled,23.268706126444588,77.43151831032061,3,0,0.1921142740910416,478,0,0,2
605,Pothole,Pending,23.271396446627225,77.42884697919855,1,2,0.3144408093461928,422,1,2,2
606,Waste,Pending,23.270786970770843,77.42481791541572,3,2,0.0396790493437492,478,1,1,2
607,Streetlight,Completed,23.271790386440056,77.4289075111035,2,1,0.1871431165226166,319,0,0,2
608,Waste,Pending,23.27127034360336,77.43078360801081,3,2,0.3055820507938203,478,1,1,2
609,Streetlight,Pending,23.272099105430637,77.42704217686246,2,2,0.1267112801439036,319,1,1,2
610,Water Supply,Cancelled,23.26892952957688,77.43036671983957,4,0,0.3960676389765064,158,0,1,2
611,Waste,Cancelled,23.272634788131267,77.42996938030166,3,0,0.1533409353721495,478,0,2,2
612,Pothole,Pending,23.270395199209386,77.4311585829992,1,2,0.3199295754593532,422,1,2,2
613,Waste,Cancelled,23.27415052174525,77.43023916073683,3,0,0.1942407777819884,478,0,0,2
614,Streetlight,Completed,23.26862162436382,77.42805386211825,2,1,0.2462611985125643,319,0,0,2
615,Streetlight,Pending,23.27347192760633,77.43239314300334,2,2,0.138504561709549,319,1,1,2
616,Pothole,Completed,23.270395821566925,77.42968294085395,1,1,0.3121578901751755,422,0,1,2
617,Pothole,Completed,23.26869716399277,77.42994539092099,1,1,0.2750236078746008,422,0,1,2
618,Drainage,Cancelled,23.26903222833189,77.42813346408187,0,0,0.3208991162519803,223,0,1,2
619,Waste,Pending,23.26935930538361,77.42911343549763,3,2,0.3004351829677952,478,1,1,2
620,Waste,Completed,23.270848331892804,77.42823039457195,3,1,0.2351314133727274,478,0,0,2
621,Drainage,Pending,23.271045670976072,77.42965410788015,0,2,0.5059268234103349,223,1,2,2
622,Streetlight,Pending,23.268852599992123,77.4334234169603,2,2,0.1340060003633373,319,1,1,2
623,Drainage,Pending,23.269951290815477,77.42725619771414,0,2,0.2655305558484815,223,1,2,2
624,Streetlight,Cancelled,23.274284540717225,77.42677287720426,2,0,0.0439025070159548,319,0,0,2
625,Drainage,Completed,23.273455086340203,77.43294234065499,0,1,0.1299599908795136,223,0,0,2
626,Pothole,Completed,23.27087264733935,77.4295813526457,1,1,0.4148928443159391,422,0,1,2
627,Streetlight,Completed,23.270076006956337,77.42866185452269,2,1,0.3595808825149486,319,0,0,2
628,Water Supply,Pending,23.270240062653436,77.4320798093748,4,2,0.2111993558981789,158,1,2,2
629,Streetlight,Pending,23.27122703594546,77.42878876892053,2,2,0.4039516431642844,319,1,2,2
630,Waste,Pending,23.267954414869603,77.4336520194271,3,2,0.0935579653199288,478,1,1,2
631,Waste,Pending,23.269485246925154,77.43135585174268,3,2,0.2694128178288219,478,1,1,2
632,Waste,Completed,23.266662831852244,77.42902417718372,3,1,0.0856357639346887,478,0,0,2
633,Waste,Pending,23.27079844624521,77.43431461642653,3,2,0.0702581031327511,478,1,1,2
634,Pothole,Pending,23.271294391879405,77.428788570154,1,2,0.4085809384907152,422,1,2,2
635,Streetlight,Pending,23.2690336270754,77.43148419074403,2,2,0.3163427322807707,319,1,1,2
636,Streetlight,Pending,23.27314797352658,77.43059858516082,2,2,0.1975415107113438,319,1,1,2
637,Pothole,Completed,23.267548468673994,77.4326034825788,1,1,0.1444226955706811,422,0,0,2
638,Streetlight,Cancelled,23.26707125023958,77.43312302239346,2,0,0.1315860450686229,319,0,0,2
639,Waste,Completed,23.27044890363712,77.43006400829813,3,1,0.4468404373828344,478,0,0,2
640,Waste,Completed,23.272094196605224,77.42849316425931,3,1,0.1897418566714882,478,0,0,2
641,Waste,Pending,23.273367855382915,77.43091994428589,3,2,0.1300684692391824,478,1,0,2
642,Pothole,Pending,23.26908223147426,77.4286445692605,1,2,0.3862100285967151,422,1,2,2
643,Waste,Pending,23.272157361666864,77.43402677449507,3,2,0.0857938463818645,478,1,1,2
644,Waste,Completed,23.269922983060997,77.43027307066217,3,1,0.7397691238122978,478,0,0,2
645,Pothole,Completed,23.26965474540012,77.42926935689738,1,1,0.2816604977806974,422,0,1,2
646,Drainage,Pending,23.27176731987497,77.43036936061173,0,2,0.1767892062507302,223,1,2,2
647,Waste,Pending,23.271304645756825,77.42730574742095,3,2,0.2109681141437846,478,1,1,2
648,Streetlight,Completed,23.26684721568603,77.42805677192298,2,1,0.1328772261940864,319,0,0,2
649,Streetlight,Completed,23.272953080699452,77.4324008278159,2,1,0.1385996971237409,319,0,0,2
650,Drainage,Cancelled,23.272760182708293,77.42868621144207,0,0,0.3530437476015508,223,0,1,2
651,Water Supply,Completed,23.26874887459698,77.42790617803465,4,1,0.2840589001698367,158,0,1,2
652,Waste,Pending,23.270791607066876,77.43107330550507,3,2,0.4607082851772893,478,1,1,2
653,Waste,Pending,23.270988060372567,77.43237140830934,3,2,0.2841642602575118,478,1,1,2
654,Drainage,Pending,23.27052134753165,77.43143790662134,0,2,0.2712704805543389,223,1,2,2
655,Pothole,Pending,23.268899389692308,77.43199209537161,1,2,0.1741090327858662,422,1,1,2
656,Streetlight,Pending,23.268656753264125,77.42848640982287,2,2,0.1784014576453957,319,1,1,2
657,Streetlight,Completed,23.269948891858014,77.42715637866652,2,1,0.2229887802763012,319,0,0,2
658,Streetlight,Completed,23.27234545803852,77.43300266730392,2,1,0.1323653999673172,319,0,0,2
659,Water Supply,Pending,23.27108720030919,77.42935464032232,4,2,0.3211078142399677,158,1,2,2
660,Water Supply,Completed,23.269258771335828,77.4294983339671,4,1,0.1896511156342415,158,0,1,2
661,Streetlight,Pending,23.271543397421297,77.4326563882837,2,2,0.192203876055418,319,1,1,2
662,Waste,Pending,23.26430291475874,77.43111246001881,3,2,0.0462856670501125,478,1,0,2
663,Drainage,Pending,23.272297531400746,77.43091177554417,0,2,0.3292394132858645,223,1,2,2
664,Waste,Pending,23.26652057244244,77.43433000468981,3,2,0.0749371806651106,478,1,1,2
665,Waste,Pending,23.269275118117193,77.42871296353924,3,2,0.358361606366345,478,1,1,2
666,Drainage,Pending,23.267760660210747,77.43185568025616,0,2,0.1762551470968978,223,1,1,2
667,Waste,Pending,23.267410637048556,77.4301140262498,3,2,0.1953682002497226,478,1,1,2
668,Waste,Cancelled,23.272321653574757,77.43053718455774,3,0,0.266710959868462,478,0,0,2
669,Waste,Pending,23.269064597597374,77.43305693685284,3,2,0.1897730863888381,478,1,1,2
670,Drainage,Pending,23.270693007763462,77.43101567151258,0,2,0.442352765099536,223,1,2,2
671,Pothole,Pending,23.26990615884224,77.4310765921581,1,2,0.3748086103974554,422,1,2,2
672,Streetlight,Completed,23.270954081654445,77.43214501467463,2,1,0.2984439729248085,319,0,0,2
673,Waste,Pending,23.27015364378212,77.42927009454093,3,2,0.1992990497147628,478,1,1,2
674,Drainage,Completed,23.267434015551625,77.42832158066533,0,1,0.1146997981114707,223,0,0,2
675,Drainage,Pending,23.271992533638898,77.42791038161197,0,2,0.2035497829849063,223,1,2,2
676,Pothole,Completed,23.269012486833677,77.42606728682125,1,1,0.1036281900067694,422,0,0,2
677,Pothole,Completed,23.26688683620268,77.43411241425989,1,1,0.0957933224880611,422,0,0,2
678,Waste,Pending,23.269143769678067,77.42779358326857,3,2,0.2508095484367026,478,1,1,2
679,Water Supply,Pending,23.273001519581268,77.42955749275283,4,2,0.1579899914779197,158,1,2,2
680,Streetlight,Pending,23.271700443484228,77.42944637340022,2,2,0.3874478587655717,319,1,1,2
681,Water Supply,Completed,23.269302695731184,77.43061481339562,4,1,0.2076594876015563,158,0,1,2
682,Pothole,Pending,23.269301484591363,77.43163147442509,1,2,0.3668483968222202,422,1,2,2
683,Drainage,Pending,23.269356729897567,77.43172094697672,0,2,0.3357424973894797,223,1,2,2
684,Drainage,Cancelled,23.27415349596712,77.42883384512287,0,0,0.0776973980702459,223,0,1,2
685,Streetlight,Pending,23.270763870904464,77.42966575657243,2,2,0.3550721453905956,319,1,1,2
686,Water Supply,Completed,23.27086008329438,77.43056515990098,4,1,0.43160170882405,158,0,1,2
687,Pothole,Completed,23.272060566908063,77.42950261774764,1,1,0.1989601172561421,422,0,1,2
688,Waste,Pending,23.27047757831805,77.43321469115205,3,2,0.1327652439954314,478,1,1,2
689,Streetlight,Pending,23.26948191570836,77.43098194990328,2,2,0.3007470894991407,319,1,1,2
690,Streetlight,Pending,23.26960730030183,77.43146975557211,2,2,0.2810853924394126,319,1,1,2
691,Streetlight,Completed,23.26985679748117,77.43132576253734,2,1,0.2689859668632764,319,0,0,2
692,Waste,Completed,23.26992555552698,77.43234694771498,3,1,0.1673986132716651,478,0,0,2
693,Pothole,Completed,23.271455259087272,77.43036204311741,1,1,0.1875695402234978,422,0,1,2
694,Pothole,Cancelled,23.270103891771615,77.4274063361041,1,0,0.30483016651119,422,0,1,2
695,Pothole,Completed,23.27146528015443,77.43079937590352,1,1,0.391956053868995,422,0,1,2
696,Streetlight,Pending,23.269838566839784,77.42869728621243,2,2,0.3398645457872538,319,1,1,2
697,Streetlight,Pending,23.270157270380633,77.42894276663651,2,2,0.3120034174729691,319,1,1,2
698,Waste,Completed,23.266003598630935,77.43117272803752,3,1,0.063572104707055,478,0,0,2
699,Pothole,Pending,23.271832655349403,77.43247656614287,1,2,0.1886364582061079,422,1,1,2
700,Waste,Pending,23.270692976951796,77.43004254315348,3,2,0.489617796094526,478,1,1,2
701,Waste,Completed,23.271996020219717,77.4306176660252,3,1,0.2181380413230158,478,0,0,2
702,Drainage,Pending,23.264207489243613,77.43340442988928,0,2,0.0318069947532337,223,1,1,2
703,Water Supply,Cancelled,23.274176749409563,77.43048150635899,4,0,0.1533568723813321,158,0,1,2
704,Pothole,Completed,23.26972082074369,77.43520336622836,1,1,0.0674701529042483,422,0,0,2
705,Drainage,Pending,23.272216365633476,77.43113101929127,0,2,0.333494710259891,223,1,2,2
706,Drainage,Cancelled,23.267920188145748,77.4264784744817,0,0,0.1656280928256602,223,0,1,2
707,Drainage,Pending,23.27122554781013,77.43150668324222,0,2,0.1876850331310587,223,1,2,2
708,Waste,Pending,23.267893168873652,77.43076231676977,3,2,0.147447057080905,478,1,1,2
709,Water Supply,Completed,23.26875246207861,77.43257950550817,4,1,0.2807285168474568,158,0,1,2
710,Pothole,Pending,23.273828062707732,77.43134636270254,1,2,0.0950038367364734,422,1,1,2
711,Pothole,Completed,23.269618635198473,77.42972308803203,1,1,0.2137133761852611,422,0,1,2
712,Waste,Pending,23.27043486574636,77.42755140352743,3,2,0.4566470503191929,478,1,1,2
713,Pothole,Completed,23.27174013546138,77.42958195348544,1,1,0.3250768437456439,422,0,1,2
714,Waste,Pending,23.270991363775945,77.42829895909159,3,2,0.2952378706549358,478,1,1,2
715,Waste,Completed,23.27030083781029,77.4288389531004,3,1,0.3479591433957305,478,0,0,2
716,Pothole,Completed,23.270729922004932,77.43117715680884,1,1,0.3748778175607613,422,0,1,2
717,Drainage,Pending,23.274806831170476,77.43333980900871,0,2,0.0491221476451502,223,1,1,2
718,Drainage,Pending,23.269884762405933,77.43078934305966,0,2,0.2516907115047582,223,1,2,2
719,Pothole,Pending,23.27040219809343,77.42760823387593,1,2,0.5033909270666099,422,1,1,2
720,Drainage,Pending,23.272101308792013,77.43088920533644,0,2,0.3039633556134545,223,1,2,2
721,Drainage,Completed,23.272211051865916,77.43239326297329,0,1,0.2605706276183442,223,0,0,2
722,Drainage,Completed,23.27237406061112,77.42878043419137,0,1,0.2089278021702653,223,0,1,2
723,Waste,Pending,23.271277460444058,77.42973196566666,3,2,0.4027745346950633,478,1,1,2
724,Streetlight,Pending,23.26771399017454,77.43002937638947,2,2,0.1948957514558132,319,1,1,2
725,Water Supply,Pending,23.2732668630646,77.42843020337384,4,2,0.2288104000247899,158,1,2,2
726,Streetlight,Completed,23.26770730921396,77.4312965608677,2,1,0.1612771763251711,319,0,0,2
727,Pothole,Pending,23.27060527093048,77.4297581037028,1,2,0.3961072153829846,422,1,2,2
728,Pothole,Cancelled,23.26849144829996,77.43083906488782,1,0,0.3879641088345315,422,0,1,2
729,Streetlight,Completed,23.269871723306817,77.4282250156444,2,1,0.1995226506581467,319,0,0,2
730,Pothole,Pending,23.270657524820606,77.42912508339936,1,2,0.2118847943328843,422,1,2,2
731,Waste,Pending,23.2706427144309,77.43144476271566,3,2,0.258685069734015,478,1,1,2
732,Pothole,Cancelled,23.27084384150847,77.42925433369582,1,0,0.3402179128937159,422,0,1,2
733,Drainage,Pending,23.273227422538117,77.43345392770247,0,2,0.0927426810073965,223,1,1,2
734,Drainage,Pending,23.270907068603027,77.42920072762878,0,2,0.317906714561164,223,1,2,2
735,Waste,Pending,23.26951168672942,77.43044936945151,3,2,0.2155223467889418,478,1,1,2
736,Water Supply,Completed,23.271928174336576,77.43186518166375,4,1,0.2065376201846094,158,0,1,2
737,Pothole,Completed,23.27237894097785,77.42716326853414,1,1,0.1467143001198133,422,0,0,2
738,Streetlight,Completed,23.26754478436973,77.42647838237605,2,1,0.1059265536518407,319,0,0,2
739,Drainage,Completed,23.2711948001397,77.42694868737087,0,1,0.1424855844408702,223,0,0,2
740,Drainage,Completed,23.27140234548462,77.43252516820687,0,1,0.1996376121439367,223,0,1,2
741,Water Supply,Cancelled,23.26940487299328,77.42889628370823,4,0,0.3708612364844666,158,0,1,2
742,Pothole,Pending,23.272751413626622,77.43511639857134,1,2,0.075201827821569,422,1,1,2
743,Drainage,Pending,23.269699888825933,77.42887150480269,0,2,0.2957505551707693,223,1,2,2
744,Waste,Completed,23.270251152906944,77.4303691026064,3,1,0.342300654434107,478,0,0,2
745,Streetlight,Completed,23.269653856351432,77.43308421990514,2,1,0.1847374255701494,319,0,0,2
746,Streetlight,Completed,23.27003115809516,77.43401218577633,2,1,0.0780586886436872,319,0,0,2
747,Streetlight,Pending,23.267807449826208,77.43412300715327,2,2,0.0819278790013012,319,1,1,2
748,Waste,Completed,23.26711989823481,77.43241673246119,3,1,0.1400441336433869,478,0,0,2
749,Drainage,Completed,23.27318901012645,77.43204812505164,0,1,0.1464674059444033,223,0,0,2
750,Waste,Pending,23.268306077303365,77.4311850538984,3,2,0.1960683183039313,478,1,1,2
751,Waste,Pending,23.251556722152333,77.4038023813715,3,2,0.0870020287913903,478,1,1,3
752,Streetlight,Pending,23.24889762856734,77.39987867837237,2,2,0.3816066180249577,319,1,1,3
753,Pothole,Pending,23.248363602233155,77.39858318646618,1,2,0.3452755460169304,422,1,2,3
754,Drainage,Pending,23.24999325108518,77.39697257121477,0,2,0.214719712148357,223,1,1,3
755,Pothole,Completed,23.24965963075495,77.3963937206475,1,1,0.2140062215859846,422,0,0,3
756,Waste,Pending,23.249093543901346,77.396831728114,3,2,0.1967834166267176,478,1,1,3
757,Drainage,Completed,23.251392774894914,77.40053425330203,0,1,0.1929171428197187,223,0,1,3
758,Pothole,Completed,23.25191061041714,77.40101745004647,1,1,0.186054801865433,422,0,0,3
759,Waste,Completed,23.250176813772583,77.39683761859594,3,1,0.2090986296349737,478,0,0,3
760,Streetlight,Pending,23.252955060162112,77.40179007662816,2,2,0.1556807275764219,319,1,1,3
761,Pothole,Pending,23.247716621771733,77.39903387789664,1,2,0.2025844641442555,422,1,1,3
762,Streetlight,Completed,23.24961268108144,77.40029358602398,2,1,0.3768827993201556,319,0,0,3
763,Pothole,Pending,23.248566355358793,77.40322444125651,1,2,0.1143891243281333,422,1,1,3
764,Drainage,Cancelled,23.246266926765855,77.40179367863173,0,0,0.0696337773778686,223,0,0,3
765,Drainage,Completed,23.249834638628315,77.39946293870419,0,1,0.291661347857771,223,0,2,3
766,Streetlight,Completed,23.24975650498323,77.39821761554917,2,1,0.1842954065356048,319,0,0,3
767,Waste,Cancelled,23.253026899486485,77.39569636919735,3,0,0.0617789734654697,478,0,0,3
768,Drainage,Pending,23.25126162336911,77.39856169336151,0,2,0.1926237831230451,223,1,2,3
769,Streetlight,Pending,23.24795162635134,77.39957773952236,2,2,0.2539324534297502,319,1,1,3
770,Streetlight,Completed,23.25370818513267,77.3980256409457,2,1,0.1433269230610291,319,0,0,3
771,Pothole,Pending,23.25244206739105,77.39973748606582,1,2,0.2634686112549525,422,1,1,3
772,Drainage,Cancelled,23.251164195406936,77.40015370376592,0,0,0.3108326814167356,223,0,1,3
773,Streetlight,Pending,23.2495470318023,77.3995502880364,2,2,0.2608778400615261,319,1,1,3
774,Waste,Pending,23.248081121526553,77.39869999483835,3,2,0.2919880202775331,478,1,1,3
775,Pothole,Completed,23.24925558644786,77.40033730934394,1,1,0.2988558269640305,422,0,1,3
776,Drainage,Completed,23.25217749723941,77.40088388129915,0,1,0.2389594404457094,223,0,1,3
777,Waste,Pending,23.253769172611868,77.39781920184512,3,2,0.1193806832346169,478,1,1,3
778,Water Supply,Pending,23.253086487056542,77.4028218647595,4,2,0.1100381130565671,158,1,2,3
779,Streetlight,Completed,23.249022301156423,77.39980282373544,2,1,0.7340084839893499,319,0,0,3
780,Streetlight,Pending,23.24776076513342,77.4000376992459,2,2,0.281274365808803,319,1,1,3
781,Waste,Completed,23.25028177249382,77.40141642884652,3,1,0.1892869298931243,478,0,0,3
782,Waste,Pending,23.24646312126887,77.40046643226253,3,2,0.140578314233626,478,1,1,3
783,Water Supply,Completed,23.25064633542837,77.40190627326783,4,1,0.2815873802861776,158,0,1,3
784,Waste,Completed,23.2497047948274,77.40057424833041,3,1,0.5164380619151142,478,0,0,3
785,Drainage,Pending,23.249067926996265,77.39877512525072,0,2,0.2115748858260912,223,1,2,3
786,Pothole,Completed,23.246810593865465,77.40072300705042,1,1,0.1303411736740192,422,0,0,3
787,Waste,Completed,23.25102720021314,77.39771254758537,3,1,0.2687067741829919,478,0,0,3
788,Waste,Pending,23.248934598320677,77.40021711941156,3,2,0.3603563290217383,478,1,1,3
789,Pothole,Cancelled,23.24766016632858,77.39993354001872,1,0,0.2494643134751417,422,0,1,3
790,Water Supply,Completed,23.244255475573436,77.39958376628546,4,1,0.0819076915207566,158,0,1,3
791,Pothole,Pending,23.249944970189897,77.39974292497713,1,2,0.3861088921681548,422,1,2,3
792,Pothole,Pending,23.25354450319334,77.39623630190901,1,2,0.0728818825497261,422,1,1,3
793,Pothole,Cancelled,23.253322518429098,77.39890255018453,1,0,0.1220518153112032,422,0,0,3
794,Pothole,Pending,23.24908580748683,77.40018568980229,1,2,0.2957099314776547,422,1,2,3
795,Pothole,Completed,23.24879557587928,77.400319712784,1,1,0.3624952958055185,422,0,1,3
796,Drainage,Completed,23.25093754851215,77.39794464971816,0,1,0.2392870660939749,223,0,1,3
797,Pothole,Pending,23.248003229121625,77.40253141568174,1,2,0.1150812769390383,422,1,1,3
798,Pothole,Pending,23.25060358379964,77.39826765030358,1,2,0.3208185252190569,422,1,2,3
799,Waste,Completed,23.25153216055677,77.40193891440106,3,1,0.1956230180481377,478,0,0,3
800,Water Supply,Pending,23.25245386644777,77.40085438872374,4,2,0.2526627892183565,158,1,2,3
801,Waste,Completed,23.24979969184704,77.39870754538032,3,1,0.2986773857113671,478,0,0,3
802,Waste,Pending,23.249592652499647,77.40355062178523,3,2,0.1157395770453118,478,1,1,3
803,Streetlight,Completed,23.248244034826488,77.39761272633649,2,1,0.1427019125156801,319,0,0,3
804,Streetlight,Completed,23.24834623929192,77.40183830834722,2,1,0.1841651190344523,319,0,0,3
805,Pothole,Pending,23.249547042216197,77.40200116463609,1,2,0.1422012425109244,422,1,1,3
806,Pothole,Completed,23.250734731013633,77.39865875958185,1,1,0.478445542716357,422,0,1,3
807,Drainage,Pending,23.251827169252465,77.40278493060013,0,2,0.1954675827824244,223,1,1,3
808,Waste,Pending,23.24839364209864,77.3994999069708,3,2,0.259169226930226,478,1,1,3
809,Drainage,Pending,23.25298537713792,77.40057738725856,0,2,0.1556256873667585,223,1,2,3
810,Streetlight,Completed,23.249457752797916,77.40052064367755,2,1,0.7010304122402523,319,0,0,3
811,Pothole,Pending,23.249957265411304,77.39973138251706,1,2,0.3825430988985305,422,1,2,3
812,Pothole,Completed,23.248505576641705,77.40162161654632,1,1,0.1873341933297259,422,0,0,3
813,Waste,Completed,23.245151519479453,77.40158697744111,3,1,0.0699966755098991,478,0,0,3
814,Drainage,Pending,23.251768090792723,77.39650293605352,0,2,0.1081248903518104,223,1,1,3
815,Pothole,Pending,23.251473687794185,77.40260868048576,1,2,0.2892162261883098,422,1,1,3
816,Pothole,Cancelled,23.249437344885763,77.39667501602393,1,0,0.276843330165139,422,0,0,3
817,Streetlight,Completed,23.25013398143445,77.40206509240869,2,1,0.3521770654049123,319,0,0,3
818,Water Supply,Completed,23.25103187843541,77.40225341027366,4,1,0.2298953090685885,158,0,1,3
819,Pothole,Completed,23.246874908286227,77.39781806713958,1,1,0.0875236555224028,422,0,0,3
820,Water Supply,Pending,23.248941894645306,77.3991783714241,4,2,0.2382196811110916,158,1,2,3
821,Pothole,Completed,23.251588529359243,77.39778859066304,1,1,0.2170295300709205,422,0,0,3
822,Waste,Pending,23.24749142115366,77.39957015793942,3,2,0.1859678216276704,478,1,1,3
823,Waste,Pending,23.250587115864334,77.39938393143163,3,2,0.3334364334361379,478,1,1,3
824,Pothole,Pending,23.247286836390753,77.40155932106454,1,2,0.2030253825301251,422,1,1,3
825,Waste,Pending,23.250932859964863,77.40262061749225,3,2,0.1867897423219436,478,1,1,3
826,Waste,Pending,23.24992871703541,77.40279136762159,3,2,0.1607607162843432,478,1,1,3
827,Water Supply,Cancelled,23.24676973636819,77.39887566394685,4,0,0.0852421613385038,158,0,1,3
828,Drainage,Pending,23.252329478708916,77.39958155625251,0,2,0.2946145335587851,223,1,2,3
829,Streetlight,Completed,23.248530816846404,77.39663312361556,2,1,0.0905317094959771,319,0,0,3
830,Waste,Pending,23.24837949512597,77.39838825986702,3,2,0.2706134838820916,478,1,1,3
831,Waste,Pending,23.250401138394466,77.4019297032662,3,2,0.3025067647459623,478,1,1,3
832,Waste,Completed,23.252297274698854,77.4032311656471,3,1,0.0973287247419723,478,0,0,3
833,Streetlight,Completed,23.247968356362044,77.39753130225624,2,1,0.1135077267480213,319,0,0,3
834,Water Supply,Completed,23.250123359699696,77.3988150714817,4,1,0.3195866434485629,158,0,1,3
835,Pothole,Pending,23.25085763300066,77.39994718848608,1,2,0.3131020158968126,422,1,2,3
836,Waste,Completed,23.251386211214527,77.40056032231765,3,1,0.1853545708797126,478,0,0,3
837,Pothole,Pending,23.250352883110555,77.39838079296017,1,2,0.3617701787474358,422,1,2,3
838,Pothole,Pending,23.24926594432183,77.40084812208893,1,2,0.3326997217307063,422,1,2,3
839,Pothole,Completed,23.248344819558703,77.39905232130586,1,1,0.2624471019867622,422,0,1,3
840,Streetlight,Pending,23.25017228776609,77.39997109545826,2,2,0.2123916111743055,319,1,1,3
841,Streetlight,Pending,23.24785572197603,77.40109256849601,2,2,0.2462976188414122,319,1,1,3
842,Waste,Completed,23.24415729903301,77.40001284453963,3,1,0.0724620829713058,478,0,0,3
843,Waste,Completed,23.250873119608315,77.39912722821896,3,1,0.3276355252692972,478,0,0,3
844,Water Supply,Completed,23.25180786968217,77.39978078039215,4,1,0.3462240069339367,158,0,1,3
845,Waste,Pending,23.245274135128916,77.3998232740816,3,2,0.0640037584484649,478,1,1,3
846,Waste,Pending,23.24798053859058,77.39925997794025,3,2,0.230552949864798,478,1,1,3
847,Waste,Pending,23.25123830852201,77.39948240787467,3,2,0.2240888771567967,478,1,1,3
848,Waste,Cancelled,23.254114990939424,77.40319729434101,3,0,0.0660807763230714,478,0,0,3
849,Pothole,Completed,23.25004158741535,77.40112183889589,1,1,0.3060242210783099,422,0,1,3
850,Drainage,Completed,23.24854399411754,77.39940903936395,0,1,0.2595999152409039,223,0,1,3
851,Pothole,Pending,23.24963420711779,77.40139390880903,1,2,0.4093043952545847,422,1,2,3
852,Pothole,Completed,23.252749752838294,77.3993323610205,1,1,0.2248648628905842,422,0,0,3
853,Streetlight,Pending,23.24870807164175,77.40234624927518,2,2,0.1059354692814554,319,1,1,3
854,Pothole,Completed,23.2484016159867,77.4007392843844,1,1,0.2198782156750917,422,0,1,3
855,Drainage,Cancelled,23.249034512955635,77.399785395712,0,0,0.755009484973046,223,0,1,3
856,Drainage,Cancelled,23.248093342783484,77.40089543385163,0,0,0.272340979104221,223,0,1,3
857,Waste,Pending,23.250245340631988,77.39685824769587,3,2,0.1903270056940003,478,1,0,3
858,Drainage,Pending,23.25324935691694,77.39774646506218,0,2,0.10780891252503,223,1,1,3
859,Pothole,Cancelled,23.250646158546232,77.39761214998721,1,0,0.1827768518521186,422,0,1,3
860,Water Supply,Completed,23.249495292995743,77.40028588618954,4,1,0.4143392629901494,158,0,1,3
861,Pothole,Pending,23.24941637746217,77.40346502999897,1,2,0.1296072275263928,422,1,1,3
862,Water Supply,Completed,23.246873618382608,77.40446260029239,4,1,0.0607492436535588,158,0,1,3
863,Drainage,Pending,23.251766219554295,77.40127610220289,0,2,0.1754800146139774,223,1,2,3
864,Waste,Pending,23.249844325605977,77.40100168894989,3,2,0.3603552702337994,478,1,1,3
865,Pothole,Completed,23.24963904017282,77.3963978845317,1,1,0.2179936772671012,422,0,0,3
866,Water Supply,Completed,23.25638621513569,77.39891465240053,4,1,0.026602871942237,158,0,1,3
867,Drainage,Pending,23.25059750581673,77.39842443249618,0,2,0.3381066106245488,223,1,2,3
868,Waste,Pending,23.24849641789981,77.39875830480351,3,2,0.4770007478188743,478,1,1,3
869,Streetlight,Completed,23.249147284807588,77.39966371236284,2,1,0.5410902526783148,319,0,0,3
870,Pothole,Completed,23.252296891418393,77.39905581884462,1,1,0.1607848944795907,422,0,0,3
871,Waste,Completed,23.250226540821075,77.39604140037926,3,1,0.1677906649670628,478,0,0,3
872,Pothole,Pending,23.247123444043364,77.40149582051224,1,2,0.1627491240607833,422,1,1,3
873,Waste,Cancelled,23.25183845786915,77.39785451394853,3,0,0.1982543055346993,478,0,0,3
874,Drainage,Cancelled,23.24866371182892,77.40047849372823,0,0,0.2393729210056627,223,0,1,3
875,Pothole,Pending,23.253746595552435,77.4041481653395,1,2,0.0439406788189736,422,1,2,3
876,Drainage,Pending,23.25216009613143,77.39816123081684,0,2,0.1593369911731638,223,1,2,3
877,Waste,Completed,23.249105356208684,77.39493942495452,3,1,0.0503406706732934,478,0,0,3
878,Pothole,Completed,23.25256203272347,77.39942799155625,1,1,0.2627668706626214,422,0,0,3
879,Waste,Cancelled,23.250135711021056,77.40220191927,3,0,0.298950302362282,478,0,0,3
880,Waste,Completed,23.251705547350245,77.40391669490845,3,1,0.0816835394757082,478,0,0,3
881,Waste,Completed,23.25096946563459,77.3975409008111,3,1,0.2889635778618865,478,0,0,3
882,Waste,Pending,23.248307286690014,77.40099339844647,3,2,0.210608993906796,478,1,1,3
883,Streetlight,Pending,23.248712900335367,77.39906937908644,2,2,0.2803862209667033,319,1,2,3
884,Waste,Pending,23.25205992163516,77.3997881032914,3,2,0.342841638152187,478,1,1,3
885,Pothole,Completed,23.249330449335787,77.40528868669404,1,1,0.0409099937275928,422,0,0,3
886,Pothole,Completed,23.249192703073515,77.39699405934321,1,1,0.197772010078735,422,0,0,3
887,Drainage,Pending,23.248089754841303,77.400507479323,0,2,0.2433298293070384,223,1,1,3
888,Water Supply,Completed,23.250847198131183,77.40093538634353,4,1,0.1288045318398167,158,0,1,3
889,Pothole,Pending,23.254125049838485,77.40217157264989,1,2,0.0941597430712193,422,1,1,3
890,Pothole,Completed,23.247864934171492,77.40019596630695,1,1,0.2637210737138469,422,0,1,3
891,Waste,Pending,23.250048438913343,77.40061610107901,3,2,0.3746384311651111,478,1,1,3
892,Water Supply,Completed,23.252824441110832,77.39921670286516,4,1,0.1857721130714578,158,0,1,3
893,Waste,Completed,23.24984071721751,77.4005382538825,3,1,0.409974362241025,478,0,0,3
894,Waste,Completed,23.2509047435925,77.39931361544902,3,1,0.3512608516923131,478,0,0,3
895,Waste,Cancelled,23.247875212943708,77.40124314377972,3,0,0.1979838922614816,478,0,0,3
896,Pothole,Pending,23.250856614194415,77.39926077932792,1,2,0.4015791153792355,422,1,2,3
897,Waste,Pending,23.249625711469992,77.40075420078782,3,2,0.3598865217186796,478,1,1,3
898,Drainage,Pending,23.25197145999136,77.39994147437264,0,2,0.5722894600394862,223,1,2,3
899,Waste,Pending,23.252374772103128,77.40225210050156,3,2,0.1396542418068482,478,1,1,3
900,Streetlight,Completed,23.25517912728404,77.39989721255283,2,1,0.0336052656405963,319,0,0,3
901,Waste,Completed,23.251159266346427,77.39645393506359,3,1,0.1030477980653948,478,0,0,3
902,Waste,Completed,23.250651592633165,77.40252384300143,3,1,0.1882207985665729,478,0,0,3
903,Water Supply,Pending,23.250388768603155,77.39818853539828,4,2,0.2872404389774817,158,1,2,3
904,Waste,Completed,23.249293667414378,77.3986924673227,3,1,0.1933101290286893,478,0,0,3
905,Drainage,Pending,23.250676967686925,77.39880867741192,0,2,0.4090343438543362,223,1,2,3
906,Pothole,Completed,23.249409197179723,77.40274887618635,1,1,0.1108510743547339,422,0,0,3
907,Waste,Pending,23.250336921952535,77.39572865157204,3,2,0.131706084082273,478,1,1,3
908,Water Supply,Pending,23.252635195071218,77.40627549706733,4,2,0.0258164328956643,158,1,2,3
909,Waste,Pending,23.24798691486944,77.40211211361813,3,2,0.1981762912961824,478,1,1,3
910,Drainage,Cancelled,23.25227975712226,77.40044647782827,0,0,0.323608348595256,223,0,1,3
911,Waste,Pending,23.25263423013468,77.39989021199877,3,2,0.1823194322901916,478,1,1,3
912,Drainage,Pending,23.24976386294602,77.40057110814972,0,2,0.4889046552055909,223,1,2,3
913,Waste,Completed,23.24575629020198,77.40104224485677,3,1,0.0869245306226537,478,0,0,3
914,Pothole,Pending,23.248784356025812,77.4012904311719,1,2,0.2702222985250497,422,1,2,3
915,Drainage,Pending,23.25259398909312,77.40111120893201,0,2,0.1800639352083852,223,1,2,3
916,Water Supply,Completed,23.2499542638754,77.40017916136252,4,1,0.2044652412416566,158,0,1,3
917,Water Supply,Pending,23.24800139553541,77.39960532315939,4,2,0.2645402627316773,158,1,2,3
918,Drainage,Cancelled,23.248990450157542,77.3996974534327,0,0,0.5927898238831668,223,0,1,3
919,Drainage,Completed,23.25168124005301,77.39961018343931,0,1,0.2402954594319787,223,0,1,3
920,Waste,Pending,23.251093467136403,77.40226754019373,3,2,0.219513818977591,478,1,1,3
921,Waste,Cancelled,23.249522135801666,77.40118711344456,3,0,0.3642116015140239,478,0,0,3
922,Waste,Pending,23.24926635117637,77.39411922273068,3,2,0.0456801866747939,478,1,1,3
923,Pothole,Pending,23.24921648370191,77.40131180155306,1,2,0.3268792475739772,422,1,2,3
924,Pothole,Pending,23.248155179631,77.40038947238945,1,2,0.2189004562960227,422,1,2,3
925,Pothole,Completed,23.25323075137894,77.39996258248712,1,1,0.1134801528684982,422,0,0,3
926,Waste,Pending,23.24935535906158,77.39922296309383,3,2,0.2674448297196936,478,1,2,3
927,Streetlight,Cancelled,23.25243431704165,77.40224822543998,2,0,0.1365424457953429,319,0,0,3
928,Waste,Completed,23.253042632103845,77.40189505292425,3,1,0.1637599393492109,478,0,0,3
929,Pothole,Pending,23.251996621796295,77.39845424466436,1,2,0.1424879879000403,422,1,1,3
930,Pothole,Completed,23.249136759374565,77.40081410457425,1,1,0.2454121988355497,422,0,1,3
931,Drainage,Completed,23.25080746018067,77.39805668653092,0,1,0.2336868202452734,223,0,1,3
932,Streetlight,Cancelled,23.249951608787217,77.39724076367042,2,0,0.1497180763785377,319,0,0,3
933,Streetlight,Completed,23.24819259627854,77.39874656555082,2,1,0.3790096752615307,319,0,0,3
934,Waste,Pending,23.250648718563443,77.40172478694477,3,2,0.2170215746680127,478,1,1,3
935,Pothole,Completed,23.24764192041768,77.40190625009076,1,1,0.1563497099402101,422,0,0,3
936,Waste,Pending,23.252375358776924,77.4010261708402,3,2,0.2690558579037423,478,1,1,3
937,Pothole,Completed,23.249070765405403,77.4014501915737,1,1,0.3719340461700389,422,0,2,3
938,Pothole,Pending,23.250402319311743,77.40103235657423,1,2,0.201933709601641,422,1,2,3
939,Waste,Pending,23.250566575743093,77.39871703680956,3,2,0.4022144298873846,478,1,1,3
940,Waste,Pending,23.249482190052593,77.40086384508935,3,2,0.3493234422049036,478,1,1,3
941,Water Supply,Pending,23.25117338760295,77.40160081905046,4,2,0.1754875340823358,158,1,2,3
942,Water Supply,Pending,23.249050192686756,77.40150858265963,4,2,0.3584540159310137,158,1,2,3
943,Pothole,Completed,23.251742594594916,77.40237782674295,1,1,0.247766974466154,422,0,0,3
944,Waste,Pending,23.247308040639503,77.4014166076944,3,2,0.1965055409215807,478,1,1,3
945,Waste,Pending,23.250252759159093,77.40070289641508,3,2,0.388276234917881,478,1,1,3
946,Pothole,Completed,23.253877857998116,77.40214030047665,1,1,0.119027255936014,422,0,1,3
947,Water Supply,Cancelled,23.247999337350787,77.3999469574815,4,0,0.2491394282025467,158,0,1,3
948,Waste,Pending,23.248644510058952,77.39823625069755,3,2,0.1816803782432018,478,1,1,3
949,Drainage,Pending,23.251027815699317,77.39967386607212,0,2,0.3131721688856776,223,1,2,3
950,Waste,Pending,23.25035916356388,77.3985101947104,3,2,0.3061240754023588,478,1,1,3
951,Water Supply,Completed,23.250701260198547,77.39864964345006,4,1,0.5198312339626618,158,0,1,3
952,Pothole,Cancelled,23.250978374260296,77.39971096265857,1,0,0.3241426384423946,422,0,1,3
953,Drainage,Pending,23.25126944293712,77.39841516015801,0,2,0.213739771878345,223,1,2,3
954,Pothole,Pending,23.252219399683913,77.39938407694073,1,2,0.2282488614828591,422,1,1,3
955,Streetlight,Cancelled,23.250819637313857,77.3962127706661,2,0,0.1332026620042637,319,0,0,3
956,Waste,Pending,23.249517484690763,77.40042658741476,3,2,0.6291263618254901,478,1,1,3
957,Waste,Completed,23.251345147402404,77.40000241095073,3,1,0.2470039756147079,478,0,0,3
958,Water Supply,Completed,23.25379976386979,77.39836582273787,4,1,0.1286829182302498,158,0,0,3
959,Water Supply,Pending,23.249734732507235,77.40131849133687,4,2,0.4975307051065133,158,1,2,3
960,Drainage,Pending,23.24805094139066,77.40187514027527,0,2,0.2044900283135434,223,1,1,3
961,Streetlight,Pending,23.252214161338575,77.39678488027127,2,2,0.0993770461157687,319,1,1,3
962,Drainage,Completed,23.249759237672095,77.39847455044287,0,1,0.2691362168555656,223,0,1,3
963,Waste,Cancelled,23.24565466090797,77.39846171530043,3,0,0.0514709741491505,478,0,0,3
964,Pothole,Pending,23.2516948433543,77.3981201937978,1,2,0.2051276582198378,422,1,1,3
965,Pothole,Completed,23.24892934362809,77.40165894968386,1,1,0.2395099447697985,422,0,1,3
966,Streetlight,Pending,23.249818933435392,77.39961234772247,2,2,0.426381398292075,319,1,1,3
967,Pothole,Completed,23.25066396066114,77.39947097031738,1,1,0.3055555197649667,422,0,1,3
968,Waste,Pending,23.250380999359557,77.3959922752712,3,2,0.1711178822006511,478,1,1,3
969,Streetlight,Cancelled,23.25141890363428,77.40127083606042,2,0,0.1502313526478823,319,0,0,3
970,Drainage,Completed,23.24912902725886,77.3975214832103,0,1,0.1127904080920126,223,0,0,3
971,Pothole,Completed,23.25102621159635,77.40011986526054,1,1,0.355287493355867,422,0,1,3
972,Waste,Completed,23.24948090664483,77.40055475387592,3,1,0.7109588984017048,478,0,0,3
973,Waste,Completed,23.251477620961776,77.40272131719168,3,1,0.2573170970805574,478,0,0,3
974,Waste,Cancelled,23.251230734968026,77.39738235920177,3,0,0.2383267432887677,478,0,0,3
975,Waste,Completed,23.248129122595913,77.39396097568836,3,1,0.0298159906397354,478,0,0,3
976,Streetlight,Cancelled,23.25217196423235,77.40036769908951,2,0,0.3383249519753892,319,0,0,3
977,Streetlight,Completed,23.248928073109777,77.40360102236303,2,1,0.1244385076543433,319,0,0,3
978,Streetlight,Pending,23.25161611559656,77.40247789270589,2,2,0.3081056718430847,319,1,1,3
979,Pothole,Completed,23.250734574626804,77.40041931883056,1,1,0.1699452789948647,422,0,1,3
980,Drainage,Pending,23.25367636735359,77.39901672762875,0,2,0.0994892236081701,223,1,1,3
981,Waste,Pending,23.249553068035254,77.40161424519329,3,2,0.2326526623827623,478,1,1,3
982,Pothole,Completed,23.249301366407764,77.3980529076006,1,1,0.1272237720635397,422,0,0,3
983,Drainage,Completed,23.249961160788224,77.40095271553872,0,1,0.3611059693971781,223,0,1,3
984,Waste,Pending,23.24939364043433,77.40101094031834,3,2,0.3329701202533224,478,1,1,3
985,Waste,Pending,23.251599883803884,77.402120419815,3,2,0.2281232246174001,478,1,1,3
986,Drainage,Pending,23.24676737878313,77.40551932007783,0,2,0.0681483545218352,223,1,1,3
987,Pothole,Cancelled,23.24789263516171,77.40078483193436,1,0,0.2262054928435889,422,0,1,3
988,Streetlight,Pending,23.24786439415684,77.3989820727486,2,2,0.2495259654648312,319,1,1,3
989,Waste,Pending,23.251900615183946,77.39994885137563,3,2,0.5506904341755064,478,1,1,3
990,Streetlight,Completed,23.253421226745164,77.39646184819023,2,1,0.0762868863273187,319,0,0,3
991,Pothole,Completed,23.249791101562924,77.39861057373783,1,1,0.2990713540559325,422,0,1,3
992,Waste,Pending,23.24966235655362,77.39918143512378,3,2,0.2692803575804258,478,1,1,3
993,Streetlight,Completed,23.250140104326228,77.39895182320414,2,1,0.2933364114894626,319,0,0,3
994,Waste,Pending,23.252323756605215,77.40030470974408,3,2,0.3217755159086416,478,1,1,3
995,Pothole,Cancelled,23.248145293731618,77.39835516013524,1,0,0.2336145026623335,422,0,1,3
996,Waste,Pending,23.25047673796547,77.40224206133466,3,2,0.2605332609430734,478,1,1,3
997,Waste,Pending,23.251950395259566,77.40000041412985,3,2,0.4859941115421686,478,1,1,3
998,Waste,Pending,23.25100218833988,77.39998139935773,3,2,0.3857030370611509,478,1,1,3
999,Waste,Pending,23.2503791632332,77.39934421056698,3,2,0.2252403368295549,478,1,1,3
1000,Water Supply,Completed,23.252002092185133,77.40031038136772,4,1,0.2709183294312324,158,0,1,3
1001,Waste,Pending,23.244593535414,77.40165019652935,3,2,0.0501808812058448,478,1,1,3
1002,Pothole,Pending,23.25135575063906,77.39826573956859,1,2,0.2191399759483265,422,1,1,3
1003,Waste,Pending,23.248691848633744,77.39868376702185,3,2,0.2687877226582901,478,1,1,3
1004,Pothole,Pending,23.246338734206287,77.39939254794245,1,2,0.0844664203089003,422,1,1,3
1005,Water Supply,Pending,23.25102240519905,77.39730825815306,4,2,0.2245178702305403,158,1,2,3
1006,Waste,Completed,23.252747317090325,77.39836148428056,3,1,0.0968187287917515,478,0,0,3
1007,Water Supply,Completed,23.249725102970743,77.39904755825292,4,1,0.2418683670964855,158,0,1,3
1008,Waste,Cancelled,23.251905749094405,77.40174877836144,3,0,0.1447815964829576,478,0,0,3
1009,Streetlight,Completed,23.253224556515978,77.40052512265801,2,1,0.13018837699219,319,0,0,3
1010,Pothole,Completed,23.252629828907168,77.40038717982274,1,1,0.1961491482901856,422,0,0,3
1011,Drainage,Pending,23.253279929058746,77.40170179592434,0,2,0.1362491633376832,223,1,1,3
1012,Streetlight,Completed,23.251484254982145,77.39972525642321,2,1,0.2506460872350211,319,0,0,3
1013,Pothole,Completed,23.250150867277803,77.40078092969986,1,1,0.396929610983332,422,0,1,3
1014,Waste,Completed,23.24679606837621,77.39979355649415,3,1,0.1209314376047639,478,0,0,3
1015,Waste,Pending,23.249507875023745,77.40053072469881,3,2,0.7867350870788663,478,1,1,3
1016,Water Supply,Pending,23.248313506809367,77.39883448268478,4,2,0.3937977961338328,158,1,2,3
1017,Pothole,Completed,23.254341885434997,77.39512236568345,1,1,0.0384416311160295,422,0,0,3
1018,Pothole,Completed,23.249648228375136,77.39973144167563,1,1,0.2990820262645225,422,0,1,3
1019,Drainage,Cancelled,23.25024640961357,77.4028454962722,0,0,0.1459412455081663,223,0,1,3
1020,Pothole,Pending,23.251102970752083,77.4018524308045,1,2,0.1977728865028121,422,1,1,3
1021,Water Supply,Pending,23.250087204892743,77.40193079496919,4,2,0.296602935968983,158,1,2,3
1022,Streetlight,Pending,23.25339010208086,77.40247226144362,2,2,0.1162490184466799,319,1,1,3
1023,Streetlight,Completed,23.248754701276532,77.40017731518194,2,1,0.3127869060839151,319,0,0,3
1024,Drainage,Pending,23.250389214910474,77.40039463141481,0,2,0.2240527762014472,223,1,2,3
1025,Waste,Pending,23.248515058828605,77.39876469620914,3,2,0.4645901132579325,478,1,1,3
1026,Waste,Cancelled,23.24735995497756,77.39936785428795,3,0,0.1491116163071603,478,0,0,3
1027,Pothole,Pending,23.24877646181819,77.40123154229954,1,2,0.240237021749654,422,1,2,3
1028,Waste,Completed,23.249925926405904,77.40240776887434,3,1,0.189858240956193,478,0,0,3
1029,Streetlight,Pending,23.249141395550964,77.39972110744864,2,2,0.645063805117749,319,1,1,3
1030,Water Supply,Completed,23.248615158040252,77.3990996214703,4,1,0.2964820521753888,158,0,1,3
1031,Pothole,Completed,23.247187365072655,77.40000105591771,1,1,0.161837397640483,422,0,0,3
1032,Pothole,Cancelled,23.249833788854744,77.40120241349787,1,0,0.418253215702534,422,0,1,3
1033,Water Supply,Cancelled,23.246990559251937,77.39711229036774,4,0,0.078189867298471,158,0,1,3
1034,Pothole,Pending,23.25152011192738,77.39540763809373,1,2,0.059858671025218,422,1,1,3
1035,Pothole,Pending,23.25016487950587,77.39889892630102,1,2,0.3061051547663634,422,1,2,3
1036,Pothole,Pending,23.24708489700107,77.39755857514818,1,2,0.101578936184246,422,1,1,3
1037,Water Supply,Completed,23.2493815818459,77.39898371960471,4,1,0.2452931420008521,158,0,1,3
1038,Streetlight,Completed,23.248495687188814,77.39970443936237,2,1,0.2745639854691767,319,0,0,3
1039,Drainage,Pending,23.25063834902084,77.39909350318196,0,2,0.2785785727810926,223,1,2,3
1040,Drainage,Completed,23.252680900892045,77.40290493506895,0,1,0.1251495740917008,223,0,0,3
1041,Pothole,Pending,23.24624965506071,77.4006534895292,1,2,0.1239212226567939,422,1,1,3
1042,Pothole,Completed,23.250230052158297,77.40060094871923,1,1,0.4138207314462225,422,0,1,3
1043,Drainage,Cancelled,23.24967973440887,77.40124441428809,0,0,0.5364678116164009,223,0,1,3
1044,Pothole,Pending,23.251342680152906,77.39772233376445,1,2,0.2253027417882356,422,1,1,3
1045,Drainage,Pending,23.250426393256475,77.40207822357485,0,2,0.3430331957810462,223,1,2,3
1046,Water Supply,Pending,23.24849606133652,77.39984847142694,4,2,0.2279102397643572,158,1,2,3
1047,Streetlight,Completed,23.249361892128668,77.40134096123448,2,1,0.3192537140002894,319,0,0,3
1048,Streetlight,Completed,23.248407948286392,77.39785628553392,2,1,0.1636926712997728,319,0,1,3
1049,Drainage,Pending,23.252152014277197,77.39689248246798,0,2,0.1059928413866358,223,1,1,3
1050,Drainage,Pending,23.250042623297343,77.40163577931605,0,2,0.2002034837288683,223,1,1,3
1051,Pothole,Pending,23.240752819052194,77.42211987276809,1,2,0.1261855588889298,422,1,1,4
1052,Waste,Pending,23.238195896891284,77.42123401189916,3,2,0.3065433520784181,478,1,1,4
1053,Pothole,Completed,23.23826067383745,77.4213671386464,1,1,0.2720917530065402,422,0,0,4
1054,Streetlight,Pending,23.242250869568828,77.4172680885776,2,2,0.184840684745508,319,1,1,4
1055,Pothole,Completed,23.237621176214265,77.42242388797078,1,1,0.1317496429099946,422,0,0,4
1056,Streetlight,Completed,23.24328534590651,77.42052250106246,2,1,0.1592924223757764,319,0,0,4
1057,Pothole,Pending,23.238198758530704,77.4192614457215,1,2,0.2342771936872154,422,1,1,4
1058,Streetlight,Pending,23.241276783851216,77.42028677693469,2,2,0.2267022722146531,319,1,1,4
1059,Waste,Completed,23.2393427630485,77.41644752953421,3,1,0.0776259784115075,478,0,0,4
1060,Streetlight,Cancelled,23.241206374862163,77.42081730562296,2,0,0.4247266540191973,319,0,0,4
1061,Pothole,Pending,23.23891177199577,77.41794125698364,1,2,0.1870346759549283,422,1,1,4
1062,Waste,Pending,23.239674414187853,77.41729465942831,3,2,0.1806505953543626,478,1,1,4
1063,Waste,Pending,23.24008183835079,77.41695528162757,3,2,0.1622073211295705,478,1,1,4
1064,Streetlight,Completed,23.23799562508843,77.42222537674998,2,1,0.1462506168589972,319,0,0,4
1065,Pothole,Pending,23.24148164869084,77.41874147321262,1,2,0.2613340230584657,422,1,1,4
1066,Waste,Pending,23.238973572867057,77.42306745541984,3,2,0.1499672285001477,478,1,1,4
1067,Water Supply,Completed,23.23954280016932,77.4189283970739,4,1,0.1837721034360655,158,0,1,4
1068,Streetlight,Completed,23.238011301250783,77.41658528408482,2,1,0.0836450060321965,319,0,0,4
1069,Water Supply,Pending,23.234875332682407,77.4177669511201,4,2,0.0455131441980977,158,1,2,4
1070,Pothole,Completed,23.2396179444748,77.42247162324001,1,1,0.1972768496703711,422,0,0,4
1071,Pothole,Completed,23.244825230843222,77.41968820364413,1,1,0.0483910615494043,422,0,0,4
1072,Drainage,Pending,23.241569208575793,77.41890342540702,0,2,0.2132393212498888,223,1,1,4
1073,Pothole,Pending,23.23996147924053,77.42032003645171,1,2,0.226524856396994,422,1,1,4
1074,Streetlight,Completed,23.23947421834158,77.42100356547233,2,1,0.389692957218097,319,0,2,4
1075,Waste,Pending,23.240044931785626,77.4222347976318,3,2,0.1472567081855722,478,1,1,4
1076,Pothole,Completed,23.24109423823035,77.42289699845979,1,1,0.2034106246200625,422,0,0,4
1077,Waste,Cancelled,23.237638374369386,77.41928046270843,3,0,0.2285487649314125,478,0,0,4
1078,Waste,Pending,23.242228643389335,77.41734790462783,3,2,0.1834549967672887,478,1,1,4
1079,Waste,Pending,23.24143076263088,77.41917306967775,3,2,0.1651336986932763,478,1,1,4
1080,Waste,Pending,23.241436371451417,77.42052056101316,3,2,0.3556633623776729,478,1,1,4
1081,Water Supply,Completed,23.240876951477617,77.41807248214758,4,1,0.2133176440825665,158,0,1,4
1082,Waste,Cancelled,23.240039233315382,77.41808569817022,3,0,0.2727874693191729,478,0,0,4
1083,Streetlight,Completed,23.241345722471937,77.4206875757631,2,1,0.4617996098910267,319,0,0,4
1084,Drainage,Pending,23.24118362826748,77.41990269529686,0,2,0.2926616920046552,223,1,1,4
1085,Streetlight,Completed,23.23929191857812,77.42006559399083,2,1,0.2643618580599269,319,0,0,4
1086,Waste,Pending,23.238852796454204,77.4184830093306,3,2,0.2637092644781421,478,1,1,4
1087,Streetlight,Completed,23.24020371259052,77.41953919857158,2,1,0.5721639091286543,319,0,0,4
1088,Streetlight,Pending,23.24309804030299,77.41815153371147,2,2,0.1184076325274606,319,1,1,4
1089,Streetlight,Pending,23.237521785848692,77.42178039682226,2,2,0.1857122525844941,319,1,1,4
1090,Drainage,Completed,23.237064949468493,77.42207049866946,0,1,0.1064508722378649,223,0,0,4
1091,Water Supply,Completed,23.240329521682472,77.41630762427553,4,1,0.0896050237313993,158,0,1,4
1092,Streetlight,Pending,23.240101775403712,77.41814097827962,2,2,0.2987451644285242,319,1,1,4
1093,Pothole,Pending,23.240346683328735,77.41700694148982,1,2,0.1614822499064873,422,1,1,4
1094,Streetlight,Completed,23.240487906395817,77.41869995213119,2,1,0.1733748818630922,319,0,0,4
1095,Waste,Completed,23.23955359549073,77.41983312406042,3,1,0.3241655645545346,478,0,0,4
1096,Drainage,Pending,23.2429797268772,77.4171007095606,0,2,0.0983537442653299,223,1,1,4
1097,Waste,Pending,23.236798192043047,77.41815628037375,3,2,0.0783905111026423,478,1,1,4
1098,Pothole,Pending,23.238343005950437,77.41799208525583,1,2,0.1620526540537829,422,1,1,4
1099,Drainage,Cancelled,23.239793490479705,77.4204145346588,0,0,0.2246852640248834,223,0,1,4
1100,Streetlight,Completed,23.23671362237769,77.42013868867407,2,1,0.1478452413809563,319,0,0,4
1101,Pothole,Completed,23.239648291191138,77.41855652489333,1,1,0.2287952644821022,422,0,0,4
1102,Pothole,Completed,23.243322940331453,77.42035364174428,1,1,0.2024164155797398,422,0,0,4
1103,Drainage,Pending,23.24004177297659,77.41890663983082,0,2,0.2446093698328264,223,1,1,4
1104,Pothole,Completed,23.240461401811437,77.41945668977935,1,1,0.220677191119012,422,0,1,4
1105,Drainage,Pending,23.237479670469657,77.4233469041806,0,2,0.0980664859542089,223,1,1,4
1106,Waste,Pending,23.23876727718392,77.42268092210358,3,2,0.1956890608504235,478,1,1,4
1107,Drainage,Pending,23.23924960723935,77.41740083752615,0,2,0.1988636891005447,223,1,1,4
1108,Drainage,Pending,23.239364569806487,77.42165946483576,0,2,0.3378129887739188,223,1,1,4
1109,Waste,Cancelled,23.24256328759001,77.42162279310898,3,0,0.1685859020870643,478,0,0,4
1110,Pothole,Pending,23.24111538212145,77.41770347342249,1,2,0.3341649849865082,422,1,1,4
1111,Waste,Completed,23.23777708408613,77.42163755528752,3,1,0.224462299722139,478,0,0,4
1112,Streetlight,Completed,23.24049300955686,77.42307586383683,2,1,0.112762398846879,319,0,0,4
1113,Pothole,Pending,23.240996443496993,77.41775491038752,1,2,0.347072198930797,422,1,1,4
1114,Streetlight,Pending,23.24228029807704,77.41816499435798,2,2,0.1039823274258882,319,1,1,4
1115,Waste,Pending,23.243161081373135,77.4220353229337,3,2,0.1451381533480953,478,1,1,4
1116,Waste,Completed,23.237969811616345,77.42054299062166,3,1,0.1647389273700973,478,0,0,4
1117,Waste,Pending,23.23837828497758,77.42110295255048,3,2,0.2257877684417784,478,1,1,4
1118,Pothole,Pending,23.237484844282168,77.4206811784328,1,2,0.1683937823657479,422,1,1,4
1119,Streetlight,Completed,23.239531960281784,77.42078139184186,2,1,0.3225703810666703,319,0,0,4
1120,Drainage,Completed,23.24093271674889,77.41734705574338,0,1,0.3050902299355466,223,0,0,4
1121,Streetlight,Pending,23.241974669033176,77.42209463541325,2,2,0.1918530473294439,319,1,1,4
1122,Pothole,Completed,23.239848097952713,77.42233917998486,1,1,0.1807373657515474,422,0,0,4
1123,Water Supply,Completed,23.23936030495349,77.41954121851187,4,1,0.2260739325236584,158,0,1,4
1124,Streetlight,Completed,23.240303515984497,77.41991304610038,2,1,0.3274744072948059,319,0,0,4
1125,Water Supply,Completed,23.238329714196738,77.41693778499489,4,1,0.0970948113052249,158,0,1,4
1126,Pothole,Pending,23.244179077443388,77.42102850951204,1,2,0.0804408145810487,422,1,1,4
1127,Waste,Completed,23.236784677945764,77.42114411488343,3,1,0.1111749835196211,478,0,0,4
1128,Waste,Completed,23.24036948115779,77.419875617966,3,1,0.3045332633931414,478,0,0,4
1129,Streetlight,Completed,23.244047212438456,77.42224870671974,2,1,0.0858751616875598,319,0,0,4
1130,Waste,Completed,23.240013599689117,77.41933184553804,3,1,0.4728771957231399,478,0,0,4
1131,Pothole,Completed,23.239619921929997,77.42112921185179,1,1,0.3205871587527085,422,0,0,4
1132,Pothole,Pending,23.239285109154377,77.41796067132262,1,2,0.2117131033357933,422,1,1,4
1133,Streetlight,Completed,23.239639216636473,77.41995289569826,2,1,0.371913933080064,319,0,0,4
1134,Streetlight,Completed,23.242745696949353,77.4196512914842,2,1,0.1682760563874099,319,0,0,4
1135,Waste,Completed,23.23557627617734,77.42045061584409,3,1,0.0612802284548472,478,0,0,4
1136,Pothole,Pending,23.24306686740259,77.41926094614233,1,2,0.1688603845431303,422,1,1,4
1137,Streetlight,Cancelled,23.237152085695097,77.41973705480866,2,0,0.1953346340094425,319,0,0,4
1138,Water Supply,Completed,23.23946669534153,77.42165209434289,4,1,0.3501574554860038,158,0,1,4
1139,Streetlight,Pending,23.239141511159403,77.41912647152553,2,2,0.30335840780408,319,1,1,4
1140,Water Supply,Completed,23.24117710653954,77.41678684579853,4,1,0.1288672727039474,158,0,1,4
1141,Drainage,Completed,23.236803751296232,77.42349916780842,0,1,0.099011670270349,223,0,0,4
1142,Streetlight,Completed,23.24092434533216,77.42276290815738,2,1,0.198534679206416,319,0,0,4
1143,Waste,Pending,23.244048619246573,77.4174154746098,3,2,0.0765447310575877,478,1,1,4
1144,Streetlight,Completed,23.23727365199081,77.42137941561049,2,1,0.1450544838986505,319,0,0,4
1145,Streetlight,Pending,23.24037941233522,77.4189940504589,2,2,0.1950678618427861,319,1,1,4
1146,Streetlight,Completed,23.238676035644406,77.42052697443066,2,1,0.2528598623153873,319,0,0,4
1147,Pothole,Completed,23.240851774412384,77.42058844825803,1,1,0.3595329183267634,422,0,1,4
1148,Pothole,Completed,23.24003829555483,77.41953118439937,1,1,0.5606769746594377,422,0,1,4
1149,Pothole,Completed,23.23871702618191,77.41843246866883,1,1,0.2496704237053217,422,0,0,4
1150,Pothole,Completed,23.24097574456974,77.41861891789537,1,1,0.2402571799945674,422,0,0,4
1151,Waste,Pending,23.24360869621957,77.41816761616904,3,2,0.1394908763778735,478,1,1,4
1152,Drainage,Completed,23.239618192416543,77.41833635558353,0,1,0.2344770843982254,223,0,0,4
1153,Waste,Pending,23.241439515884295,77.4198656434199,3,2,0.2314345979545713,478,1,1,4
1154,Waste,Pending,23.237413454084255,77.41856848002178,3,2,0.1116765325108665,478,1,1,4
1155,Pothole,Pending,23.238087127246363,77.42136410413143,1,2,0.2653388703847708,422,1,1,4
1156,Streetlight,Completed,23.24094481255576,77.42297449231067,2,1,0.1982252491026827,319,0,0,4
1157,Pothole,Pending,23.24296823205707,77.41883989351726,1,2,0.1588885892300851,422,1,1,4
1158,Waste,Pending,23.24071122669757,77.42047880900107,3,2,0.3186127927567918,478,1,1,4
1159,Streetlight,Pending,23.239373883938953,77.42099937022061,2,2,0.3383997129778008,319,1,1,4
1160,Pothole,Pending,23.239998582810845,77.42094400454184,1,2,0.2072461999007799,422,1,0,4
1161,Water Supply,Completed,23.23749918453206,77.42015191053584,4,1,0.1560151498513538,158,0,1,4
1162,Water Supply,Completed,23.24120903065271,77.42148536483673,4,1,0.1437967260971469,158,0,1,4
1163,Pothole,Pending,23.241764666124645,77.42096449790536,1,2,0.174705590983569,422,1,1,4
1164,Pothole,Completed,23.23909581933433,77.41752467515535,1,1,0.2126813220737046,422,0,0,4
1165,Streetlight,Completed,23.23905991570448,77.42173831212878,2,1,0.2829346442545406,319,0,0,4
1166,Waste,Completed,23.2405317564593,77.42177458167454,3,1,0.1357718623239551,478,0,0,4
1167,Pothole,Pending,23.23912656052792,77.41847342779164,1,2,0.1979574056653218,422,1,1,4
1168,Pothole,Completed,23.239867734770748,77.4200758756709,1,1,0.2740911225443417,422,0,1,4
1169,Water Supply,Pending,23.24419944357833,77.42136665798563,4,2,0.0784669932749642,158,1,0,4
1170,Waste,Pending,23.239505948598502,77.41958137236084,3,2,0.2435755266617461,478,1,1,4
1171,Streetlight,Pending,23.239283319695957,77.42214595609553,2,2,0.301695686356993,319,1,1,4
1172,Streetlight,Completed,23.238704916388727,77.42472774498924,2,1,0.0672528181594536,319,0,0,4
1173,Pothole,Pending,23.241488383942997,77.41842802793474,1,2,0.2418131222859557,422,1,1,4
1174,Waste,Pending,23.23963755165356,77.41723791079369,3,2,0.1842154593874833,478,1,1,4
1175,Water Supply,Pending,23.238701253923356,77.42060763719121,4,2,0.2453337235723125,158,1,2,4
1176,Pothole,Completed,23.242642608064543,77.42144312501026,1,1,0.1848561063449913,422,0,0,4
1177,Streetlight,Completed,23.242839206009027,77.4195382672523,2,1,0.1757824436403892,319,0,0,4
1178,Waste,Pending,23.23879915286852,77.42290652132664,3,2,0.1796361266304137,478,1,1,4
1179,Pothole,Completed,23.23626692009728,77.41732278840055,1,1,0.0501135918027146,422,0,0,4
1180,Pothole,Completed,23.242015027379672,77.42138583724606,1,1,0.146986087401977,422,0,0,4
1181,Waste,Completed,23.23863074034848,77.41878827835848,3,1,0.1722540602035224,478,0,0,4
1182,Waste,Pending,23.241581251198323,77.42343875581241,3,2,0.1231188316586227,478,1,1,4
1183,Drainage,Completed,23.236059792364575,77.42398503070633,0,1,0.0684883502173123,223,0,0,4
1184,Waste,Pending,23.2417851946766,77.41846668682443,3,2,0.179706460030445,478,1,1,4
1185,Waste,Completed,23.237577656141436,77.41890088572818,3,1,0.1486140095459129,478,0,0,4
1186,Pothole,Pending,23.24146152823813,77.42171917577396,1,2,0.2331001959568862,422,1,1,4
1187,Drainage,Pending,23.240028546135672,77.41922573870042,0,2,0.3467394639598243,223,1,1,4
1188,Waste,Pending,23.238092121161205,77.41990917756414,3,2,0.1494702102171922,478,1,1,4
1189,Streetlight,Completed,23.239185927374145,77.42005077684108,2,1,0.2467007237443363,319,0,0,4
1190,Waste,Pending,23.241372636913912,77.41616065368761,3,2,0.0789742078602876,478,1,1,4
1191,Waste,Completed,23.24021178890623,77.41997232450781,3,1,0.2913155445974484,478,0,0,4
1192,Waste,Pending,23.241168825960944,77.41862054445187,3,2,0.2963015882323327,478,1,1,4
1193,Drainage,Completed,23.24395288116903,77.4190137543552,0,1,0.0879734085319666,223,0,0,4
1194,Waste,Completed,23.236871516776574,77.42288726400695,3,1,0.0920497132664814,478,0,0,4
1195,Waste,Pending,23.243234425149936,77.41748698621144,3,2,0.1056237834426162,478,1,1,4
1196,Pothole,Completed,23.240208711875045,77.42162641037349,1,1,0.1308503637998689,422,0,0,4
1197,Drainage,Completed,23.238202431903353,77.41944207413934,0,1,0.2692171124602382,223,0,0,4
1198,Waste,Pending,23.23733937274852,77.41944047966301,3,2,0.2123231922107666,478,1,1,4
1199,Pothole,Completed,23.239621759218444,77.4215807437921,1,1,0.2586122640033815,422,0,0,4
1200,Waste,Pending,23.24184330022385,77.42068010258915,3,2,0.1762850934886954,478,1,1,4
1201,Pothole,Completed,23.239744901759245,77.42114122599445,1,1,0.2694675309283366,422,0,0,4
1202,Streetlight,Completed,23.243022309860493,77.42193636932107,2,1,0.1623739553415496,319,0,1,4
1203,Streetlight,Pending,23.237097648619898,77.41933738323364,2,2,0.1674475493096761,319,1,0,4
1204,Pothole,Pending,23.239975822104302,77.418775526531,1,2,0.2204342976112662,422,1,1,4
1205,Pothole,Completed,23.23749521311117,77.41782969894689,1,1,0.0949633569876165,422,0,0,4
1206,Waste,Completed,23.240727263765248,77.41834917894005,3,1,0.2095589144002152,478,0,0,4
1207,Pothole,Cancelled,23.241773774780192,77.42589818885062,1,0,0.0274939562790466,422,0,0,4
1208,Waste,Pending,23.239158476412637,77.42248935916147,3,2,0.2165694313192686,478,1,1,4
1209,Drainage,Completed,23.234791572286746,77.41729785126759,0,1,0.0400809222672977,223,0,0,4
1210,Water Supply,Cancelled,23.24039789629359,77.41735508408651,4,0,0.1610289187766802,158,0,1,4
1211,Water Supply,Pending,23.240873477103467,77.42096373212344,4,2,0.2846005602470622,158,1,2,4
1212,Drainage,Pending,23.24080858950992,77.42109452959475,0,2,0.2156670226674417,223,1,1,4
1213,Streetlight,Completed,23.24247156438364,77.42109776767063,2,1,0.2075298604062551,319,0,0,4
1214,Streetlight,Completed,23.2378578926407,77.4194900884129,2,1,0.2688470717873363,319,0,0,4
1215,Waste,Completed,23.2413604322109,77.41974909148,3,1,0.2275739943979186,478,0,0,4
1216,Streetlight,Completed,23.24238501502495,77.42065575904832,2,1,0.1377245517377247,319,0,0,4
1217,Pothole,Pending,23.236442824831983,77.42017178601259,1,2,0.11761545312604,422,1,1,4
1218,Pothole,Completed,23.240639303651836,77.4155613992545,1,1,0.0716677325761826,422,0,0,4
1219,Drainage,Pending,23.238991640337986,77.41954040073885,0,2,0.1817917007688627,223,1,1,4
1220,Waste,Pending,23.239836954653796,77.41829718713149,3,2,0.2974313382297735,478,1,1,4
1221,Pothole,Completed,23.240695352967077,77.42035042283781,1,1,0.2812948450942874,422,0,1,4
1222,Water Supply,Pending,23.239025542871772,77.42597051800522,4,2,0.0591603016251253,158,1,2,4
1223,Waste,Completed,23.238648583841677,77.42073496333094,3,1,0.2346739817467577,478,0,0,4
1224,Pothole,Completed,23.240068304834978,77.41937294062765,1,1,0.5178482697357284,422,0,1,4
1225,Water Supply,Completed,23.23782550812227,77.42184360300395,4,1,0.2027221010395429,158,0,1,4
1226,Streetlight,Pending,23.237828349742227,77.42096537577441,2,2,0.1845722520738433,319,1,1,4
1227,Pothole,Pending,23.24135874656591,77.4208401889809,1,2,0.3395822857172486,422,1,1,4
1228,Waste,Pending,23.23770241192968,77.42121370118643,3,2,0.1899033945742894,478,1,1,4
1229,Pothole,Cancelled,23.241332625001817,77.42411308712965,1,0,0.071894076489408,422,0,0,4
1230,Drainage,Completed,23.240925182585705,77.41773822312935,0,1,0.3093734308544252,223,0,0,4
1231,Streetlight,Completed,23.236548386542417,77.42094726415363,2,1,0.104594433213843,319,0,0,4
1232,Pothole,Pending,23.238644870695328,77.41814723774004,1,2,0.221429232630937,422,1,1,4
1233,Waste,Cancelled,23.24238821880609,77.42111102529269,3,0,0.2123706547901968,478,0,0,4
1234,Waste,Pending,23.23803766893772,77.41816262697704,3,2,0.1260518372263652,478,1,1,4
1235,Water Supply,Pending,23.23907119147538,77.41916526637279,4,2,0.2903796164764884,158,1,2,4
1236,Pothole,Completed,23.240924121786502,77.41940982017152,1,1,0.2900858576327197,422,0,1,4
1237,Streetlight,Cancelled,23.24156678101856,77.4219516334387,2,0,0.2794049653180588,319,0,0,4
1238,Waste,Pending,23.23949692222791,77.42183690888788,3,2,0.303620126048387,478,1,1,4
1239,Streetlight,Pending,23.238804979610617,77.4175085652471,2,2,0.1606670114058102,319,1,1,4
1240,Water Supply,Cancelled,23.242844739723395,77.420109868222,4,0,0.1389071791862828,158,0,1,4
1241,Streetlight,Pending,23.243477799327593,77.4185808402905,2,2,0.1349421607333876,319,1,1,4
1242,Waste,Pending,23.241957716101563,77.41748299017866,3,2,0.1643977803767928,478,1,1,4
1243,Streetlight,Completed,23.24017063628513,77.41956596589915,2,1,0.6523859583798949,319,0,0,4
1244,Drainage,Completed,23.238383468556716,77.41938303442309,0,1,0.1979482576132087,223,0,0,4
1245,Pothole,Completed,23.238339111186885,77.4248534329727,1,1,0.0675520832147031,422,0,0,4
1246,Drainage,Cancelled,23.24104502821053,77.42086591965072,0,0,0.343638204327292,223,0,1,4
1247,Streetlight,Completed,23.240836796441776,77.4172447649985,2,1,0.2338738419016061,319,0,0,4
1248,Drainage,Pending,23.242803197185893,77.41887045199167,0,2,0.1448778778897571,223,1,0,4
1249,Streetlight,Cancelled,23.24130090018507,77.42204276659086,2,0,0.2075924964020395,319,0,0,4
1250,Waste,Pending,23.23699383939648,77.42417688554575,3,2,0.070746754280281,478,1,1,4
1251,Pothole,Pending,23.242103895235445,77.41682803337552,1,2,0.1286567772651657,422,1,1,4
1252,Waste,Pending,23.23800387874537,77.41624015122973,3,2,0.0696112766652838,478,1,1,4
1253,Water Supply,Pending,23.239232057456093,77.42374193035074,4,2,0.0702347766191854,158,1,2,4
1254,Drainage,Pending,23.2405004004125,77.42077922835475,0,2,0.1846934463006456,223,1,1,4
1255,Streetlight,Pending,23.243991334979565,77.41826341453626,2,2,0.1116675413516,319,1,1,4
1256,Pothole,Completed,23.246219837112008,77.42106925817225,1,1,0.0269784821437241,422,0,0,4
1257,Waste,Completed,23.24121344611827,77.41472850452197,3,1,0.0614239273159165,478,0,0,4
1258,Drainage,Pending,23.239633606762556,77.42000675101319,0,2,0.3673020575340768,223,1,1,4
1259,Pothole,Cancelled,23.24106901129696,77.4206556423457,1,0,0.3776901054312814,422,0,1,4
1260,Waste,Pending,23.241775310851747,77.42184854027907,3,2,0.2462292592183469,478,1,1,4
1261,Streetlight,Pending,23.239358664748885,77.41797220809542,2,2,0.2023628985676695,319,1,1,4
1262,Waste,Pending,23.243590422711826,77.4201713743228,3,2,0.1563887423738722,478,1,1,4
1263,Pothole,Pending,23.24046014151838,77.41814915074788,1,2,0.1950698293859219,422,1,1,4
1264,Pothole,Pending,23.240995486178186,77.42051076751135,1,2,0.3215421746430523,422,1,2,4
1265,Waste,Completed,23.241331848504107,77.41820930735527,3,1,0.1946568679133629,478,0,2,4
1266,Water Supply,Cancelled,23.240843173221226,77.41918379832168,4,0,0.2947077147259396,158,0,1,4
1267,Waste,Cancelled,23.24167788100094,77.41800836921043,3,0,0.1713696972126515,478,0,0,4
1268,Waste,Pending,23.238765493626904,77.42130227248364,3,2,0.1562934444500437,478,1,1,4
1269,Waste,Completed,23.238883396492103,77.42171690223331,3,1,0.2064598808278183,478,0,0,4
1270,Drainage,Pending,23.237799691534057,77.41953075886009,0,2,0.2427390640625869,223,1,1,4
1271,Pothole,Pending,23.24087900246124,77.42007647598992,1,2,0.2313163468225424,422,1,2,4
1272,Streetlight,Completed,23.24155787300702,77.41710281717073,2,1,0.1292306143731558,319,0,0,4
1273,Waste,Completed,23.240915545732303,77.41940064670399,3,1,0.2988309100793451,478,0,0,4
1274,Waste,Pending,23.243348984866692,77.41989959076592,3,2,0.1489569777158387,478,1,1,4
1275,Pothole,Completed,23.23998880796234,77.42524158618207,1,1,0.0435780657797952,422,0,0,4
1276,Drainage,Pending,23.241337483311185,77.41777606594846,0,2,0.2155305089824572,223,1,1,4
1277,Drainage,Completed,23.23781659824772,77.4229283544775,0,1,0.1050121805612517,223,0,0,4
1278,Waste,Pending,23.23922580059505,77.42199371754694,3,2,0.3784082516999251,478,1,1,4
1279,Pothole,Cancelled,23.24139107551513,77.42056127280898,1,0,0.3978375256129718,422,0,1,4
1280,Water Supply,Pending,23.241698204221485,77.4235172409684,4,2,0.1100597022781729,158,1,2,4
1281,Pothole,Pending,23.23941206610467,77.42074421094522,1,2,0.2803671092015684,422,1,2,4
1282,Drainage,Pending,23.239856801496284,77.42077831839134,0,2,0.2346064532333475,223,1,1,4
1283,Waste,Pending,23.23696425250664,77.41989375869397,3,2,0.1701172131877745,478,1,1,4
1284,Water Supply,Pending,23.239285941598386,77.42244713776483,4,2,0.2477744280679902,158,1,0,4
1285,Drainage,Completed,23.24178076632704,77.42219293846762,0,1,0.2277400267754215,223,0,0,4
1286,Water Supply,Completed,23.241150410032212,77.41874864542501,4,1,0.270838376085115,158,0,1,4
1287,Streetlight,Cancelled,23.24100133144276,77.4173615056108,2,0,0.3005846897586266,319,0,0,4
1288,Pothole,Completed,23.24009954737436,77.41959403872521,1,1,0.6122274926721503,422,0,1,4
1289,Water Supply,Completed,23.240014126317256,77.4183999228712,4,1,0.2598017044814459,158,0,1,4
1290,Waste,Pending,23.23867935772105,77.41987295085077,3,2,0.1540536939338896,478,1,1,4
1291,Pothole,Completed,23.241397656840405,77.42247487626938,1,1,0.1988319614095668,422,0,0,4
1292,Streetlight,Pending,23.24084194588878,77.41908539668982,2,2,0.2503761355341087,319,1,1,4
1293,Drainage,Pending,23.240984037695984,77.41991435323737,0,2,0.2403432719351727,223,1,1,4
1294,Water Supply,Pending,23.238947930314666,77.42011604546961,4,2,0.2080877243776406,158,1,2,4
1295,Waste,Pending,23.235693314160255,77.42169686176442,3,2,0.0527468821126689,478,1,1,4
1296,Drainage,Pending,23.242194305423507,77.41550622133204,0,2,0.0573144841018181,223,1,1,4
1297,Streetlight,Cancelled,23.239042325087983,77.41878659941047,2,0,0.22867892462214,319,0,0,4
1298,Waste,Pending,23.238274448471913,77.42042256738456,3,2,0.1765306374032758,478,1,1,4
1299,Pothole,Pending,23.241386957823828,77.42240015791286,1,2,0.2204834233017115,422,1,1,4
1300,Waste,Pending,23.23921597472016,77.41901619510499,3,2,0.3164235595813953,478,1,1,4
1301,Pothole,Pending,23.255908333965337,77.39107341260238,1,2,0.0148297644604525,422,1,0,19
1302,Water Supply,Pending,23.289730941234176,77.41685264501037,4,2,0.007573841425729,158,1,2,-1
1303,Streetlight,Pending,23.263443557096796,77.39371622132299,2,2,0.0199243261170365,319,1,1,14
1304,Streetlight,Completed,23.24916972915815,77.3993185837869,2,1,0.2493190432833267,319,0,0,3
1305,Water Supply,Completed,23.243106679554284,77.39572258801941,4,1,0.02128454820355,158,0,1,-1
1306,Pothole,Completed,23.25093123205717,77.39357026679212,1,1,0.0284075125431806,422,0,0,3
1307,Drainage,Completed,23.25225199642557,77.43214265709364,0,1,0.0229971432985688,223,0,0,-1
1308,Pothole,Completed,23.234022820663434,77.39974245405965,1,1,0.0116081479916525,422,0,0,-1
1309,Drainage,Pending,23.252074451965605,77.43822742691187,0,2,0.0242739706817608,223,1,1,-1
1310,Waste,Pending,23.257754311184353,77.44079559152071,3,2,0.0133800082902496,478,1,0,-1
1311,Water Supply,Completed,23.27326426513433,77.41687562819622,4,1,0.0175126095298225,158,0,1,5
1312,Waste,Pending,23.269303769083297,77.39118006735994,3,2,0.0150590877711088,478,1,0,8
1313,Pothole,Pending,23.27242593931375,77.40507289460277,1,2,0.0341544639428894,422,1,1,6
1314,Drainage,Completed,23.230401820912608,77.43046393580089,0,1,0.0129088074996194,223,0,0,-1
1315,Pothole,Completed,23.24296004397483,77.40464344372182,1,1,0.0330053593897666,422,0,0,7
1316,Streetlight,Pending,23.26960105730399,77.38782103309816,2,2,0.0369457137272536,319,1,1,8
1317,Pothole,Pending,23.258939362090786,77.41600709465568,1,2,0.3703801652743955,422,1,1,0
1318,Streetlight,Cancelled,23.230218808540094,77.43330725108976,2,0,0.0103373980799965,319,0,0,-1
1319,Waste,Completed,23.278169678545908,77.4303555832286,3,1,0.0180580570722315,478,0,0,-1
1320,Waste,Completed,23.27626857439742,77.39310738840781,3,1,0.0240763163348925,478,0,0,11
1321,Waste,Pending,23.262805149779613,77.42296587686475,3,2,0.0130643654724526,478,1,0,-1
1322,Pothole,Completed,23.233887799546572,77.39583025580613,1,1,0.0255118213637064,422,0,0,9
1323,Waste,Cancelled,23.275890902971955,77.39569245207312,3,0,0.0206447475350759,478,0,0,-1
1324,Pothole,Cancelled,23.26492281526388,77.43504430639831,1,0,0.0307520203767041,422,0,0,2
1325,Pothole,Pending,23.27681759862948,77.39758013716441,1,2,0.02075352708649,422,1,1,10
1326,Waste,Completed,23.27500481954375,77.39839484079108,3,1,0.0228610696716496,478,0,0,10
1327,Streetlight,Pending,23.27808012431747,77.38263920344568,2,2,0.0109029698276308,319,1,1,-1
1328,Drainage,Pending,23.260980483984277,77.43484014204753,0,2,0.0169699403731807,223,1,1,-1
1329,Waste,Completed,23.238319471091607,77.43015568879255,3,1,0.0102237711012482,478,0,0,-1
1330,Streetlight,Completed,23.27016944840278,77.42023973610544,2,1,0.0084993902384943,319,0,0,-1
1331,Streetlight,Cancelled,23.267128427103117,77.42761594583632,2,0,0.1115839840829326,319,0,0,2
1332,Pothole,Pending,23.274435191231944,77.39172291404546,1,2,0.0221497697025995,422,1,1,11
1333,Streetlight,Completed,23.24009286036304,77.41009941567525,2,1,0.0326775228531019,319,0,0,12
1334,Pothole,Cancelled,23.241598511994013,77.40367316324092,1,0,0.0265277844500841,422,0,0,7
1335,Pothole,Cancelled,23.28332457103316,77.38822659157542,1,0,0.0227311304636195,422,0,0,-1
1336,Waste,Pending,23.274898667907124,77.41176782911289,3,2,0.0210700576918873,478,1,0,-1
1337,Streetlight,Pending,23.284393709322018,77.43784437902056,2,2,0.0038024932086151,319,1,1,-1
1338,Streetlight,Completed,23.275422919269833,77.38500354714304,2,1,0.0095686066365454,319,0,0,-1
1339,Waste,Pending,23.265729318359416,77.40008765480962,3,2,0.034811894184803,478,1,0,13
1340,Pothole,Cancelled,23.26914796422167,77.39505245617234,1,0,0.0138521297164458,422,0,0,-1
1341,Water Supply,Cancelled,23.2832476754364,77.39688879921994,4,0,0.0229767887890516,158,0,1,-1
1342,Pothole,Pending,23.264628405270717,77.43710607311276,1,2,0.0174564665535411,422,1,1,-1
1343,Pothole,Pending,23.267843479459703,77.41068414325406,1,2,0.0182837842634283,422,1,1,6
1344,Water Supply,Pending,23.239288602960215,77.41057796477638,4,2,0.0340235145175447,158,1,2,12
1345,Streetlight,Cancelled,23.258335273206963,77.42823453854731,2,0,0.0079431675756022,319,0,0,-1
1346,Streetlight,Pending,23.27288382671749,77.39186953224029,2,2,0.0168281150962056,319,1,1,11
1347,Drainage,Pending,23.246156561898975,77.411835921246,0,2,0.0188272619202741,223,1,1,-1
1348,Drainage,Pending,23.24203525083147,77.40839911284726,0,2,0.0262416609830412,223,1,1,7
1349,Pothole,Completed,23.248729608493463,77.4184146414328,1,1,0.0128903361172923,422,0,0,-1
1350,Pothole,Pending,23.24439003767957,77.44257346219503,1,2,0.0065461032349557,422,1,1,-1
1351,Pothole,Pending,23.242794758222185,77.42876693364492,1,2,0.0168076297972532,422,1,1,-1
1352,Water Supply,Cancelled,23.255391050572083,77.40647194218104,4,0,0.0173880316187006,158,0,1,-1
1353,Streetlight,Cancelled,23.284370310833012,77.43225318313644,2,0,0.0184250082823353,319,0,0,-1
1354,Waste,Completed,23.26032357880432,77.39284250179874,3,1,0.0218354606666431,478,0,0,14
1355,Drainage,Pending,23.241175222848916,77.38442782117853,0,2,0.0119181571235967,223,1,1,-1
1356,Pothole,Pending,23.23451830016285,77.39486690234786,1,2,0.0236265310175903,422,1,1,9
1357,Waste,Completed,23.27166936870827,77.40302469336686,3,1,0.0393193030217969,478,0,0,6
1358,Pothole,Pending,23.25286792586618,77.41323484544758,1,2,0.029494102539536,422,1,1,1
1359,Pothole,Cancelled,23.27920985679512,77.41950774843247,1,0,0.0716561436658694,422,0,0,15
1360,Drainage,Completed,23.26947064611845,77.43723634303286,0,1,0.0335614903610564,223,0,0,16
1361,Waste,Pending,23.27767448703248,77.41319124057303,3,2,0.011691826665271,478,1,0,-1
1362,Drainage,Cancelled,23.246216762365105,77.41267653867754,0,0,0.0154076080564962,223,0,0,-1
1363,Streetlight,Cancelled,23.271441535347662,77.38561458058938,2,0,0.0202085776404747,319,0,0,-1
1364,Waste,Pending,23.24574371908162,77.38469469315937,3,2,0.0098230959268015,478,1,0,-1
1365,Water Supply,Completed,23.28624410876702,77.41566959771498,4,1,0.0217252389781498,158,0,1,17
1366,Pothole,Pending,23.268082456892,77.4088907167949,1,2,0.0198071059279346,422,1,1,6
1367,Waste,Pending,23.249370708010517,77.43295082369882,3,2,0.067830211048918,478,1,0,18
1368,Pothole,Pending,23.246070711737534,77.39224077508271,1,2,0.0175845181402676,422,1,1,-1
1369,Drainage,Pending,23.241355595104295,77.38409829972701,0,2,0.0116456451230678,223,1,1,-1
1370,Pothole,Cancelled,23.27157845753362,77.40954232607581,1,0,0.0249265703476096,422,0,0,6
1371,Waste,Pending,23.243022936779873,77.39684871340513,3,2,0.0229152970195267,478,1,0,-1
1372,Waste,Pending,23.265618195955646,77.38557686240033,3,2,0.0298534471619572,478,1,0,8
1373,Waste,Completed,23.245778101615517,77.42607589721085,3,1,0.0122357934042938,478,0,0,-1
1374,Drainage,Pending,23.26961813668763,77.38929557999744,0,2,0.0298010917496681,223,1,1,8
1375,Pothole,Completed,23.278796383712432,77.41909917000046,1,1,0.0563473800550372,422,0,0,15
1376,Waste,Pending,23.27658151458868,77.39946298501,3,2,0.0174060399000971,478,1,0,10
1377,Waste,Pending,23.275551079855845,77.3930097630213,3,2,0.0292313163775801,478,1,0,11
1378,Pothole,Pending,23.241163344341533,77.40538509137515,1,2,0.0316283644958575,422,1,1,7
1379,Water Supply,Completed,23.235203096819067,77.43068674657337,4,1,0.0134718722332344,158,0,1,-1
1380,Pothole,Pending,23.27183692970924,77.40612561461427,1,2,0.0309000491869884,422,1,1,6
1381,Water Supply,Completed,23.252000832827655,77.42764617895266,4,1,0.0088056128464142,158,0,1,-1
1382,Pothole,Pending,23.2558407735842,77.39012917780795,1,2,0.0145995687010015,422,1,1,19
1383,Waste,Pending,23.2317689455676,77.4289662851799,3,2,0.0129983116255563,478,1,0,-1
1384,Drainage,Pending,23.2454745869565,77.3968159994944,0,2,0.0371158599213366,223,1,1,3
1385,Pothole,Cancelled,23.231920584232466,77.42324358779334,1,0,0.0175942148433259,422,0,0,4
1386,Streetlight,Cancelled,23.282651146356073,77.41654689329046,2,0,0.0222053937536746,319,0,0,-1
1387,Water Supply,Pending,23.244503800993108,77.4383486830327,4,2,0.0198000700274178,158,1,2,20
1388,Waste,Pending,23.26334023017438,77.40583935107851,3,2,0.0247153703519503,478,1,0,0
1389,Waste,Pending,23.232238759239664,77.38656991133006,3,2,0.0073457317732612,478,1,0,-1
1390,Streetlight,Completed,23.26991084347834,77.38374932913307,2,1,0.0183518620834255,319,0,0,-1
1391,Waste,Pending,23.249281640745245,77.43221151365836,3,2,0.0791570793885059,478,1,0,18
1392,Waste,Cancelled,23.28377515121746,77.41408413825968,3,0,0.0173590691435329,478,0,0,-1
1393,Waste,Cancelled,23.283187091336043,77.4291146431101,3,0,0.0182964423776412,478,0,0,-1
1394,Waste,Pending,23.2494174371017,77.39666553600068,3,2,0.2777610775912602,478,1,1,3
1395,Drainage,Pending,23.283957653741428,77.4033050247308,0,2,0.0052479136980473,223,1,1,-1
1396,Waste,Completed,23.289669460409925,77.38440623233268,3,1,0.0083538802459806,478,0,0,21
1397,Pothole,Completed,23.27942493984743,77.44028953947445,1,1,0.0177356586311727,422,0,0,25
1398,Streetlight,Pending,23.280592280865314,77.42267207440204,2,2,0.0208335270020237,319,1,1,-1
1399,Pothole,Pending,23.244840524166545,77.43859230526556,1,2,0.022695266164771,422,1,1,20
1400,Waste,Pending,23.264502143931463,77.39852978444574,3,2,0.0201388577364721,478,1,0,13
1401,Drainage,Pending,23.23393535483804,77.41928781667353,0,2,0.0265209125053772,223,1,1,4
1402,Waste,Pending,23.235595076209297,77.42330999809755,3,2,0.0531264185218699,478,1,1,4
1403,Drainage,Pending,23.289833556722,77.40165298201545,0,2,0.0068289416551468,223,1,2,-1
1404,Drainage,Completed,23.249498354965553,77.43348655410094,0,1,0.0458134063095547,223,0,0,18
1405,Pothole,Pending,23.27479103472293,77.43942968777401,1,2,0.0185268151905328,422,1,1,-1
1406,Pothole,Pending,23.27829990318161,77.43569130706176,1,2,0.0161091517073901,422,1,1,-1
1407,Pothole,Pending,23.281381396260432,77.42694401855636,1,2,0.0218091881134847,422,1,1,22
1408,Pothole,Completed,23.289757697844127,77.39924788078349,1,1,0.0105660305711385,422,0,0,-1
1409,Drainage,Completed,23.24438978911541,77.39949696252633,0,1,0.0857296893073706,223,0,0,3
1410,Drainage,Pending,23.232321049611578,77.44040161922676,0,2,0.0093902273792563,223,1,1,-1
1411,Pothole,Completed,23.254571491079673,77.38321706975614,1,1,0.0007750128082216,422,0,0,-1
1412,Streetlight,Cancelled,23.237704840189735,77.42556299839453,2,0,0.050796690930399,319,0,0,4
1413,Water Supply,Pending,23.23124555334972,77.42497476975332,4,2,0.0135883824881081,158,1,2,4
1414,Water Supply,Pending,23.251525609628487,77.41996137245698,4,2,0.0115180371863957,158,1,2,-1
1415,Pothole,Pending,23.27692429506451,77.44200653076521,1,2,0.0137526983267625,422,1,1,-1
1416,Pothole,Pending,23.2638708414735,77.40131276614582,1,2,0.027032074622894,422,1,1,-1
1417,Waste,Pending,23.24866667935262,77.40299831182759,3,2,0.1250979025761565,478,1,0,3
1418,Water Supply,Cancelled,23.26916052032956,77.38733636417679,4,0,0.0389251241401541,158,0,1,8
1419,Waste,Completed,23.243821090818525,77.40916788819263,3,1,0.0268324639836151,478,0,0,7
1420,Streetlight,Completed,23.23076288676432,77.3982629115741,2,1,0.0080256536884347,319,0,0,-1
1421,Waste,Cancelled,23.275761203186185,77.40320320213065,3,0,0.0120601958356949,478,0,0,-1
1422,Waste,Pending,23.26732458509184,77.43267430741534,3,2,0.1705442281502401,478,1,1,2
1423,Pothole,Pending,23.275638157470055,77.43872907081165,1,2,0.0284562188673732,422,1,0,-1
1424,Water Supply,Completed,23.232236281001256,77.39374398432031,4,1,0.0151303820011281,158,0,1,-1
1425,Waste,Completed,23.280127177669836,77.4049505358932,3,1,0.0066288889799401,478,0,0,-1
1426,Streetlight,Pending,23.267071572002177,77.43831783372693,2,2,0.0182791762748616,319,1,1,-1
1427,Waste,Pending,23.263703721042756,77.38630850764135,3,2,0.0284953643372299,478,1,0,-1
1428,Waste,Completed,23.267376842886872,77.38814163168668,3,1,0.0365422618476789,478,0,0,8
1429,Pothole,Completed,23.2817659948121,77.39236745935237,1,1,0.0371146354433903,422,0,0,23
1430,Pothole,Completed,23.265116190393535,77.4183127700476,1,1,0.0189869519649115,422,0,0,-1
1431,Waste,Pending,23.26475702279329,77.39162833626035,3,2,0.0143875953508449,478,1,0,-1
1432,Pothole,Pending,23.289340749423943,77.44068458288704,1,2,0.0,422,1,1,-1
1433,Waste,Pending,23.275303810024113,77.4094028716355,3,2,0.0182318774847021,478,1,0,-1
1434,Pothole,Pending,23.256437628327067,77.412691077621,1,2,0.1508432995951258,422,1,1,0
1435,Water Supply,Cancelled,23.272343820001975,77.39739951694833,4,0,0.0124858569657006,158,0,1,-1
1436,Water Supply,Completed,23.253253828301503,77.41085761514609,4,1,0.0210012630024846,158,0,2,1
1437,Pothole,Pending,23.243632527749007,77.42231481795822,1,2,0.1045044978245192,422,1,1,4
1438,Streetlight,Completed,23.265711112613264,77.42767062821724,2,1,0.049414887358638,319,0,0,2
1439,Water Supply,Completed,23.285590925886837,77.42783208496259,4,1,0.0178420628944809,158,0,1,-1
1440,Waste,Pending,23.285648371200928,77.41727346676164,3,2,0.0275538113726083,478,1,0,17
1441,Drainage,Completed,23.250414316686328,77.43686158649963,0,1,0.0184360862671636,223,0,0,-1
1442,Water Supply,Completed,23.2615606479733,77.43164447083836,4,1,0.018614853307727,158,0,1,2
1443,Waste,Completed,23.24259815391419,77.42802288688192,3,1,0.0203622688589043,478,0,0,-1
1444,Waste,Pending,23.289637866569933,77.38593633130083,3,2,0.0076364991822966,478,1,0,21
1445,Water Supply,Completed,23.288767074472077,77.38301267773318,4,1,0.0072257683725456,158,0,1,21
1446,Pothole,Completed,23.268870535782444,77.39534683663173,1,1,0.0124925496622747,422,0,0,-1
1447,Waste,Pending,23.278164843580647,77.42241141563481,3,2,0.0242536743935839,478,1,0,27
1448,Waste,Pending,23.27280600967702,77.40727184933294,3,2,0.0300349735328868,478,1,0,6
1449,Pothole,Completed,23.265489493142365,77.40674437555796,1,1,0.0296095059933306,422,0,0,0
1450,Streetlight,Pending,23.233100879819332,77.43567521329378,2,2,0.0074414425269037,319,1,1,-1
1451,Streetlight,Completed,23.257185860553157,77.43633377088791,2,1,0.0225888600810169,319,0,0,-1
1452,Water Supply,Completed,23.270387178130044,77.43715051584321,4,1,0.0349972736244298,158,0,1,16
1453,Waste,Pending,23.27055189683302,77.4014326845909,3,2,0.0233459832077096,478,1,0,6
1454,Pothole,Pending,23.25228735710534,77.42406334876435,1,2,0.0115928113110112,422,1,1,-1
1455,Pothole,Completed,23.28640151919948,77.39889799087646,1,1,0.0136840206321329,422,0,2,-1
1456,Pothole,Pending,23.239941421934205,77.39403658998447,1,2,0.0253733279772708,422,1,1,-1
1457,Waste,Pending,23.25992156677293,77.39367794744084,3,2,0.0229224304396087,478,1,0,14
1458,Water Supply,Completed,23.27135303859305,77.40312645725182,4,1,0.0376918818871646,158,0,1,6
1459,Drainage,Completed,23.271728148353507,77.40839745718678,0,1,0.036625891883746,223,0,0,6
1460,Pothole,Cancelled,23.268818337406127,77.4324569502633,1,0,0.2933143515633146,422,0,1,2
1461,Streetlight,Completed,23.24641729280711,77.38979346560836,2,1,0.0109685160474039,319,0,0,-1
1462,Waste,Pending,23.23927239412119,77.42669555084369,3,2,0.0395458422081253,478,1,0,4
1463,Pothole,Cancelled,23.2680564196096,77.41448729485136,1,0,0.016962051259493,422,0,0,-1
1464,Streetlight,Completed,23.265858126968364,77.39987672056056,2,1,0.0323837836547607,319,0,0,13
1465,Pothole,Pending,23.240661360617352,77.41216917507197,1,2,0.0268243489652368,422,1,1,-1
1466,Water Supply,Pending,23.27220834873423,77.40059652418662,4,2,0.0207966654763574,158,1,1,6
1467,Streetlight,Completed,23.25721031950402,77.41836491731429,2,1,0.0444140806060939,319,0,0,0
1468,Pothole,Pending,23.269965635496188,77.40863063537131,1,2,0.0271256896909753,422,1,1,6
1469,Drainage,Completed,23.28014202478621,77.39246433174473,0,1,0.0327126874128346,223,0,0,23
1470,Waste,Pending,23.240083705714618,77.38959498447333,3,2,0.0173852184054785,478,1,0,26
1471,Pothole,Pending,23.231048692079806,77.41540174092432,1,2,0.0065365679844309,422,1,1,-1
1472,Pothole,Completed,23.276646155183744,77.43674478199716,1,1,0.0249207514922743,422,0,0,-1
1473,Pothole,Pending,23.266481845509155,77.40323746119346,1,2,0.0154160375446373,422,1,1,-1
1474,Drainage,Pending,23.271878374177327,77.42658000643335,0,2,0.1309563206228838,223,1,1,2
1475,Pothole,Completed,23.280189298499316,77.42211968129638,1,1,0.0271302520846189,422,0,0,-1
1476,Drainage,Pending,23.27806865608947,77.43849329485857,0,2,0.0328822299050345,223,1,1,25
1477,Streetlight,Completed,23.28755520881573,77.43185886103795,2,1,0.0314726819452402,319,0,0,24
1478,Pothole,Completed,23.262056104731126,77.41659631553432,1,1,0.0868760838942034,422,0,0,0
1479,Drainage,Completed,23.25920973795959,77.42202182989405,0,1,0.010078046690591,223,0,0,-1
1480,Waste,Pending,23.25401323199344,77.43650318799504,3,2,0.021879286873536,478,1,0,-1
1481,Waste,Pending,23.23912146257065,77.40657112707521,3,2,0.0160961266039516,478,1,0,-1
1482,Pothole,Completed,23.26425643397292,77.40220768235146,1,1,0.0256378380857485,422,0,0,-1
1483,Waste,Cancelled,23.246520751459556,77.38324866501812,3,0,0.0065180994488221,478,0,0,-1
1484,Waste,Completed,23.28517845073278,77.43219306445148,3,1,0.0221259684367635,478,0,2,-1
1485,Streetlight,Completed,23.264891448256623,77.4306588420242,2,1,0.0658664209102127,319,0,0,2
1486,Pothole,Pending,23.265470410830485,77.388867271086,1,2,0.0223877945218417,422,1,1,-1
1487,Pothole,Completed,23.25119547965262,77.41721144286797,1,1,0.0169710775749266,422,0,0,-1
1488,Water Supply,Completed,23.23301936111866,77.41043890189002,4,1,0.0097772021289951,158,0,1,-1
1489,Streetlight,Pending,23.231804625922376,77.38972254573055,2,2,0.0079556857464789,319,1,1,-1
1490,Drainage,Pending,23.25530010864919,77.44143409362364,0,2,0.0104627045526281,223,1,1,-1
1491,Waste,Cancelled,23.234973922685832,77.3954817532478,3,0,0.0230796617463281,478,0,0,9
1492,Streetlight,Pending,23.266310817332407,77.38663405080543,2,2,0.0372620033822119,319,1,1,8
1493,Drainage,Pending,23.28275838033838,77.41829084277012,0,2,0.0160752013792645,223,1,1,-1
1494,Streetlight,Pending,23.282874888991124,77.42693200062799,2,2,0.0239316914991108,319,1,1,22
1495,Streetlight,Cancelled,23.269442724607934,77.38454660676283,2,0,0.0239466429975302,319,0,0,-1
1496,Pothole,Completed,23.242573909888375,77.42212305832362,1,1,0.1350944139088858,422,0,0,4
1497,Waste,Completed,23.28167980988153,77.41453751255709,3,1,0.0150997057855413,478,0,0,-1
1498,Pothole,Cancelled,23.283065606118793,77.3887959005325,1,0,0.0200301577429225,422,0,0,-1
1499,Pothole,Pending,23.241699215097174,77.39295143261678,1,2,0.0310596151284169,422,1,1,-1
1500,Drainage,Completed,23.27414556514624,77.41667845783897,0,1,0.0188838422266126,223,0,0,5
1501,Waste,Pending,23.247091172935622,77.40038145681079,3,2,0.1387590453419282,478,1,1,3
1502,Water Supply,Pending,23.278058418741175,77.43889894371908,4,2,0.0328532295999103,158,1,2,25
1503,Water Supply,Completed,23.289734273994217,77.43172441376905,4,1,0.0225406736225846,158,0,1,24
1504,Waste,Completed,23.23170156031976,77.44161403239082,3,1,0.0062948876802783,478,0,0,-1
1505,Pothole,Pending,23.283741951947455,77.39818025033702,1,2,0.0210940159471658,422,1,1,-1
1506,Drainage,Pending,23.26725783201592,77.44078341796788,0,2,0.0109709306790059,223,1,1,-1
1507,Water Supply,Completed,23.288302957149888,77.40847403218748,4,1,0.0034720659010249,158,0,1,-1
1508,Pothole,Pending,23.257800571051582,77.40345112771882,1,2,0.0153472006784754,422,1,1,-1
1509,Pothole,Pending,23.280743275834283,77.38562097161815,1,2,0.0206481677778665,422,1,1,-1
1510,Pothole,Pending,23.233643644115897,77.38576591547157,1,2,0.0080553880226722,422,1,1,-1
1511,Streetlight,Pending,23.250016743004696,77.4241206753568,2,2,0.0138778869763136,319,1,1,-1
1512,Waste,Completed,23.23392099226507,77.41007573966604,3,1,0.0117710390310742,478,0,0,-1
1513,Streetlight,Pending,23.288420588008744,77.39619129756217,2,2,0.0083732547759168,319,1,1,-1
1514,Waste,Pending,23.27891843443631,77.41943821837951,3,2,0.0694911540214586,478,1,1,15
1515,Waste,Pending,23.28105284527476,77.397771487095,3,2,0.0177641341095233,478,1,0,-1
1516,Pothole,Completed,23.286177913886032,77.41725790526067,1,1,0.0239664544330427,422,0,2,17
1517,Pothole,Pending,23.235006209167185,77.40415252481895,1,2,0.0187880014957299,422,1,1,-1
1518,Pothole,Pending,23.2530358555508,77.43201313359671,1,2,0.0163978347317464,422,1,1,-1
1519,Pothole,Pending,23.234162093342636,77.431841769646,1,2,0.0136244589845907,422,1,1,-1
1520,Pothole,Completed,23.242547586093,77.41124102388734,1,1,0.0252077030996235,422,0,0,7
1521,Waste,Pending,23.243661946622257,77.4036491465601,3,2,0.0292428963837945,478,1,0,7
1522,Pothole,Completed,23.25804643266285,77.40435358779354,1,1,0.0201634878388898,422,0,0,-1
1523,Water Supply,Cancelled,23.246013730047217,77.4309428715401,4,0,0.0134924421428169,158,0,1,-1
1524,Pothole,Completed,23.235958686409063,77.40229076896786,1,1,0.0176624941946827,422,0,0,-1
1525,Pothole,Completed,23.23994946534564,77.3951435624224,1,1,0.0211995857799994,422,0,0,-1
1526,Streetlight,Completed,23.238736533813125,77.38768130051251,2,1,0.0144414584452967,319,0,0,26
1527,Water Supply,Pending,23.288284607874736,77.41060158725307,4,2,0.0058283161087929,158,1,2,-1
1528,Waste,Cancelled,23.27545755041511,77.41152792593519,3,0,0.0218833928900906,478,0,0,-1
1529,Streetlight,Pending,23.287965687916177,77.43305452262418,2,2,0.0297372082059445,319,1,1,24
1530,Streetlight,Pending,23.256284429190472,77.39587432178676,2,2,0.0209088267066232,319,1,1,-1
1531,Streetlight,Completed,23.24660210889976,77.4054594764201,2,1,0.0672142847313131,319,0,0,3
1532,Waste,Pending,23.27779759183255,77.43110434433362,3,2,0.0197342156874341,478,1,0,-1
1533,Streetlight,Completed,23.249475235082468,77.43201741664494,2,1,0.0692964965422031,319,0,0,18
1534,Waste,Pending,23.247863002422317,77.40567666455873,3,2,0.0533864991375544,478,1,0,3
1535,Streetlight,Completed,23.243850359532463,77.4101474413972,2,1,0.0290987420144676,319,0,0,7
1536,Streetlight,Completed,23.237680738693452,77.40079715345095,2,1,0.0105512846210335,319,0,0,-1
1537,Waste,Pending,23.245287783661,77.43855329270515,3,2,0.0224882858021172,478,1,0,20
1538,Drainage,Pending,23.251219184908432,77.3897186259445,0,2,0.0072382445274203,223,1,1,-1
1539,Waste,Pending,23.270339652488744,77.43862496538009,3,2,0.0218676406331929,478,1,0,16
1540,Drainage,Completed,23.23365389053317,77.42363198711011,0,1,0.0252487638917092,223,0,0,4
1541,Pothole,Completed,23.24253041637992,77.4144943291612,1,1,0.0382864098398973,422,0,0,4
1542,Waste,Pending,23.2784414184175,77.38455954364707,3,2,0.0174594451395311,478,1,0,-1
1543,Waste,Completed,23.238715315415025,77.41113577150932,3,1,0.0271328555648411,478,0,0,12
1544,Water Supply,Pending,23.25045870879135,77.40706488630016,4,2,0.0286049390403325,158,1,2,3
1545,Waste,Cancelled,23.28177953531149,77.3922731287185,3,0,0.0363453512600287,478,0,0,23
1546,Waste,Pending,23.239195518668605,77.42198457621004,3,2,0.3691269320892477,478,1,1,4
1547,Pothole,Completed,23.23486421013709,77.44086905444209,1,1,0.0054375498864647,422,0,0,-1
1548,Streetlight,Pending,23.2589722797048,77.41633132866387,2,2,0.3096894450015153,319,1,1,0
1549,Pothole,Pending,23.24804517067671,77.42548519658664,1,2,0.0128516191902166,422,1,1,-1
1550,Waste,Pending,23.26370450186903,77.38670702715396,3,2,0.0292989876710073,478,1,0,-1
1551,Waste,Completed,23.27812829342901,77.40766001974902,3,1,0.0090360624070346,478,0,0,-1
1552,Waste,Pending,23.238128909289163,77.38958150910986,3,2,0.0133581682634852,478,1,0,26
1553,Waste,Cancelled,23.264741945073258,77.41936775013218,3,0,0.0157401810865301,478,0,0,-1
1554,Pothole,Completed,23.26023052562339,77.43890892949285,1,1,0.01216504557785,422,0,0,-1
1555,Streetlight,Completed,23.23854472716079,77.42230666394829,2,1,0.1285629520985973,319,0,0,4
1556,Waste,Pending,23.26733990913174,77.38720818289886,3,2,0.0402453177796706,478,1,0,8
1557,Pothole,Completed,23.24631842507164,77.40387997229911,1,1,0.0409316395643473,422,0,0,3
1558,Pothole,Pending,23.25917005911264,77.41563980276645,1,2,0.2495653790677352,422,1,1,0
1559,Water Supply,Completed,23.23483633945662,77.406792465368,4,1,0.0151720433553249,158,0,1,-1
1560,Water Supply,Cancelled,23.257475043432816,77.4326186406285,4,0,0.0103990395642063,158,0,1,-1
1561,Drainage,Cancelled,23.24828780808257,77.4314802602826,0,0,0.0370825406520927,223,0,0,18
1562,Waste,Pending,23.27924287267112,77.41930986120619,3,2,0.0688564672759034,478,1,0,15
1563,Waste,Completed,23.23331872361984,77.40500747670796,3,1,0.0139006237120005,478,0,0,-1
1564,Pothole,Completed,23.255016436495097,77.39792018242579,1,1,0.0468664590137226,422,0,0,3
1565,Waste,Pending,23.257405885447884,77.38895245909278,3,2,0.0112097442736558,478,1,0,19
1566,Pothole,Completed,23.273400364577945,77.4038938610092,1,1,0.0288395284118141,422,0,0,6
1567,Drainage,Pending,23.264357254505413,77.40739035103246,0,2,0.0514950508355651,223,1,1,0
1568,Drainage,Pending,23.26993274023165,77.42314937550624,0,2,0.0241087706373731,223,1,1,2
1569,Drainage,Pending,23.276522957139104,77.42208958945785,0,2,0.019849048186159,223,1,1,27
1570,Pothole,Pending,23.28163217841949,77.38680648837847,1,2,0.0270650426795048,422,1,1,-1
1571,Streetlight,Pending,23.248732529803345,77.40631555892587,2,2,0.0403341117079193,319,1,1,3
1572,Pothole,Completed,23.262181362321833,77.39350673203303,1,1,0.0261726852258331,422,0,0,14
1573,Waste,Completed,23.28030648470635,77.39200876231901,3,1,0.0321447219884485,478,0,0,23
1574,Streetlight,Pending,23.289267067857903,77.43223812898424,2,2,0.0290326197993674,319,1,1,24
1575,Waste,Pending,23.283271158662625,77.38511491300297,3,2,0.0167741080986254,478,1,0,-1
1576,Pothole,Pending,23.25218803575746,77.40775097255413,1,2,0.0210350037411382,422,1,1,3
1577,Pothole,Completed,23.241609991033116,77.39269221934599,1,1,0.0302337321456049,422,0,2,-1
1578,Streetlight,Completed,23.259263552244395,77.4353598129407,2,1,0.0201278359018035,319,0,0,-1
1579,Drainage,Pending,23.27439848711016,77.4160224307965,0,2,0.0192835325893154,223,1,1,5
1580,Pothole,Completed,23.259454144245197,77.3964828381826,1,1,0.0128403735066008,422,0,0,-1
1581,Drainage,Pending,23.258890851798817,77.41274563722997,0,2,0.8217200886633149,223,1,2,0
1582,Waste,Completed,23.280193825264902,77.42648918158218,3,1,0.0165995175111123,478,0,0,22
1583,Pothole,Completed,23.25158422674403,77.44008708053516,1,1,0.0167176014767306,422,0,0,-1
1584,Streetlight,Completed,23.2814876804887,77.39582676025472,2,1,0.0191694595743535,319,0,0,-1
1585,Streetlight,Completed,23.2543082880571,77.43577090632776,2,1,0.0202256971615522,319,0,0,-1
1586,Water Supply,Pending,23.2495939863407,77.43865824685005,4,2,0.0179331091079265,158,1,2,-1
1587,Waste,Completed,23.25713939467198,77.43758523267192,3,1,0.0188242870889015,478,0,0,-1
1588,Streetlight,Completed,23.275646817520492,77.42072486141171,2,1,0.0168201114150007,319,0,0,27
1589,Streetlight,Pending,23.237460121671837,77.42038923926609,2,2,0.1707265152237222,319,1,1,4
1590,Water Supply,Pending,23.24168515295232,77.40679263799103,4,2,0.0283413176103895,158,1,2,7
1591,Waste,Pending,23.286986689539784,77.42774387293822,3,2,0.0127491481427928,478,1,0,-1
1592,Drainage,Cancelled,23.24042949764288,77.41447764110106,0,0,0.0454944280737416,223,0,0,4
1593,Streetlight,Completed,23.26396363907586,77.4232462842737,2,1,0.0132259979050153,319,0,0,-1
1594,Waste,Pending,23.264658867999714,77.40830747423092,3,2,0.0597031413089072,478,1,1,0
1595,Pothole,Pending,23.259277467723013,77.42648978784258,1,2,0.0083091677282728,422,1,1,-1
1596,Pothole,Completed,23.268584714914606,77.43206829105627,1,1,0.1836810291473648,422,0,0,2
1597,Streetlight,Completed,23.243689603547853,77.39138617539616,2,1,0.0194492375302536,319,0,0,-1
1598,Drainage,Pending,23.2630597360666,77.43257578293445,0,2,0.0307858506222093,223,1,1,2
1599,Streetlight,Pending,23.25223039531481,77.41501779190742,2,2,0.0225986884771709,319,1,1,1
1600,Streetlight,Completed,23.26960003557775,77.43327995454541,2,1,0.1783744800382859,319,0,0,2
