ID,Category,Status,Latitude,Longitude,category_encoded,status_encoded,density_score,category_frequency,is_pending,priority_label,created_at,closed_at,days_open,resolution_days,outcome_label_reason,same_category_neighbors,data_source,priority_score_eq1,label_source
69126904,Drainage,Pending,40.735149591323975,-73.87528440236768,0,2,0.0010693925376154,300,1,1,2026-05-26 21:49:00+00:00,,7.278575660613426,,unresolved_between_7_and_30_days,0,nyc_open_data,0.6200000000000001,Equation 1 synthetic scoring transfer
69172057,Waste,Completed,40.82299690943571,-73.90979126697007,3,1,0.0013216710521063,1369,0,0,2026-05-29 18:05:26+00:00,2026-05-30 14:46:41+00:00,4.433830290243056,0.8619791666666666,resolved_within_7_days,2,nyc_open_data,0.23,Equation 1 synthetic scoring transfer
69173917,Water Supply,Completed,40.67111378892755,-73.97806063883692,4,1,1.0,1500,0,2,2026-05-30 15:45:00+00:00,2026-05-30 15:48:00+00:00,3.5313534383912035,0.0020833333333333,resolved_within_7_days,38,nyc_open_data,0.7,Equation 1 synthetic scoring transfer
69108843,Drainage,Pending,40.654882431881674,-73.9618803533782,0,2,0.0014547239743967,300,1,1,2026-05-24 11:05:00+00:00,,9.725797882835648,,unresolved_between_7_and_30_days,1,nyc_open_data,0.6200000000000001,Equation 1 synthetic scoring transfer
69175612,Pothole,Completed,40.80505736609213,-73.93903422529588,1,1,0.0006981440153116,1500,0,0,2026-05-30 22:54:26+00:00,2026-05-30 22:54:26+00:00,3.233135845798611,0.0,resolved_within_7_days,1,nyc_open_data,0.24,Equation 1 synthetic scoring transfer
56427610,Streetlight,Pending,40.57799452613772,-73.95963472224898,2,2,0.0007917962096532,800,1,1,2023-01-03 09:56:00+00:00,2022-12-30 09:56:00+00:00,1246.773714549502,0.0,unresolved_after_30_days,0,nyc_open_data,0.46,Equation 1 synthetic scoring transfer
69123690,Drainage,Pending,40.63998308678095,-74.13185585333324,0,2,0.0001376408359352,300,1,1,2026-05-26 15:38:00+00:00,,7.536214549502315,,unresolved_between_7_and_30_days,0,nyc_open_data,0.6200000000000001,Equation 1 synthetic scoring transfer
69104515,Waste,Pending,40.87453595377186,-73.87611497155858,3,2,0.0276548123809802,1369,1,1,2026-05-23 08:30:07+00:00,,10.83335575320602,,unresolved_between_7_and_30_days,5,nyc_open_data,0.53,Equation 1 synthetic scoring transfer
69123685,Drainage,Pending,40.71704870675368,-73.75976659310271,0,2,0.0006873072576426,300,1,1,2026-05-26 15:07:00+00:00,,7.557742327280093,,unresolved_between_7_and_30_days,0,nyc_open_data,0.6200000000000001,Equation 1 synthetic scoring transfer
56432559,Streetlight,Pending,40.67135641425494,-73.96133741215672,2,2,0.0022822713674304,800,1,1,2023-01-03 10:03:00+00:00,2022-12-30 10:03:00+00:00,1246.768853438391,0.0,unresolved_after_30_days,3,nyc_open_data,0.46,Equation 1 synthetic scoring transfer
69109944,Drainage,Pending,40.61477713342629,-73.92159496856299,0,2,0.0007745247582018,300,1,1,2026-05-24 14:30:00+00:00,,9.583436771724536,,unresolved_between_7_and_30_days,0,nyc_open_data,0.6200000000000001,Equation 1 synthetic scoring transfer
69122350,Drainage,Pending,40.75029392324656,-73.99484248924927,0,2,0.0008187824178677,300,1,1,2026-05-25 17:25:00+00:00,,8.461908993946759,,unresolved_between_7_and_30_days,0,nyc_open_data,0.6200000000000001,Equation 1 synthetic scoring transfer
69106731,Drainage,Pending,40.76348526216406,-73.73148155193783,0,2,0.0002186735264324,300,1,1,2026-05-24 11:05:00+00:00,,9.725797882835648,,unresolved_between_7_and_30_days,0,nyc_open_data,0.6200000000000001,Equation 1 synthetic scoring transfer
69047177,Water Supply,Pending,40.74495157674609,-73.8612924333529,4,2,0.0004060308658033,1500,1,2,2026-05-19 19:34:00+00:00,,14.372325660613429,,unresolved_between_7_and_30_days,0,nyc_open_data,0.7,Equation 1 synthetic scoring transfer
69156026,Waste,Completed,40.769087265740104,-73.72911954867762,3,1,0.0002137630776781,1369,0,0,2026-05-28 08:04:04+00:00,2026-05-29 14:27:55+00:00,5.851446030983796,1.2665625,resolved_within_7_days,0,nyc_open_data,0.08000000000000002,Equation 1 synthetic scoring transfer
69095995,Pothole,Completed,40.7343762769571,-73.87341674191903,1,1,1.0,1500,0,0,2026-05-22 17:34:20+00:00,2026-05-25 21:45:00+00:00,11.455427512465278,3.174074074074074,resolved_within_7_days,11,nyc_open_data,0.24,Equation 1 synthetic scoring transfer
69109950,Drainage,Pending,40.70257714559124,-73.73787254366624,0,2,0.0003879642288714,300,1,1,2026-05-24 11:24:00+00:00,,9.712603438391204,,unresolved_between_7_and_30_days,0,nyc_open_data,0.6200000000000001,Equation 1 synthetic scoring transfer
69129664,Pothole,Pending,40.672005025421534,-73.99387881487084,1,2,0.0002657245867648,1500,1,1,2026-05-26 16:25:38+00:00,,7.503135845798612,,unresolved_between_7_and_30_days,0,nyc_open_data,0.54,Equation 1 synthetic scoring transfer
69140069,Pothole,Completed,40.713179221594146,-73.99250070375787,1,1,1.0,1500,0,0,2026-05-27 14:48:19+00:00,2026-05-27 16:39:45+00:00,6.57071686431713,0.0773842592592592,resolved_within_7_days,9,nyc_open_data,0.24,Equation 1 synthetic scoring transfer
69106740,Drainage,Pending,40.74772208747069,-73.94943019261333,0,2,0.0006041735128399,300,1,1,2026-05-24 18:57:00+00:00,,9.39802010505787,,unresolved_between_7_and_30_days,0,nyc_open_data,0.6200000000000001,Equation 1 synthetic scoring transfer
69112094,Drainage,Pending,40.72322472680149,-73.87889639194377,0,2,0.0005461694477555,300,1,1,2026-05-24 11:12:00+00:00,,9.720936771724537,,unresolved_between_7_and_30_days,0,nyc_open_data,0.6200000000000001,Equation 1 synthetic scoring transfer
69190329,Water Supply,Completed,40.745255620333715,-73.95191138074621,4,1,0.2604882595935135,1500,0,1,2026-05-31 11:32:00+00:00,2026-05-31 13:58:00+00:00,2.7070478828356483,0.1013888888888888,resolved_within_7_days,22,nyc_open_data,0.55,Equation 1 synthetic scoring transfer
69114466,Water Supply,Completed,40.87024711774968,-73.89081712029888,4,1,0.0003929792964303,1500,0,1,2026-05-25 20:12:00+00:00,2026-05-26 14:00:00+00:00,8.345936771724537,0.7416666666666667,resolved_within_7_days,2,nyc_open_data,0.55,Equation 1 synthetic scoring transfer
69073232,Water Supply,Completed,40.74891372532119,-73.94438015622157,4,1,0.0015013792905484,1500,0,1,2026-05-21 19:27:00+00:00,2026-05-21 23:03:00+00:00,12.377186771724537,0.15,resolved_within_7_days,23,nyc_open_data,0.55,Equation 1 synthetic scoring transfer
69094908,Waste,Pending,40.70666503122395,-73.96101396133372,3,2,0.0006689986948738,1369,1,0,2026-05-22 15:17:55+00:00,,11.550161308761574,,unresolved_between_7_and_30_days,0,nyc_open_data,0.38,Equation 1 synthetic scoring transfer
69133657,Water Supply,Pending,40.59518089250683,-73.75499108161293,4,2,0.0006617424029977,1500,1,2,2026-05-26 21:34:00+00:00,,7.288992327280093,,unresolved_between_7_and_30_days,8,nyc_open_data,0.85,Equation 1 synthetic scoring transfer
69114443,Drainage,Pending,40.747555106501075,-73.94444625300102,0,2,0.0011797702424241,300,1,1,2026-05-25 20:08:00+00:00,,8.348714549502315,,unresolved_between_7_and_30_days,0,nyc_open_data,0.6200000000000001,Equation 1 synthetic scoring transfer
69144657,Pothole,Completed,40.81493375847484,-73.8976455199499,1,1,0.0119248605240968,1500,0,0,2026-05-27 19:04:16+00:00,2026-05-27 19:04:16+00:00,6.392973808761575,0.0,resolved_within_7_days,3,nyc_open_data,0.39,Equation 1 synthetic scoring transfer
69095156,Water Supply,Completed,40.861700295257,-73.8627083221281,4,1,0.0003865482064302,1500,0,1,2026-05-22 12:15:00+00:00,2026-05-22 14:40:00+00:00,11.677186771724536,0.1006944444444444,resolved_within_7_days,1,nyc_open_data,0.4,Equation 1 synthetic scoring transfer
69160458,Waste,Completed,40.67319971131573,-73.92980698277435,3,1,0.0002015599222109,1369,0,0,2026-05-28 14:14:47+00:00,2026-05-30 11:14:34+00:00,5.594003901354166,1.874849537037037,resolved_within_7_days,0,nyc_open_data,0.08000000000000002,Equation 1 synthetic scoring transfer
69085168,Water Supply,Completed,40.643958391030374,-73.93728602170154,4,1,0.0119807003091522,1500,0,1,2026-05-22 14:11:00+00:00,2026-05-22 14:55:00+00:00,11.596631216168982,0.0305555555555555,resolved_within_7_days,5,nyc_open_data,0.4,Equation 1 synthetic scoring transfer
69110846,Pothole,Completed,40.56024905838994,-74.16973540087429,1,1,0.0001320480616242,1500,0,0,2026-05-24 16:55:02+00:00,2026-05-26 11:32:13+00:00,9.482719179131944,1.7758217592592591,resolved_within_7_days,0,nyc_open_data,0.24,Equation 1 synthetic scoring transfer
69108866,Drainage,Pending,40.63745924507569,-73.99464223194006,0,2,0.0004820800347142,300,1,1,2026-05-24 11:37:00+00:00,,9.703575660613426,,unresolved_between_7_and_30_days,0,nyc_open_data,0.6200000000000001,Equation 1 synthetic scoring transfer
69121406,Streetlight,Pending,40.74804883018668,-74.00103579825134,2,2,0.0005404788165355,800,1,1,2026-05-25 19:58:00+00:00,,8.35565899394676,,unresolved_between_7_and_30_days,3,nyc_open_data,0.46,Equation 1 synthetic scoring transfer
69134041,Pothole,Completed,40.745941419306114,-73.90005402230014,1,1,0.0011472264708306,1500,0,0,2026-05-26 12:09:17+00:00,2026-05-26 15:57:00+00:00,7.681156679131945,0.158136574074074,resolved_within_7_days,0,nyc_open_data,0.24,Equation 1 synthetic scoring transfer
69180507,Waste,Completed,40.8749210576572,-73.87690614558501,3,1,0.0013748381380482,1369,0,0,2026-05-30 05:28:54+00:00,2026-05-30 23:24:21+00:00,3.959200660613426,0.7468402777777777,resolved_within_7_days,5,nyc_open_data,0.23,Equation 1 synthetic scoring transfer
69131586,Pothole,Pending,40.633808738806955,-73.99616293823051,1,2,0.0004396525563228,1500,1,1,2026-05-26 18:41:46+00:00,,7.408598808761575,,unresolved_between_7_and_30_days,0,nyc_open_data,0.54,Equation 1 synthetic scoring transfer
69090918,Water Supply,Pending,40.57980424503448,-73.97183389950624,4,2,0.0002190275084946,1500,1,2,2026-05-22 11:45:00+00:00,,11.698020105057871,,unresolved_between_7_and_30_days,0,nyc_open_data,0.7,Equation 1 synthetic scoring transfer
69160491,Waste,Completed,40.735103350226645,-73.85029662082428,3,1,0.0008104889174613,1369,0,0,2026-05-28 08:05:17+00:00,2026-05-28 15:40:07+00:00,5.850601123576388,0.3158564814814815,resolved_within_7_days,0,nyc_open_data,0.08000000000000002,Equation 1 synthetic scoring transfer
69092620,Streetlight,Pending,40.63546342833113,-74.12353127273313,2,2,0.0003419611084198,800,1,1,2026-05-22 19:34:00+00:00,,11.372325660613429,,unresolved_between_7_and_30_days,0,nyc_open_data,0.46,Equation 1 synthetic scoring transfer
69135032,Waste,Completed,40.73449883933973,-73.89129213869673,3,1,0.0001515297333588,1369,0,0,2026-05-26 22:26:38+00:00,2026-05-27 13:48:25+00:00,7.252441401354167,0.6401273148148148,resolved_within_7_days,0,nyc_open_data,0.08000000000000002,Equation 1 synthetic scoring transfer
69105678,Drainage,Pending,40.76383306743795,-73.72418087960854,0,2,0.0001738611639486,300,1,2,2026-05-24 11:11:00+00:00,,9.721631216168982,,unresolved_between_7_and_30_days,1,nyc_open_data,0.7700000000000001,Equation 1 synthetic scoring transfer
69154730,Water Supply,Completed,40.75591494706572,-73.86429796072932,4,1,0.0008188417876496,1500,0,1,2026-05-28 23:04:00+00:00,2026-05-29 07:15:00+00:00,5.226492327280092,0.3409722222222222,resolved_within_7_days,3,nyc_open_data,0.4,Equation 1 synthetic scoring transfer
69078840,Water Supply,Completed,40.84151868876199,-73.91773529835133,4,1,0.0007626956490511,1500,0,1,2026-05-21 18:11:00+00:00,2026-05-26 20:10:00+00:00,12.429964549502316,5.082638888888889,resolved_within_7_days,0,nyc_open_data,0.4,Equation 1 synthetic scoring transfer
69117176,Drainage,Pending,40.5881804184484,-73.95229452279781,0,2,1.0,300,1,2,2026-05-25 17:23:00+00:00,,8.463297882835649,,unresolved_between_7_and_30_days,7,nyc_open_data,0.9200000000000002,Equation 1 synthetic scoring transfer
69153496,Pothole,Completed,40.81493375847484,-73.8976455199499,1,1,0.0119248605240968,1500,0,0,2026-05-28 00:37:12+00:00,2026-05-28 14:40:28+00:00,6.161770105057871,0.5856018518518519,resolved_within_7_days,3,nyc_open_data,0.39,Equation 1 synthetic scoring transfer
69165422,Waste,Completed,40.81565114673541,-73.81311389452391,3,1,0.0002432414389542,1369,0,0,2026-05-29 08:12:34+00:00,2026-05-30 14:36:53+00:00,4.845543253206018,1.266886574074074,resolved_within_7_days,1,nyc_open_data,0.08000000000000002,Equation 1 synthetic scoring transfer
69105701,Drainage,Pending,40.7445539986903,-73.78038957989493,0,2,0.0001894901636751,300,1,1,2026-05-24 14:41:00+00:00,,9.575797882835648,,unresolved_between_7_and_30_days,0,nyc_open_data,0.6200000000000001,Equation 1 synthetic scoring transfer
69128523,Drainage,Pending,40.71497815933697,-73.90045035669154,0,2,0.0002778715757229,300,1,1,2026-05-26 07:59:00+00:00,,7.8549645495023155,,unresolved_between_7_and_30_days,0,nyc_open_data,0.6200000000000001,Equation 1 synthetic scoring transfer
69082048,Water Supply,Completed,40.62257008128056,-74.03143699566564,4,1,0.0003719978854273,1500,0,1,2026-05-21 21:05:00+00:00,2026-05-25 12:50:00+00:00,12.309131216168982,3.65625,resolved_within_7_days,0,nyc_open_data,0.4,Equation 1 synthetic scoring transfer
56559059,Streetlight,Pending,40.84016709912428,-73.84261162869595,2,2,0.0002622873035899,800,1,1,2023-01-18 04:07:00+00:00,,1232.0160756606133,,unresolved_after_30_days,0,nyc_open_data,0.46,Equation 1 synthetic scoring transfer
69114779,Streetlight,Pending,40.66814586636496,-73.88196669632975,2,2,0.0011423625198695,800,1,1,2026-05-25 17:34:00+00:00,,8.45565899394676,,unresolved_between_7_and_30_days,0,nyc_open_data,0.46,Equation 1 synthetic scoring transfer
69107774,Drainage,Pending,40.64506304635427,-73.88827038811743,0,2,0.0003097624728791,300,1,1,2026-05-24 15:25:00+00:00,,9.545242327280093,,unresolved_between_7_and_30_days,0,nyc_open_data,0.6200000000000001,Equation 1 synthetic scoring transfer
69107817,Water Supply,Completed,40.734106319320034,-73.95867777008168,4,1,0.0011232470726198,1500,0,1,2026-05-24 14:37:00+00:00,2026-05-24 14:37:00+00:00,9.578575660613426,0.0,resolved_within_7_days,4,nyc_open_data,0.4,Equation 1 synthetic scoring transfer
69102687,Water Supply,Pending,40.77759379225796,-73.8006880926745,4,2,0.0003707322217367,1500,1,2,2026-05-23 11:31:00+00:00,,10.707742327280092,,unresolved_between_7_and_30_days,2,nyc_open_data,0.7,Equation 1 synthetic scoring transfer
56505958,Streetlight,Pending,40.70560510043687,-73.94626295015752,2,2,0.0010178029060617,800,1,1,2023-01-11 10:55:00+00:00,2023-01-09 10:54:00+00:00,1238.73274232728,0.0,unresolved_after_30_days,3,nyc_open_data,0.46,Equation 1 synthetic scoring transfer
69116654,Pothole,Completed,40.666416023635946,-73.73849046642708,1,1,0.0022834278358789,1500,0,0,2026-05-25 18:14:35+00:00,2026-05-25 20:22:00+00:00,8.427476123576389,0.0884837962962963,resolved_within_7_days,9,nyc_open_data,0.24,Equation 1 synthetic scoring transfer
69129980,Pothole,Completed,40.8692829384289,-73.90217541445878,1,1,0.001219290385192,1500,0,0,2026-05-26 09:17:42+00:00,2026-05-27 08:06:01+00:00,7.800311771724537,0.9502199074074074,resolved_within_7_days,0,nyc_open_data,0.24,Equation 1 synthetic scoring transfer
69162541,Pothole,Completed,40.817157626927,-73.90153670159609,1,1,1.0,1500,0,1,2026-05-29 07:18:20+00:00,2026-05-29 16:29:38+00:00,4.883205290243056,0.3828472222222222,resolved_within_7_days,11,nyc_open_data,0.54,Equation 1 synthetic scoring transfer
69090500,Pothole,Completed,40.620208123774695,-74.00751406566918,1,1,0.0002354289621942,1500,0,0,2026-05-22 14:35:39+00:00,2026-05-29 13:06:17+00:00,11.579513160613429,6.937939814814815,resolved_within_7_days,0,nyc_open_data,0.24,Equation 1 synthetic scoring transfer
69119856,Drainage,Pending,40.58630880924821,-73.96942254708125,0,2,0.0007687779774243,300,1,1,2026-05-25 01:51:00+00:00,,9.110520105057873,,unresolved_between_7_and_30_days,2,nyc_open_data,0.6200000000000001,Equation 1 synthetic scoring transfer
69090499,Pothole,Completed,40.62576911173567,-73.92861402308755,1,1,0.0064431628846415,1500,0,0,2026-05-23 01:12:41+00:00,2026-05-27 16:54:17+00:00,11.137128901354169,4.653888888888889,resolved_within_7_days,6,nyc_open_data,0.24,Equation 1 synthetic scoring transfer
69127469,Streetlight,Pending,40.75401152058621,-73.83018957183019,2,2,0.0002996985817533,800,1,1,2026-05-26 09:17:00+00:00,,7.800797882835648,,unresolved_between_7_and_30_days,0,nyc_open_data,0.46,Equation 1 synthetic scoring transfer
69129684,Water Supply,Completed,40.68764862011994,-73.8397588707193,4,1,0.0008313591928352,1500,0,1,2026-05-26 11:31:00+00:00,2026-05-26 14:20:00+00:00,7.707742327280093,0.1173611111111111,resolved_within_7_days,0,nyc_open_data,0.4,Equation 1 synthetic scoring transfer
69151799,Water Supply,Completed,40.67139386864234,-73.9786589609886,4,1,1.0,1500,0,2,2026-05-28 10:46:00+00:00,2026-05-28 10:48:00+00:00,5.7389923272800925,0.0013888888888888,resolved_within_7_days,37,nyc_open_data,0.7,Equation 1 synthetic scoring transfer
69128759,Drainage,Pending,40.77307163850668,-73.82150124332708,0,2,0.0002379432531364,300,1,2,2026-05-26 15:43:00+00:00,,7.532742327280093,,unresolved_between_7_and_30_days,1,nyc_open_data,0.7700000000000001,Equation 1 synthetic scoring transfer
69144375,Water Supply,Completed,40.76122189318201,-73.93054807710071,4,1,0.005660757277682,1500,0,1,2026-05-27 14:07:00+00:00,2026-05-27 14:14:00+00:00,6.59940899394676,0.0048611111111111,resolved_within_7_days,6,nyc_open_data,0.4,Equation 1 synthetic scoring transfer
69090899,Water Supply,Pending,40.81216063135118,-73.9571445582535,4,2,0.0008511501723726,1500,1,2,2026-05-22 09:07:00+00:00,,11.807742327280094,,unresolved_between_7_and_30_days,2,nyc_open_data,0.7,Equation 1 synthetic scoring transfer
69133644,Drainage,Pending,40.70045559021241,-73.8357645632875,0,2,0.0003617958898243,300,1,1,2026-05-26 13:42:00+00:00,,7.616770105057871,,unresolved_between_7_and_30_days,0,nyc_open_data,0.6200000000000001,Equation 1 synthetic scoring transfer
56451726,Streetlight,Pending,40.80071125623686,-73.93196969918509,2,2,0.0004124259989331,800,1,1,2023-01-05 09:36:00+00:00,2023-01-04 09:35:00+00:00,1244.787603438391,0.0,unresolved_after_30_days,2,nyc_open_data,0.61,Equation 1 synthetic scoring transfer
56512062,Streetlight,Pending,40.83987361405491,-73.89017307411544,2,2,0.000348201870871,800,1,1,2023-01-12 15:17:00+00:00,2023-01-11 15:16:00+00:00,1237.5507978828357,0.0,unresolved_after_30_days,1,nyc_open_data,0.46,Equation 1 synthetic scoring transfer
69106634,Drainage,Pending,40.687917196785946,-73.82263786219872,0,2,0.0005547736925628,300,1,1,2026-05-24 16:24:00+00:00,,9.50427010505787,,unresolved_between_7_and_30_days,1,nyc_open_data,0.6200000000000001,Equation 1 synthetic scoring transfer
69125217,Waste,Pending,40.68601518380737,-73.91023619110359,3,2,0.0016964511056944,1369,1,1,2026-05-26 17:50:53+00:00,,7.443934456909723,,unresolved_between_7_and_30_days,2,nyc_open_data,0.53,Equation 1 synthetic scoring transfer
69170414,Waste,Completed,40.722024142967385,-73.82291868232235,3,1,0.0003400280574907,1369,0,0,2026-05-29 11:01:04+00:00,2026-05-30 13:39:31+00:00,4.728529364317129,1.1100347222222222,resolved_within_7_days,0,nyc_open_data,0.08000000000000002,Equation 1 synthetic scoring transfer
69147161,Waste,Completed,40.760475474256374,-73.92219594539488,3,1,0.0002925215844324,1369,0,0,2026-05-27 21:38:46+00:00,2026-05-30 14:01:32+00:00,6.285682142094908,2.682476851851852,resolved_within_7_days,0,nyc_open_data,0.08000000000000002,Equation 1 synthetic scoring transfer
69125413,Water Supply,Pending,40.728734288377304,-73.89069900477504,4,2,0.0001678812469133,1500,1,2,2026-05-26 06:01:00+00:00,,7.936908993946759,,unresolved_between_7_and_30_days,0,nyc_open_data,0.7,Equation 1 synthetic scoring transfer
69121420,Streetlight,Pending,40.61975628950391,-73.9789132104318,2,2,0.0002390192499053,800,1,1,2026-05-25 23:57:00+00:00,,8.189686771724537,,unresolved_between_7_and_30_days,0,nyc_open_data,0.46,Equation 1 synthetic scoring transfer
69172657,Pothole,Completed,40.696141347217775,-73.81788097660456,1,1,0.0003814987313704,1500,0,0,2026-05-29 11:11:02+00:00,2026-05-29 20:22:00+00:00,4.721608068020833,0.3826157407407407,resolved_within_7_days,1,nyc_open_data,0.24,Equation 1 synthetic scoring transfer
69123709,Water Supply,Pending,40.78757020661234,-73.83305433272493,4,2,0.0001290646773194,1500,1,2,2026-05-26 13:04:00+00:00,,7.64315899394676,,unresolved_between_7_and_30_days,0,nyc_open_data,0.7,Equation 1 synthetic scoring transfer
69145637,Waste,Completed,40.546268643758246,-74.20100750595961,3,1,0.0003313154896665,1369,0,0,2026-05-27 15:20:40+00:00,2026-05-28 13:08:19+00:00,6.548251586539353,0.9080902777777776,resolved_within_7_days,1,nyc_open_data,0.08000000000000002,Equation 1 synthetic scoring transfer
56442843,Streetlight,Pending,40.75956956551904,-73.83013930521312,2,2,0.002576760792681,800,1,1,2023-01-04 07:58:00+00:00,2022-12-30 07:58:00+00:00,1245.8556589939467,0.0,unresolved_after_30_days,4,nyc_open_data,0.46,Equation 1 synthetic scoring transfer
69144111,Waste,Completed,40.85849312709329,-73.90498210246719,3,1,0.0005333339576506,1369,0,0,2026-05-27 23:13:17+00:00,2026-05-29 14:40:07+00:00,6.220045568020834,1.6436342592592592,resolved_within_7_days,0,nyc_open_data,0.08000000000000002,Equation 1 synthetic scoring transfer
69088037,Water Supply,Pending,40.68623827101862,-73.91121664380044,4,2,0.0026170844962371,1500,1,2,2026-05-22 20:06:00+00:00,,11.350103438391203,,unresolved_between_7_and_30_days,2,nyc_open_data,0.7,Equation 1 synthetic scoring transfer
69138144,Waste,Completed,40.69179215840781,-73.90925479105155,3,1,0.0003283633930697,1369,0,0,2026-05-27 18:47:39+00:00,2026-05-28 14:13:26+00:00,6.404513160613426,0.8095717592592593,resolved_within_7_days,0,nyc_open_data,0.08000000000000002,Equation 1 synthetic scoring transfer
69111024,Drainage,Pending,40.73816146610606,-73.81136820629665,0,2,0.0001368503473919,300,1,1,2026-05-24 14:16:00+00:00,,9.59315899394676,,unresolved_between_7_and_30_days,0,nyc_open_data,0.6200000000000001,Equation 1 synthetic scoring transfer
69121143,Drainage,Pending,40.679853720004175,-73.87802333613035,0,2,0.0005149529625376,300,1,1,2026-05-25 21:37:00+00:00,,8.28690899394676,,unresolved_between_7_and_30_days,1,nyc_open_data,0.6200000000000001,Equation 1 synthetic scoring transfer
69105339,Pothole,Pending,40.55471513258803,-74.2172123129379,1,2,5.5913591935622634e-05,1500,1,1,2026-05-24 13:30:37+00:00,,9.624675197650465,,unresolved_between_7_and_30_days,0,nyc_open_data,0.54,Equation 1 synthetic scoring transfer
69117432,Pothole,Completed,40.777677952928265,-73.96322904770176,1,1,0.0018672342487375,1500,0,0,2026-05-25 19:07:23+00:00,2026-05-25 19:07:23+00:00,8.390809456909723,0.0,resolved_within_7_days,5,nyc_open_data,0.24,Equation 1 synthetic scoring transfer
69138142,Waste,Completed,40.81546415489564,-73.94202685381555,3,1,0.0020415424448914,1369,0,0,2026-05-27 10:45:59+00:00,2026-05-28 09:31:21+00:00,6.739003901354167,0.9481712962962964,resolved_within_7_days,7,nyc_open_data,0.23,Equation 1 synthetic scoring transfer
69132909,Pothole,Completed,40.69521904295363,-73.8419873381096,1,1,0.0003415294929191,1500,0,0,2026-05-26 18:10:43+00:00,2026-05-26 21:55:00+00:00,7.4301613087615745,0.1557523148148148,resolved_within_7_days,1,nyc_open_data,0.24,Equation 1 synthetic scoring transfer
69157904,Pothole,Completed,40.82750716079641,-73.8563290129503,1,1,0.000528036215849,1500,0,0,2026-05-28 10:36:00+00:00,2026-05-28 14:00:40+00:00,5.745936771724537,0.1421296296296296,resolved_within_7_days,1,nyc_open_data,0.24,Equation 1 synthetic scoring transfer
69086581,Water Supply,Completed,40.83017431426171,-73.88785836974661,4,1,0.0006058719013685,1500,0,1,2026-05-22 08:23:00+00:00,2026-05-26 14:00:00+00:00,11.838297882835649,4.2340277777777775,resolved_within_7_days,3,nyc_open_data,0.4,Equation 1 synthetic scoring transfer
69135291,Drainage,Pending,40.679968260789565,-73.84957312767797,0,2,0.0004788697972349,300,1,1,2026-05-26 10:53:00+00:00,,7.734131216168982,,unresolved_between_7_and_30_days,2,nyc_open_data,0.6200000000000001,Equation 1 synthetic scoring transfer
56627556,Streetlight,Pending,40.80175379750242,-73.93120289689517,2,2,0.0003607774898811,800,1,1,2023-01-26 09:02:00+00:00,2023-01-25 09:01:00+00:00,1223.8112145495022,0.0,unresolved_after_30_days,2,nyc_open_data,0.61,Equation 1 synthetic scoring transfer
56501928,Streetlight,Pending,40.69538421405041,-73.84034972810501,2,2,0.0004817552279615,800,1,1,2023-01-11 14:28:00+00:00,2023-01-06 14:28:00+00:00,1238.5848256606132,0.0,unresolved_after_30_days,0,nyc_open_data,0.46,Equation 1 synthetic scoring transfer
69124065,Streetlight,Pending,40.71220205276656,-73.86207840039403,2,2,0.0002707239137026,800,1,1,2026-05-26 09:42:00+00:00,2026-05-27 11:00:00+00:00,7.783436771724538,1.0541666666666667,unresolved_between_7_and_30_days,0,nyc_open_data,0.46,Equation 1 synthetic scoring transfer
69129976,Pothole,Completed,40.73777042452228,-73.8517773311052,1,1,0.0018226985866184,1500,0,0,2026-05-26 19:57:04+00:00,2026-05-28 16:10:47+00:00,7.3563071420949075,1.8428587962962963,resolved_within_7_days,6,nyc_open_data,0.24,Equation 1 synthetic scoring transfer
69107782,Drainage,Pending,40.610637239037665,-73.9563951322311,0,2,0.0008223938779184,300,1,1,2026-05-24 10:54:00+00:00,,9.733436771724538,,unresolved_between_7_and_30_days,0,nyc_open_data,0.6200000000000001,Equation 1 synthetic scoring transfer
69138131,Waste,Completed,40.815109659754526,-73.94118540570764,3,1,0.002952095743159,1369,0,0,2026-05-27 15:52:42+00:00,2026-05-28 09:29:10+00:00,6.526006216168982,0.7336574074074074,resolved_within_7_days,7,nyc_open_data,0.23,Equation 1 synthetic scoring transfer
69111037,Drainage,Pending,40.72630108944935,-73.80624971958888,0,2,0.0002973764008454,300,1,1,2026-05-24 10:34:00+00:00,,9.747325660613429,,unresolved_between_7_and_30_days,0,nyc_open_data,0.6200000000000001,Equation 1 synthetic scoring transfer
69121139,Drainage,Pending,40.76850137904474,-73.96950496531433,0,2,0.0002062696246045,300,1,1,2026-05-25 12:14:00+00:00,,8.677881216168982,,unresolved_between_7_and_30_days,0,nyc_open_data,0.6200000000000001,Equation 1 synthetic scoring transfer
69124079,Pothole,Completed,40.7123213226908,-73.73200870046806,1,1,0.001421825839617,1500,0,0,2026-05-26 09:25:50+00:00,2026-05-26 09:25:50+00:00,7.794663623576389,0.0,resolved_within_7_days,4,nyc_open_data,0.24,Equation 1 synthetic scoring transfer
69088034,Water Supply,Completed,40.70137141462272,-73.92447211894212,4,1,0.0013632890795515,1500,0,1,2026-05-22 14:36:00+00:00,2026-05-22 14:58:00+00:00,11.579270105057873,0.0152777777777777,resolved_within_7_days,4,nyc_open_data,0.55,Equation 1 synthetic scoring transfer
69109143,Streetlight,Pending,40.67442152172637,-73.95191558922569,2,2,0.0005595768933966,800,1,1,2026-05-24 14:56:00+00:00,,9.565381216168982,,unresolved_between_7_and_30_days,0,nyc_open_data,0.46,Equation 1 synthetic scoring transfer
69121140,Drainage,Pending,40.60776489521839,-73.98254727922637,0,2,0.0003997626053845,300,1,1,2026-05-25 10:03:00+00:00,,8.768853438391204,,unresolved_between_7_and_30_days,0,nyc_open_data,0.6200000000000001,Equation 1 synthetic scoring transfer
69138133,Waste,Completed,40.75074762657879,-73.86286119620469,3,1,0.0016653014837152,1369,0,0,2026-05-27 11:28:58+00:00,2026-05-28 04:44:03+00:00,6.70915436431713,0.7188078703703704,resolved_within_7_days,2,nyc_open_data,0.08000000000000002,Equation 1 synthetic scoring transfer
69133225,Pothole,Pending,40.72230733703112,-73.84413461169933,1,2,0.0047387372470369,1500,1,1,2026-05-26 18:16:06+00:00,,7.426422882835649,,unresolved_between_7_and_30_days,4,nyc_open_data,0.54,Equation 1 synthetic scoring transfer
56437099,Streetlight,Pending,40.8542200649031,-73.8900300957931,2,2,0.0006169852544251,800,1,1,2023-01-04 11:47:00+00:00,2023-01-03 11:38:00+00:00,1245.6966312161687,0.0,unresolved_after_30_days,0,nyc_open_data,0.46,Equation 1 synthetic scoring transfer
56598489,Streetlight,Pending,40.59065670514284,-73.803143543596,2,2,0.0002430881961303,800,1,1,2023-01-23 11:41:00+00:00,2023-01-20 11:41:00+00:00,1226.7007978828356,0.0,unresolved_after_30_days,0,nyc_open_data,0.46,Equation 1 synthetic scoring transfer
69139673,Waste,Completed,40.69264105727623,-73.92562512799981,3,1,0.0006016438068561,1369,0,0,2026-05-27 08:42:47+00:00,2026-05-28 09:57:19+00:00,6.824559456909722,1.0517592592592593,resolved_within_7_days,2,nyc_open_data,0.23,Equation 1 synthetic scoring transfer
69128368,Pothole,Pending,40.753514543869926,-73.76455464517105,1,2,0.0003008719244147,1500,1,1,2026-05-26 23:21:46+00:00,,7.21415436431713,,unresolved_between_7_and_30_days,1,nyc_open_data,0.54,Equation 1 synthetic scoring transfer
69150126,Waste,Completed,40.586223448980114,-74.16194913278507,3,1,0.000381534230578,1369,0,0,2026-05-28 06:54:24+00:00,2026-05-29 12:44:51+00:00,5.899825660613426,1.2433680555555555,resolved_within_7_days,1,nyc_open_data,0.08000000000000002,Equation 1 synthetic scoring transfer
69118510,Water Supply,Pending,40.620160976683145,-74.03781885047519,4,2,0.0004951770609691,1500,1,2,2026-05-25 14:28:00+00:00,,8.584825660613426,,unresolved_between_7_and_30_days,1,nyc_open_data,0.7,Equation 1 synthetic scoring transfer
69127133,Water Supply,Completed,40.69857124976375,-73.92371073945417,4,1,0.0009913387985228,1500,0,1,2026-05-26 12:43:00+00:00,2026-05-26 13:03:00+00:00,7.657742327280093,0.0138888888888888,resolved_within_7_days,6,nyc_open_data,0.55,Equation 1 synthetic scoring transfer
69176472,Waste,Completed,40.688326148631546,-73.94491387483896,3,1,0.0006705231389475,1369,0,0,2026-05-30 05:44:15+00:00,2026-05-30 13:48:04+00:00,3.9485409383912033,0.3359837962962963,resolved_within_7_days,1,nyc_open_data,0.08000000000000002,Equation 1 synthetic scoring transfer
68915312,Waste,Pending,40.59068708767802,-73.9539273812398,3,2,0.0005202035984167,1369,1,0,2026-05-07 14:32:07+00:00,,26.581966864317128,,unresolved_between_7_and_30_days,1,nyc_open_data,0.38,Equation 1 synthetic scoring transfer
56445993,Streetlight,Pending,40.752318833261434,-73.89847080484701,2,2,0.0006218277202335,800,1,1,2023-01-05 11:42:00+00:00,2023-01-04 11:41:00+00:00,1244.7001034383911,0.0,unresolved_after_30_days,3,nyc_open_data,0.46,Equation 1 synthetic scoring transfer
69158026,Pothole,Completed,40.70163697898213,-73.9422664944153,1,1,0.0009149310086038,1500,0,0,2026-05-27 15:44:33+00:00,2026-05-28 13:08:00+00:00,6.531665938391204,0.8912847222222222,resolved_within_7_days,3,nyc_open_data,0.24,Equation 1 synthetic scoring transfer
69095171,Water Supply,Completed,40.59899213974369,-73.93535851141412,4,1,0.0031446991455605,1500,0,1,2026-05-22 20:25:00+00:00,2026-05-22 23:05:00+00:00,11.33690899394676,0.1111111111111111,resolved_within_7_days,13,nyc_open_data,0.4,Equation 1 synthetic scoring transfer
69170478,Waste,Completed,40.72624743711248,-73.82593086322157,3,1,0.0005502684389248,1369,0,0,2026-05-29 17:32:27+00:00,2026-05-30 12:27:30+00:00,4.456735382835648,0.7882291666666666,resolved_within_7_days,5,nyc_open_data,0.08000000000000002,Equation 1 synthetic scoring transfer
69147037,Pothole,Completed,40.627871628792306,-74.00671516139745,1,1,0.0001955393922672,1500,0,0,2026-05-27 13:52:26+00:00,2026-05-29 13:08:32+00:00,6.609524734687501,1.9695138888888888,resolved_within_7_days,0,nyc_open_data,0.24,Equation 1 synthetic scoring transfer
69114460,Drainage,Pending,40.619535867209414,-73.99745691422417,0,2,0.0006218202685951,300,1,1,2026-05-25 09:32:00+00:00,,8.790381216168981,,unresolved_between_7_and_30_days,1,nyc_open_data,0.6200000000000001,Equation 1 synthetic scoring transfer
69170374,Waste,Completed,40.88263207784747,-73.86331965858639,3,1,0.0008143705374516,1369,0,0,2026-05-29 20:39:35+00:00,2026-05-30 13:21:23+00:00,4.326781679131944,0.6956944444444444,resolved_within_7_days,3,nyc_open_data,0.08000000000000002,Equation 1 synthetic scoring transfer
69095177,Water Supply,Completed,40.66199707507185,-73.91959309186458,4,1,1.0,1500,0,2,2026-05-22 18:52:00+00:00,2026-05-22 19:00:00+00:00,11.401492327280094,0.0055555555555555,resolved_within_7_days,7,nyc_open_data,0.7,Equation 1 synthetic scoring transfer
69127988,Pothole,Completed,40.728295963218045,-73.75035607738079,1,1,0.0002508217623152,1500,0,0,2026-05-26 18:40:46+00:00,2026-05-27 08:53:00+00:00,7.409293253206019,0.5918287037037037,resolved_within_7_days,1,nyc_open_data,0.24,Equation 1 synthetic scoring transfer
69193388,Pothole,Completed,40.72308583847206,-73.92127633942825,1,1,1.0,1500,0,0,2026-05-31 23:23:28+00:00,2026-05-31 23:23:28+00:00,2.212973808761574,0.0,resolved_within_7_days,10,nyc_open_data,0.24,Equation 1 synthetic scoring transfer
69122363,Water Supply,Completed,40.839698375720474,-73.8351967456166,4,1,0.0019405101455079,1500,0,1,2026-05-25 18:01:00+00:00,2026-05-26 05:48:00+00:00,8.43690899394676,0.4909722222222222,resolved_within_7_days,3,nyc_open_data,0.55,Equation 1 synthetic scoring transfer
56456764,Streetlight,Pending,40.80184394070445,-73.9591486198332,2,2,0.0004496328200013,800,1,1,2023-01-06 14:25:00+00:00,2023-01-05 14:24:00+00:00,1243.5869089939465,0.0,unresolved_after_30_days,0,nyc_open_data,0.46,Equation 1 synthetic scoring transfer
69119881,Water Supply,Completed,40.61003516831772,-74.12650595823631,4,1,0.0001581445579115,1500,0,1,2026-05-25 07:30:00+00:00,2026-05-25 08:30:00+00:00,8.875103438391204,0.0416666666666666,resolved_within_7_days,0,nyc_open_data,0.4,Equation 1 synthetic scoring transfer
69158910,Waste,Completed,40.850690177656794,-73.93749956064562,3,1,0.0011467766939188,1369,0,0,2026-05-28 20:12:48+00:00,2026-05-29 11:22:01+00:00,5.345381216168981,0.6314004629629629,resolved_within_7_days,3,nyc_open_data,0.23,Equation 1 synthetic scoring transfer
69125399,Drainage,Pending,40.5881804184484,-73.95229452279781,0,2,1.0,300,1,2,2026-05-26 19:20:00+00:00,,7.382047882835648,,unresolved_between_7_and_30_days,7,nyc_open_data,0.9200000000000002,Equation 1 synthetic scoring transfer
69123725,Water Supply,Completed,40.66199707507185,-73.91959309186458,4,1,1.0,1500,0,2,2026-05-26 10:18:00+00:00,2026-05-26 10:21:00+00:00,7.758436771724537,0.0020833333333333,resolved_within_7_days,7,nyc_open_data,0.7,Equation 1 synthetic scoring transfer
69114756,Pothole,Completed,40.67443631387725,-73.91945552247563,1,1,0.0118255094287802,1500,0,0,2026-05-25 13:38:03+00:00,2026-05-25 13:38:03+00:00,8.619513160613426,0.0,resolved_within_7_days,4,nyc_open_data,0.24,Equation 1 synthetic scoring transfer
69123435,Pothole,Pending,40.72683778980221,-73.78837455284516,1,2,0.0004377743553141,1500,1,1,2026-05-25 13:13:59+00:00,,8.636226123576389,,unresolved_between_7_and_30_days,0,nyc_open_data,0.54,Equation 1 synthetic scoring transfer
69162044,Waste,Completed,40.57892907412739,-73.93795186873358,3,1,0.0002408754031293,1369,0,0,2026-05-29 20:17:00+00:00,2026-05-30 10:22:45+00:00,4.342464549502314,0.5873263888888889,resolved_within_7_days,1,nyc_open_data,0.08000000000000002,Equation 1 synthetic scoring transfer
69119598,Pothole,Completed,40.81725085471846,-73.90142817941098,1,1,0.0091936365879941,1500,0,1,2026-05-25 16:30:01+00:00,2026-05-26 14:48:49+00:00,8.50009186431713,0.9297222222222222,resolved_within_7_days,11,nyc_open_data,0.54,Equation 1 synthetic scoring transfer
69112119,Drainage,Pending,40.60577860538333,-73.74244100560131,0,2,0.0002536150334859,300,1,1,2026-05-24 14:01:00+00:00,,9.603575660613426,,unresolved_between_7_and_30_days,0,nyc_open_data,0.6200000000000001,Equation 1 synthetic scoring transfer
69127104,Drainage,Pending,40.686815285410425,-73.82906262683001,0,2,0.0005686767912808,300,1,1,2026-05-26 22:01:00+00:00,,7.270242327280093,,unresolved_between_7_and_30_days,0,nyc_open_data,0.6200000000000001,Equation 1 synthetic scoring transfer
69113451,Streetlight,Pending,40.59112361578033,-73.98564091926607,2,2,0.0002546949561412,800,1,1,2026-05-25 21:34:00+00:00,,8.288992327280093,,unresolved_between_7_and_30_days,0,nyc_open_data,0.46,Equation 1 synthetic scoring transfer
69113178,Drainage,Pending,40.73257508358793,-73.77571310705432,0,2,0.0007624548555196,300,1,2,2026-05-25 15:16:00+00:00,,8.551492327280092,,unresolved_between_7_and_30_days,2,nyc_open_data,0.9200000000000002,Equation 1 synthetic scoring transfer
69112088,Drainage,Pending,40.6355080597778,-73.91327657867619,0,2,0.0009316895538369,300,1,1,2026-05-24 13:37:00+00:00,,9.620242327280094,,unresolved_between_7_and_30_days,0,nyc_open_data,0.6200000000000001,Equation 1 synthetic scoring transfer
69140975,Pothole,Completed,40.60739262152605,-73.94320874191132,1,1,0.0004742329622334,1500,0,0,2026-05-27 15:52:43+00:00,2026-05-28 09:53:52+00:00,6.525994642094908,0.7507986111111111,resolved_within_7_days,0,nyc_open_data,0.24,Equation 1 synthetic scoring transfer
69172652,Pothole,Completed,40.60645817660393,-73.76097125711071,1,1,0.0003721193779268,1500,0,0,2026-05-28 14:36:58+00:00,2026-05-29 12:00:00+00:00,5.578598808761574,0.8909953703703704,resolved_within_7_days,1,nyc_open_data,0.24,Equation 1 synthetic scoring transfer
69131966,Drainage,Pending,40.67460304733836,-73.98177632721634,0,2,0.0005617502307561,300,1,1,2026-05-26 15:38:00+00:00,,7.536214549502315,,unresolved_between_7_and_30_days,0,nyc_open_data,0.6200000000000001,Equation 1 synthetic scoring transfer
69130410,Water Supply,Pending,40.71582535351615,-73.73392453043925,4,2,0.0002885738703946,1500,1,2,2026-05-26 17:27:00+00:00,,7.460520105057871,,unresolved_between_7_and_30_days,0,nyc_open_data,0.7,Equation 1 synthetic scoring transfer
69112090,Drainage,Pending,40.60767811993219,-73.90240028622947,0,2,8.020608760948894e-05,300,1,1,2026-05-24 12:42:00+00:00,,9.658436771724537,,unresolved_between_7_and_30_days,0,nyc_open_data,0.6200000000000001,Equation 1 synthetic scoring transfer
69158940,Waste,Completed,40.85135301222359,-73.83561247277555,3,1,0.0002102442582886,1369,0,0,2026-05-28 10:30:00+00:00,2026-05-29 14:18:13+00:00,5.7501034383912035,1.1584837962962964,resolved_within_7_days,1,nyc_open_data,0.08000000000000002,Equation 1 synthetic scoring transfer
69165395,Waste,Completed,40.76585109008739,-73.90570631619654,3,1,0.0013592280054068,1369,0,0,2026-05-29 14:30:14+00:00,2026-05-30 13:50:32+00:00,4.5832747346875,0.9724305555555556,resolved_within_7_days,4,nyc_open_data,0.08000000000000002,Equation 1 synthetic scoring transfer
69109953,Drainage,Pending,40.718212883024094,-73.83674171287196,0,2,0.000781397587555,300,1,2,2026-05-24 19:43:00+00:00,,9.366075660613426,,unresolved_between_7_and_30_days,2,nyc_open_data,0.7700000000000001,Equation 1 synthetic scoring transfer
69108837,Drainage,Pending,40.75465799737773,-73.7279185350814,0,2,0.0001450015251077,300,1,1,2026-05-24 20:03:00+00:00,,9.352186771724538,,unresolved_between_7_and_30_days,0,nyc_open_data,0.6200000000000001,Equation 1 synthetic scoring transfer
69175300,Water Supply,Completed,40.613808470227575,-73.97972909505445,4,1,0.0108765023414107,1500,0,1,2026-05-30 12:03:00+00:00,2026-05-30 12:19:00+00:00,3.6855201050578703,0.0111111111111111,resolved_within_7_days,6,nyc_open_data,0.4,Equation 1 synthetic scoring transfer
69132002,Water Supply,Completed,40.62513009230647,-73.9340759563637,4,1,0.0004606557255748,1500,0,1,2026-05-26 09:56:00+00:00,2026-05-26 10:04:00+00:00,7.773714549502316,0.0055555555555555,resolved_within_7_days,2,nyc_open_data,0.4,Equation 1 synthetic scoring transfer
56579036,Streetlight,Pending,40.672972233472,-73.96744693490606,2,2,0.0004304133550148,800,1,1,2023-01-20 14:18:00+00:00,2023-01-13 14:18:00+00:00,1229.5917701050578,0.0,unresolved_after_30_days,1,nyc_open_data,0.46,Equation 1 synthetic scoring transfer
56485742,Streetlight,Pending,40.59264629857799,-73.7622917333769,2,2,0.0026112892312414,800,1,1,2023-01-09 11:29:00+00:00,2023-01-04 11:29:00+00:00,1240.7091312161688,0.0,unresolved_after_30_days,4,nyc_open_data,0.61,Equation 1 synthetic scoring transfer
69072381,Water Supply,Completed,40.86347707629327,-73.90446522143375,4,1,0.0009453003522782,1500,0,1,2026-05-21 11:09:00+00:00,2026-05-26 14:00:00+00:00,12.72302010505787,5.11875,resolved_within_7_days,10,nyc_open_data,0.55,Equation 1 synthetic scoring transfer
56484646,Streetlight,Pending,40.572317104347185,-74.00236490969885,2,2,0.0003384075869712,800,1,1,2023-01-09 11:19:00+00:00,2023-01-06 11:19:00+00:00,1240.7160756606131,0.0,unresolved_after_30_days,2,nyc_open_data,0.46,Equation 1 synthetic scoring transfer
69121152,Drainage,Pending,40.70137183395374,-73.7425802137591,0,2,0.0007384035989699,300,1,1,2026-05-25 09:14:00+00:00,,8.802881216168982,,unresolved_between_7_and_30_days,0,nyc_open_data,0.6200000000000001,Equation 1 synthetic scoring transfer
69153045,Waste,Completed,40.88301829405102,-73.84945364522147,3,1,0.0010292528411492,1369,0,0,2026-05-28 12:05:42+00:00,2026-05-29 13:27:58+00:00,5.68364510505787,1.0571296296296295,resolved_within_7_days,4,nyc_open_data,0.08000000000000002,Equation 1 synthetic scoring transfer
69107776,Drainage,Pending,40.72907839430858,-73.78005452078622,0,2,0.0002209355717592,300,1,1,2026-05-24 14:00:00+00:00,,9.604270105057871,,unresolved_between_7_and_30_days,0,nyc_open_data,0.6200000000000001,Equation 1 synthetic scoring transfer
69104667,Drainage,Pending,40.628124113772735,-73.97383815062742,0,2,0.0052501273646695,300,1,2,2026-05-24 14:33:00+00:00,,9.581353438391204,,unresolved_between_7_and_30_days,3,nyc_open_data,0.7700000000000001,Equation 1 synthetic scoring transfer
69141137,Waste,Completed,40.67712037972007,-73.82517581059666,3,1,0.0002734633054778,1369,0,0,2026-05-27 09:32:38+00:00,2026-05-27 11:16:26+00:00,6.7899414013541675,0.0720833333333333,resolved_within_7_days,0,nyc_open_data,0.08000000000000002,Equation 1 synthetic scoring transfer
69186481,Pothole,Completed,40.68210698128421,-73.84583301582548,1,1,0.0011473741484132,1500,0,0,2026-05-31 14:43:25+00:00,2026-05-31 23:33:00+00:00,2.5741196420949075,0.3677662037037037,resolved_within_7_days,7,nyc_open_data,0.24,Equation 1 synthetic scoring transfer
69107781,Drainage,Pending,40.6230415911862,-73.93457513583812,0,2,0.0007496809437365,300,1,1,2026-05-24 11:04:00+00:00,,9.726492327280091,,unresolved_between_7_and_30_days,0,nyc_open_data,0.6200000000000001,Equation 1 synthetic scoring transfer
69165397,Waste,Completed,40.7769336672631,-73.91925933455076,3,1,0.0008230035941066,1369,0,0,2026-05-29 13:40:51+00:00,2026-05-30 13:15:25+00:00,4.617568716168981,0.9823379629629628,resolved_within_7_days,0,nyc_open_data,0.08000000000000002,Equation 1 synthetic scoring transfer
69109139,Streetlight,Pending,40.862741789462824,-73.89232978354522,2,2,0.0009503010689959,800,1,1,2026-05-24 17:40:00+00:00,,9.451492327280093,,unresolved_between_7_and_30_days,0,nyc_open_data,0.46,Equation 1 synthetic scoring transfer
69110839,Pothole,Completed,40.56971281294902,-74.1300398142182,1,1,0.0008238078023719,1500,0,0,2026-05-24 13:59:15+00:00,2026-05-27 09:22:01+00:00,9.604790938391204,2.807476851851852,resolved_within_7_days,3,nyc_open_data,0.39,Equation 1 synthetic scoring transfer
56556034,Streetlight,Pending,40.72903189974557,-73.94683938281717,2,2,0.0003256696796786,800,1,1,2023-01-17 11:46:00+00:00,2023-01-13 11:46:00+00:00,1232.6973256606132,0.0,unresolved_after_30_days,1,nyc_open_data,0.46,Equation 1 synthetic scoring transfer
56444845,Streetlight,Pending,40.828519305847,-73.84117935716411,2,2,0.0001290997589998,800,1,1,2023-01-04 12:00:00+00:00,,1245.687603438391,,unresolved_after_30_days,0,nyc_open_data,0.46,Equation 1 synthetic scoring transfer
69088026,Water Supply,Pending,40.83749703232736,-73.94414347302468,4,2,0.0006705876667266,1500,1,2,2026-05-22 10:53:00+00:00,,11.734131216168985,,unresolved_between_7_and_30_days,6,nyc_open_data,0.7,Equation 1 synthetic scoring transfer
69141080,Waste,Completed,40.63690794055128,-73.95721026879801,3,1,0.0008822070496634,1369,0,0,2026-05-27 22:30:41+00:00,2026-05-28 11:44:43+00:00,6.249628901354167,0.551412037037037,resolved_within_7_days,1,nyc_open_data,0.08000000000000002,Equation 1 synthetic scoring transfer
69121418,Streetlight,Pending,40.63729578191746,-73.96822458521576,2,2,0.0005488003109363,800,1,1,2026-05-25 18:12:00+00:00,,8.42927010505787,,unresolved_between_7_and_30_days,0,nyc_open_data,0.46,Equation 1 synthetic scoring transfer
69111339,Streetlight,Pending,40.89503010454671,-73.91141883562838,2,2,0.0001321476935661,800,1,1,2026-05-24 13:36:00+00:00,,9.620936771724535,,unresolved_between_7_and_30_days,0,nyc_open_data,0.46,Equation 1 synthetic scoring transfer
69104682,Water Supply,Completed,40.83870380248861,-73.8812918569185,4,1,0.0003626423544299,1500,0,1,2026-05-24 13:41:00+00:00,2026-05-29 08:00:00+00:00,9.617464549502316,4.763194444444444,resolved_within_7_days,0,nyc_open_data,0.4,Equation 1 synthetic scoring transfer
69150127,Waste,Completed,40.67784561465136,-73.89288427321912,3,1,0.0004719978118882,1369,0,0,2026-05-28 16:38:05+00:00,2026-05-31 00:51:23+00:00,5.494490012465278,2.3425694444444445,resolved_within_7_days,5,nyc_open_data,0.38,Equation 1 synthetic scoring transfer
69134918,Pothole,Completed,40.650013308434986,-73.88415021596411,1,1,0.0001314414886194,1500,0,0,2026-05-26 13:35:26+00:00,2026-05-29 11:24:07+00:00,7.621330290243056,2.9088078703703704,resolved_within_7_days,0,nyc_open_data,0.24,Equation 1 synthetic scoring transfer
69114441,Drainage,Pending,40.71740836234032,-73.83847162821807,0,2,0.0010909655795053,300,1,2,2026-05-25 23:13:00+00:00,,8.220242327280094,,unresolved_between_7_and_30_days,2,nyc_open_data,0.7700000000000001,Equation 1 synthetic scoring transfer
69182066,Water Supply,Completed,40.76280987359789,-73.9931665482862,4,1,0.0014883589614187,1500,0,1,2026-05-30 00:38:00+00:00,2026-05-30 13:10:00+00:00,4.161214549502315,0.5222222222222223,resolved_within_7_days,1,nyc_open_data,0.4,Equation 1 synthetic scoring transfer
69114445,Drainage,Pending,40.639162387626115,-73.96877498048596,0,2,0.0015716733022942,300,1,1,2026-05-25 18:30:00+00:00,,8.416770105057871,,unresolved_between_7_and_30_days,3,nyc_open_data,0.6200000000000001,Equation 1 synthetic scoring transfer
69127111,Drainage,Pending,40.674446906551275,-73.76369457028167,0,2,0.0001524814861276,300,1,1,2026-05-26 10:47:00+00:00,,7.738297882835648,,unresolved_between_7_and_30_days,0,nyc_open_data,0.6200000000000001,Equation 1 synthetic scoring transfer
69098841,Streetlight,Pending,40.60880606826476,-73.93280272957081,2,2,0.0005111106637276,800,1,1,2026-05-23 16:14:00+00:00,,10.511214549502316,,unresolved_between_7_and_30_days,2,nyc_open_data,0.46,Equation 1 synthetic scoring transfer
69133642,Drainage,Pending,40.77100614125504,-73.82056810028102,0,2,0.0003602136087412,300,1,2,2026-05-26 15:31:00+00:00,,7.541075660613426,,unresolved_between_7_and_30_days,1,nyc_open_data,0.7700000000000001,Equation 1 synthetic scoring transfer
56582588,Streetlight,Pending,40.87369756582568,-73.82438416214278,2,2,7.801006674177e-05,800,1,1,2023-01-20 12:03:00+00:00,2023-01-19 12:02:00+00:00,1229.6855201050578,0.0,unresolved_after_30_days,0,nyc_open_data,0.46,Equation 1 synthetic scoring transfer
69188951,Water Supply,Completed,40.86524311270885,-73.90591969676916,4,1,0.000931994015086,1500,0,1,2026-05-31 20:33:00+00:00,2026-05-31 20:33:00+00:00,2.331353438391204,0.0,resolved_within_7_days,9,nyc_open_data,0.55,Equation 1 synthetic scoring transfer
69142642,Waste,Completed,40.68536792256833,-73.91088608166217,3,1,0.0017437165709408,1369,0,0,2026-05-27 20:22:20+00:00,2026-05-28 13:28:44+00:00,6.338760845798611,0.7127777777777777,resolved_within_7_days,2,nyc_open_data,0.23,Equation 1 synthetic scoring transfer
69181907,Waste,Completed,40.63131441645186,-74.09977430980092,3,1,0.0001726449523878,1369,0,0,2026-05-30 11:09:47+00:00,2026-05-30 13:30:34+00:00,3.722476123576389,0.0977662037037037,resolved_within_7_days,1,nyc_open_data,0.08000000000000002,Equation 1 synthetic scoring transfer
69167075,Waste,Completed,40.822408765090266,-73.94882063297837,3,1,0.0007493332587835,1369,0,0,2026-05-29 07:20:58+00:00,2026-05-29 20:55:32+00:00,4.881376586539352,0.5656712962962963,resolved_within_7_days,1,nyc_open_data,0.08000000000000002,Equation 1 synthetic scoring transfer
69160428,Waste,Completed,40.76502016138944,-73.9344537179984,3,1,0.000174210608998,1369,0,0,2026-05-28 07:03:10+00:00,2026-05-28 13:14:09+00:00,5.8937376976504625,0.2576273148148148,resolved_within_7_days,0,nyc_open_data,0.08000000000000002,Equation 1 synthetic scoring transfer
69144078,Waste,Completed,40.699378003520835,-73.81141663164045,3,1,0.0004823716947851,1369,0,0,2026-05-27 05:37:17+00:00,2026-05-27 11:58:56+00:00,6.953378901354167,0.2650347222222222,resolved_within_7_days,0,nyc_open_data,0.08000000000000002,Equation 1 synthetic scoring transfer
69142643,Waste,Completed,40.73327561156256,-73.98504018303345,3,1,0.0011449315543547,1369,0,0,2026-05-27 08:06:22+00:00,2026-05-30 15:49:09+00:00,6.849848808761575,3.3213773148148147,resolved_within_7_days,5,nyc_open_data,0.08000000000000002,Equation 1 synthetic scoring transfer
56604385,Streetlight,Pending,40.78648556883817,-73.97217258063515,2,2,0.0004149179407354,800,1,1,2023-01-23 08:18:00+00:00,2023-01-22 08:17:00+00:00,1226.8417701050578,0.0,unresolved_after_30_days,1,nyc_open_data,0.46,Equation 1 synthetic scoring transfer
69122372,Water Supply,Pending,40.63677486401345,-73.984431285498,4,2,1.0,1500,1,2,2026-05-25 13:14:00+00:00,,8.636214549502315,,unresolved_between_7_and_30_days,11,nyc_open_data,0.7,Equation 1 synthetic scoring transfer
69105716,Water Supply,Completed,40.76229397770745,-73.97445687774159,4,1,0.0005883405529003,1500,0,1,2026-05-24 19:36:00+00:00,2026-05-25 08:50:00+00:00,9.370936771724535,0.5513888888888889,resolved_within_7_days,1,nyc_open_data,0.4,Equation 1 synthetic scoring transfer
69130388,Drainage,Pending,40.681115711558704,-73.76588107624555,0,2,0.0006653348142232,300,1,1,2026-05-26 12:39:00+00:00,,7.660520105057871,,unresolved_between_7_and_30_days,0,nyc_open_data,0.6200000000000001,Equation 1 synthetic scoring transfer
69129990,Pothole,Pending,40.66324853025785,-73.98627780166396,1,2,0.0005285291409798,1500,1,1,2026-05-26 19:28:23+00:00,,7.376226123576389,,unresolved_between_7_and_30_days,1,nyc_open_data,0.54,Equation 1 synthetic scoring transfer
69145604,Waste,Completed,40.740363518571776,-73.998054944742,3,1,0.0010622002708616,1369,0,0,2026-05-27 23:07:31+00:00,2026-05-28 05:19:26+00:00,6.224050197650463,0.2582754629629629,resolved_within_7_days,4,nyc_open_data,0.08000000000000002,Equation 1 synthetic scoring transfer
56548261,Streetlight,Pending,40.903481086856935,-73.85034060870207,2,2,0.0006333862067259,800,1,1,2023-01-17 10:14:00+00:00,2023-01-16 09:37:00+00:00,1232.7612145495025,0.0,unresolved_after_30_days,0,nyc_open_data,0.46,Equation 1 synthetic scoring transfer
69142649,Waste,Completed,40.71572771461388,-73.90730672434121,3,1,0.000327587522721,1369,0,0,2026-05-27 08:52:02+00:00,2026-05-29 15:21:15+00:00,6.818135845798611,2.2702893518518517,resolved_within_7_days,0,nyc_open_data,0.08000000000000002,Equation 1 synthetic scoring transfer
69130766,Streetlight,Pending,40.65997622410134,-73.83428193862922,2,2,0.0002157402503795,800,1,1,2026-05-26 10:46:00+00:00,2026-05-22 10:46:00+00:00,7.738992327280093,0.0,unresolved_between_7_and_30_days,0,nyc_open_data,0.46,Equation 1 synthetic scoring transfer
69089387,Water Supply,Completed,40.54146401599275,-74.18369792512074,4,1,6.096420881517984e-05,1500,0,1,2026-05-22 21:21:00+00:00,2026-05-23 11:00:00+00:00,11.298020105057873,0.56875,resolved_within_7_days,0,nyc_open_data,0.4,Equation 1 synthetic scoring transfer
69143973,Pothole,Completed,40.71918847122843,-73.95841645740742,1,1,0.0010656714153468,1500,0,0,2026-05-27 08:38:32+00:00,2026-05-31 15:34:42+00:00,6.827510845798612,4.28900462962963,resolved_within_7_days,2,nyc_open_data,0.24,Equation 1 synthetic scoring transfer
69118794,Pothole,Completed,40.73652171957164,-73.87009290804018,1,1,0.0003361758826886,1500,0,0,2026-05-25 11:19:40+00:00,2026-05-25 20:05:00+00:00,8.715612697650464,0.3648148148148148,resolved_within_7_days,0,nyc_open_data,0.24,Equation 1 synthetic scoring transfer
69151558,Waste,Completed,40.694718293157734,-73.92477175524826,3,1,0.0009860021071895,1369,0,0,2026-05-28 10:52:41+00:00,2026-05-30 15:44:12+00:00,5.734351123576388,2.2024421296296297,resolved_within_7_days,2,nyc_open_data,0.23,Equation 1 synthetic scoring transfer
69151543,Waste,Completed,40.75466828310585,-73.98574643281493,3,1,0.0004030603377535,1369,0,0,2026-05-28 15:00:22+00:00,2026-05-29 07:41:28+00:00,5.562348808761574,0.6952083333333333,resolved_within_7_days,1,nyc_open_data,0.08000000000000002,Equation 1 synthetic scoring transfer
69085360,Pothole,Completed,40.893548180279936,-73.85255484884871,1,1,0.0002729631655483,1500,0,0,2026-05-22 11:33:47+00:00,2026-05-22 18:22:22+00:00,11.705809456909725,0.2837384259259259,resolved_within_7_days,0,nyc_open_data,0.24,Equation 1 synthetic scoring transfer
69157905,Pothole,Completed,40.817157626927,-73.90153670159609,1,1,1.0,1500,0,1,2026-05-28 10:07:20+00:00,2026-05-28 14:04:55+00:00,5.765844179131944,0.1649884259259259,resolved_within_7_days,11,nyc_open_data,0.54,Equation 1 synthetic scoring transfer
69132357,Streetlight,Pending,40.54046669849311,-74.15452382148389,2,2,0.0001165253519769,800,1,1,2026-05-26 04:00:00+00:00,,8.020936771724537,,unresolved_between_7_and_30_days,0,nyc_open_data,0.46,Equation 1 synthetic scoring transfer
56577926,Streetlight,Pending,40.614831309237054,-73.99837196351335,2,2,0.0003403925978237,800,1,1,2023-01-20 09:02:00+00:00,2023-01-18 09:02:00+00:00,1229.8112145495022,0.0,unresolved_after_30_days,0,nyc_open_data,0.46,Equation 1 synthetic scoring transfer
56557905,Streetlight,Pending,40.77397791735184,-73.9485509651095,2,2,0.0009234114490448,800,1,1,2023-01-18 11:15:00+00:00,2023-01-17 11:14:00+00:00,1231.718853438391,0.0,unresolved_after_30_days,2,nyc_open_data,0.46,Equation 1 synthetic scoring transfer
56523533,Streetlight,Pending,40.513200749455166,-74.19685136248198,2,2,8.789270095797922e-05,800,1,1,2023-01-13 09:04:00+00:00,2023-01-12 09:03:00+00:00,1236.8098256606131,0.0,unresolved_after_30_days,0,nyc_open_data,0.46,Equation 1 synthetic scoring transfer
69138136,Waste,Completed,40.70577222580242,-73.89430013999366,3,1,0.0005929124479599,1369,0,0,2026-05-27 08:35:30+00:00,2026-05-28 10:17:36+00:00,6.829617327280093,1.0709027777777778,resolved_within_7_days,1,nyc_open_data,0.23,Equation 1 synthetic scoring transfer
69101246,Water Supply,Completed,40.67073487437871,-73.87997222474225,4,1,0.0011050012414069,1500,0,1,2026-05-23 08:54:00+00:00,2026-05-24 10:35:00+00:00,10.81677010505787,1.070138888888889,resolved_within_7_days,0,nyc_open_data,0.4,Equation 1 synthetic scoring transfer
69075858,Water Supply,Completed,40.8490516358437,-73.91982241221577,4,1,0.0012827565570204,1500,0,1,2026-05-21 14:35:00+00:00,2026-05-22 08:50:00+00:00,12.579964549502316,0.7604166666666666,resolved_within_7_days,10,nyc_open_data,0.55,Equation 1 synthetic scoring transfer
69102688,Water Supply,Pending,40.68641887924086,-73.91787256096256,4,2,0.001504631185809,1500,1,2,2026-05-23 11:18:00+00:00,,10.71677010505787,,unresolved_between_7_and_30_days,3,nyc_open_data,0.85,Equation 1 synthetic scoring transfer
69111069,Drainage,Pending,40.594122990979194,-73.98089810802796,0,2,0.0003164973006339,300,1,1,2026-05-24 11:02:00+00:00,,9.72788121616898,,unresolved_between_7_and_30_days,0,nyc_open_data,0.6200000000000001,Equation 1 synthetic scoring transfer
69139456,Pothole,Completed,40.60095637786012,-74.00083905679729,1,1,0.0008458993141332,1500,0,0,2026-05-27 09:51:50+00:00,2026-05-29 13:03:32+00:00,6.776608068020834,2.133125,resolved_within_7_days,3,nyc_open_data,0.24,Equation 1 synthetic scoring transfer
69135704,Pothole,Completed,40.71714314761746,-73.88504360047885,1,1,0.0005978414417053,1500,0,0,2026-05-26 08:06:23+00:00,2026-05-26 21:47:00+00:00,7.8498372346875005,0.5698726851851852,resolved_within_7_days,3,nyc_open_data,0.24,Equation 1 synthetic scoring transfer
56616041,Streetlight,Pending,40.88744624701871,-73.87800049039276,2,2,7.433253510859339e-05,800,1,1,2023-01-24 11:12:00+00:00,2023-01-23 11:11:00+00:00,1225.7209367717244,0.0,unresolved_after_30_days,0,nyc_open_data,0.46,Equation 1 synthetic scoring transfer
69108863,Drainage,Pending,40.62717051499572,-73.98213151779058,0,2,0.0004740927964362,300,1,1,2026-05-24 14:56:00+00:00,,9.565381216168982,,unresolved_between_7_and_30_days,1,nyc_open_data,0.6200000000000001,Equation 1 synthetic scoring transfer
69098253,Water Supply,Completed,40.87225005466075,-73.84675894391678,4,1,0.0006930087624743,1500,0,1,2026-05-23 10:34:00+00:00,2026-05-23 11:15:00+00:00,10.747325660613429,0.0284722222222222,resolved_within_7_days,4,nyc_open_data,0.4,Equation 1 synthetic scoring transfer
69105668,Drainage,Pending,40.60031912227016,-73.94289066228198,0,2,0.0005125807096077,300,1,1,2026-05-24 14:27:00+00:00,,9.58552010505787,,unresolved_between_7_and_30_days,1,nyc_open_data,0.6200000000000001,Equation 1 synthetic scoring transfer
69129150,Pothole,Completed,40.68157875416454,-73.76547563812336,1,1,0.0007804283118719,1500,0,0,2026-05-26 13:35:04+00:00,2026-05-26 14:57:00+00:00,7.621584919872686,0.0568981481481481,resolved_within_7_days,1,nyc_open_data,0.24,Equation 1 synthetic scoring transfer
69148668,Waste,Completed,40.73040937110826,-73.98028174541913,3,1,1.0,1369,0,0,2026-05-27 23:41:56+00:00,2026-05-28 11:42:20+00:00,6.200149734687501,0.5002777777777778,resolved_within_7_days,4,nyc_open_data,0.08000000000000002,Equation 1 synthetic scoring transfer
69135296,Drainage,Pending,40.68065294043976,-73.844307682853,0,2,0.0008272222719679,300,1,2,2026-05-26 13:32:00+00:00,,7.623714549502315,,unresolved_between_7_and_30_days,2,nyc_open_data,0.7700000000000001,Equation 1 synthetic scoring transfer
56477303,Streetlight,Pending,40.67615562171991,-73.7854529545537,2,2,1.0,800,1,2,2023-01-09 11:37:00+00:00,2023-01-06 11:36:00+00:00,1240.7035756606133,0.0,unresolved_after_30_days,5,nyc_open_data,0.76,Equation 1 synthetic scoring transfer
69122630,Streetlight,Pending,40.65713993018317,-73.90654476296513,2,2,0.0003132204624973,800,1,1,2026-05-25 17:02:00+00:00,,8.477881216168981,,unresolved_between_7_and_30_days,0,nyc_open_data,0.46,Equation 1 synthetic scoring transfer
69148656,Waste,Completed,40.860213678481045,-73.87071170489266,3,1,0.0004208927356622,1369,0,0,2026-05-27 13:52:42+00:00,2026-05-27 23:59:54+00:00,6.609339549502315,0.4216666666666667,resolved_within_7_days,2,nyc_open_data,0.23,Equation 1 synthetic scoring transfer
69132385,Streetlight,Pending,40.6035200496366,-74.07099846247714,2,2,0.0002671758791848,800,1,1,2026-05-26 07:20:00+00:00,,7.882047882835648,,unresolved_between_7_and_30_days,0,nyc_open_data,0.46,Equation 1 synthetic scoring transfer
69089721,Streetlight,Pending,40.59965332838495,-74.13464263410111,2,2,0.000296131986151,800,1,1,2026-05-22 08:31:00+00:00,,11.832742327280092,,unresolved_between_7_and_30_days,0,nyc_open_data,0.46,Equation 1 synthetic scoring transfer
69105704,Drainage,Pending,40.63611482801555,-73.74029181935593,0,2,0.0001276564097134,300,1,1,2026-05-24 13:35:00+00:00,,9.621631216168982,,unresolved_between_7_and_30_days,0,nyc_open_data,0.6200000000000001,Equation 1 synthetic scoring transfer
56492943,Streetlight,Pending,40.889458535996,-73.89827220400643,2,2,0.0002225526485745,800,1,1,2023-01-10 08:36:00+00:00,2023-01-09 08:32:00+00:00,1239.8292701050575,0.0,unresolved_after_30_days,0,nyc_open_data,0.46,Equation 1 synthetic scoring transfer
69125393,Drainage,Pending,40.72872326285218,-73.79587684777655,0,2,0.0003635333177013,300,1,1,2026-05-26 12:44:00+00:00,,7.657047882835648,,unresolved_between_7_and_30_days,1,nyc_open_data,0.6200000000000001,Equation 1 synthetic scoring transfer
69168742,Waste,Completed,40.678988129905335,-73.86485829214882,3,1,0.0007630994530344,1369,0,0,2026-05-29 15:18:27+00:00,2026-05-30 12:07:34+00:00,4.549790938391204,0.8674421296296296,resolved_within_7_days,4,nyc_open_data,0.23,Equation 1 synthetic scoring transfer
69112982,Pothole,Completed,40.569403280529286,-74.12948130385648,1,1,0.0012207893636305,1500,0,0,2026-05-24 13:51:15+00:00,2026-05-27 09:22:56+00:00,9.61034649394676,2.8136689814814817,resolved_within_7_days,3,nyc_open_data,0.39,Equation 1 synthetic scoring transfer
69170646,Water Supply,Completed,40.805188135946835,-73.95479392453541,4,1,0.0036308159878978,1500,0,2,2026-05-29 07:38:00+00:00,2026-05-29 07:38:00+00:00,4.869547882835648,0.0,resolved_within_7_days,9,nyc_open_data,0.7,Equation 1 synthetic scoring transfer
69144378,Water Supply,Completed,40.58698985805597,-73.80978981204305,4,1,0.0002247082888688,1500,0,1,2026-05-27 11:53:00+00:00,2026-05-27 12:05:00+00:00,6.692464549502315,0.0083333333333333,resolved_within_7_days,0,nyc_open_data,0.4,Equation 1 synthetic scoring transfer
69106728,Drainage,Pending,40.712940714021975,-73.82768622885686,0,2,0.0007303701729806,300,1,1,2026-05-24 11:59:00+00:00,,9.688297882835649,,unresolved_between_7_and_30_days,0,nyc_open_data,0.6200000000000001,Equation 1 synthetic scoring transfer
69147158,Waste,Completed,40.63598357942191,-74.16022515778896,3,1,0.000343420159182,1369,0,0,2026-05-27 16:40:03+00:00,2026-05-30 09:25:35+00:00,6.493124271724538,2.698287037037037,resolved_within_7_days,0,nyc_open_data,0.08000000000000002,Equation 1 synthetic scoring transfer
56605124,Streetlight,Pending,40.75011201290421,-73.9154047703965,2,2,0.0002521067890236,800,1,1,2023-01-23 11:37:00+00:00,2023-01-20 11:37:00+00:00,1226.7035756606133,0.0,unresolved_after_30_days,0,nyc_open_data,0.46,Equation 1 synthetic scoring transfer
69151544,Waste,Completed,40.68489985808985,-73.94910284866212,3,1,0.0005907272125825,1369,0,0,2026-05-28 08:44:31+00:00,2026-05-29 13:28:36+00:00,5.823355753206019,1.1972800925925926,resolved_within_7_days,2,nyc_open_data,0.08000000000000002,Equation 1 synthetic scoring transfer
56552996,Streetlight,Pending,40.66146989489981,-73.98612317968227,2,2,0.000385242006944,800,1,1,2023-01-17 11:49:00+00:00,2023-01-13 11:49:00+00:00,1232.69524232728,0.0,unresolved_after_30_days,0,nyc_open_data,0.46,Equation 1 synthetic scoring transfer
69112132,Water Supply,Completed,40.86935360469968,-73.88367769879603,4,1,0.0003708563235046,1500,0,1,2026-05-24 21:18:00+00:00,2026-05-26 14:00:00+00:00,9.300103438391204,1.6958333333333333,resolved_within_7_days,2,nyc_open_data,0.55,Equation 1 synthetic scoring transfer
69162097,Waste,Completed,40.81638600857615,-73.85892169684048,3,1,0.0003450031910202,1369,0,0,2026-05-29 23:24:02+00:00,2026-05-30 14:38:35+00:00,4.212580290243055,0.6351041666666667,resolved_within_7_days,2,nyc_open_data,0.08000000000000002,Equation 1 synthetic scoring transfer
69162057,Waste,Completed,40.82249532133742,-73.9072085856295,3,1,0.0005875788111254,1369,0,0,2026-05-29 19:15:46+00:00,2026-05-30 14:44:45+00:00,4.3849876976504625,0.8117939814814815,resolved_within_7_days,2,nyc_open_data,0.23,Equation 1 synthetic scoring transfer
69112984,Pothole,Completed,40.663687037107785,-73.88892404639569,1,1,0.0004399348301724,1500,0,0,2026-05-24 21:14:27+00:00,2026-05-29 10:56:48+00:00,9.302568716168985,4.571076388888889,resolved_within_7_days,2,nyc_open_data,0.24,Equation 1 synthetic scoring transfer
69103463,Pothole,Completed,40.6597854372241,-73.99988466310771,1,1,0.0014385636670146,1500,0,0,2026-05-23 07:00:10+00:00,2026-05-26 11:19:59+00:00,10.895821030983797,3.1804282407407407,resolved_within_7_days,2,nyc_open_data,0.24,Equation 1 synthetic scoring transfer
56608667,Streetlight,Pending,40.6361331503863,-73.9727360955703,2,2,0.0004921636250482,800,1,1,2023-01-24 14:39:00+00:00,,1225.5771867717244,,unresolved_after_30_days,1,nyc_open_data,0.46,Equation 1 synthetic scoring transfer
69139864,Water Supply,Completed,40.67713520133588,-73.80212757654571,4,1,0.0002001626187377,1500,0,1,2026-05-27 12:22:00+00:00,2026-05-27 12:54:00+00:00,6.672325660613426,0.0222222222222222,resolved_within_7_days,0,nyc_open_data,0.4,Equation 1 synthetic scoring transfer
69162162,Waste,Completed,40.71167240725973,-73.99348560709876,3,1,0.0006328022362211,1369,0,0,2026-05-29 04:51:44+00:00,2026-05-29 09:21:48+00:00,4.985010845798611,0.1875462962962963,resolved_within_7_days,1,nyc_open_data,0.08000000000000002,Equation 1 synthetic scoring transfer
69109749,Pothole,Completed,40.68445538808863,-73.90926116959268,1,1,0.0051095927834708,1500,0,0,2026-05-24 12:31:33+00:00,2026-05-31 14:52:49+00:00,9.66569371616898,7.098101851851852,resolved_between_7_and_30_days,5,nyc_open_data,0.24,Equation 1 synthetic scoring transfer
69111045,Drainage,Pending,40.716726599342024,-73.95891220134764,0,2,0.000582811255357,300,1,1,2026-05-24 21:44:00+00:00,,9.282047882835649,,unresolved_between_7_and_30_days,0,nyc_open_data,0.6200000000000001,Equation 1 synthetic scoring transfer
69105706,Drainage,Pending,40.634966248997934,-73.93206660864892,0,2,0.0002312038461785,300,1,1,2026-05-24 09:08:00+00:00,,9.807047882835649,,unresolved_between_7_and_30_days,0,nyc_open_data,0.6200000000000001,Equation 1 synthetic scoring transfer
69114458,Drainage,Pending,40.5861564926073,-73.94992696811924,0,2,0.0003883409130976,300,1,1,2026-05-25 17:51:00+00:00,,8.443853438391205,,unresolved_between_7_and_30_days,0,nyc_open_data,0.6200000000000001,Equation 1 synthetic scoring transfer
69118270,Pothole,Pending,40.72308227890896,-74.0080343503678,1,2,0.00034546907902,1500,1,1,2026-05-25 18:25:45+00:00,,8.41972149394676,,unresolved_between_7_and_30_days,0,nyc_open_data,0.54,Equation 1 synthetic scoring transfer
69163983,Water Supply,Completed,40.68225372077428,-73.91986792319923,4,1,1.0,1500,0,1,2026-05-29 11:13:00+00:00,2026-05-29 11:15:00+00:00,4.720242327280093,0.0013888888888888,resolved_within_7_days,6,nyc_open_data,0.4,Equation 1 synthetic scoring transfer
69108820,Drainage,Pending,40.722163251008055,-73.76694905528669,0,2,0.0006674078046448,300,1,2,2026-05-24 12:53:00+00:00,,9.650797882835649,,unresolved_between_7_and_30_days,1,nyc_open_data,0.7700000000000001,Equation 1 synthetic scoring transfer
69108827,Drainage,Pending,40.60884998618199,-73.94296259820455,0,2,0.0006022003852941,300,1,2,2026-05-24 10:30:00+00:00,,9.750103438391204,,unresolved_between_7_and_30_days,2,nyc_open_data,0.7700000000000001,Equation 1 synthetic scoring transfer
69089739,Streetlight,Pending,40.81635183704461,-73.82408028131425,2,2,0.0001556238421064,800,1,1,2026-05-22 14:32:00+00:00,,11.58204788283565,,unresolved_between_7_and_30_days,0,nyc_open_data,0.46,Equation 1 synthetic scoring transfer
69150043,Pothole,Completed,40.707112890102024,-74.01223439057073,1,1,0.000760142474156,1500,0,0,2026-05-28 13:25:51+00:00,2026-05-29 09:36:44+00:00,5.627985382835648,0.8408912037037037,resolved_within_7_days,2,nyc_open_data,0.39,Equation 1 synthetic scoring transfer
69111035,Drainage,Pending,40.716803616220425,-73.80590216181787,0,2,0.0005090840620768,300,1,1,2026-05-24 11:12:00+00:00,,9.720936771724537,,unresolved_between_7_and_30_days,0,nyc_open_data,0.6200000000000001,Equation 1 synthetic scoring transfer
56483227,Streetlight,Pending,40.67615562171991,-73.7854529545537,2,2,1.0,800,1,2,2023-01-09 11:36:00+00:00,2023-01-06 11:36:00+00:00,1240.7042701050575,0.0,unresolved_after_30_days,5,nyc_open_data,0.76,Equation 1 synthetic scoring transfer
69112386,Streetlight,Pending,40.7176501236122,-73.98866913437666,2,2,0.0004330424074937,800,1,1,2026-05-24 09:55:00+00:00,2026-05-24 13:20:00+00:00,9.77440899394676,0.1423611111111111,unresolved_between_7_and_30_days,1,nyc_open_data,0.46,Equation 1 synthetic scoring transfer
56439151,Streetlight,Pending,40.57169130885686,-73.99899573268738,2,2,0.0002295587847471,800,1,1,2023-01-04 16:32:00+00:00,,1245.4987145495022,,unresolved_after_30_days,0,nyc_open_data,0.46,Equation 1 synthetic scoring transfer
69123726,Water Supply,Completed,40.67551531642573,-73.89290243647297,4,1,0.0003361074557004,1500,0,1,2026-05-26 07:23:00+00:00,2026-05-26 08:01:00+00:00,7.879964549502315,0.0263888888888888,resolved_within_7_days,1,nyc_open_data,0.4,Equation 1 synthetic scoring transfer
69110845,Pothole,Completed,40.74100707353061,-73.98154886146948,1,1,0.0015697628379788,1500,0,0,2026-05-24 15:27:33+00:00,2026-05-27 15:37:58+00:00,9.54347149394676,3.0072337962962963,resolved_within_7_days,7,nyc_open_data,0.39,Equation 1 synthetic scoring transfer
56598478,Streetlight,Pending,40.77204267144326,-73.93223726912157,2,2,0.0015221754425668,800,1,1,2023-01-23 12:01:00+00:00,2023-01-20 12:01:00+00:00,1226.6869089939466,0.0,unresolved_after_30_days,2,nyc_open_data,0.46,Equation 1 synthetic scoring transfer
69115292,Water Supply,Pending,40.680116344041906,-73.81213809720863,4,2,0.0003204413342026,1500,1,2,2026-05-25 23:52:00+00:00,,8.19315899394676,,unresolved_between_7_and_30_days,0,nyc_open_data,0.7,Equation 1 synthetic scoring transfer
69086890,Streetlight,Pending,40.66856126093557,-73.75671496742189,2,2,0.0002371659911991,800,1,1,2026-05-22 14:29:00+00:00,2026-05-23 01:10:00+00:00,11.584131216168982,0.4451388888888888,unresolved_between_7_and_30_days,0,nyc_open_data,0.46,Equation 1 synthetic scoring transfer
69113172,Drainage,Pending,40.751520579456766,-73.76127005256036,0,2,0.0002200251794261,300,1,1,2026-05-25 18:25:00+00:00,,8.420242327280093,,unresolved_between_7_and_30_days,0,nyc_open_data,0.6200000000000001,Equation 1 synthetic scoring transfer
69085990,Pothole,Completed,40.7515860835717,-73.74570669268,1,1,0.0004749552727811,1500,0,0,2026-05-22 13:29:27+00:00,2026-05-26 02:45:00+00:00,11.625485382835649,3.552465277777778,resolved_within_7_days,1,nyc_open_data,0.24,Equation 1 synthetic scoring transfer
56503257,Streetlight,Pending,40.60410870601152,-74.01823324109252,2,2,0.0002099401801146,800,1,1,2023-01-11 11:05:00+00:00,2023-01-10 11:04:00+00:00,1238.7257978828354,0.0,unresolved_after_30_days,0,nyc_open_data,0.46,Equation 1 synthetic scoring transfer
69095499,Streetlight,Pending,40.68380531575886,-73.83352323738852,2,2,0.0005635497358916,800,1,1,2026-05-22 14:31:00+00:00,2026-05-22 17:10:00+00:00,11.582742327280092,0.1104166666666666,unresolved_between_7_and_30_days,0,nyc_open_data,0.46,Equation 1 synthetic scoring transfer
69118811,Streetlight,Pending,40.71153733500604,-73.98674399475725,2,2,0.0002437487734589,800,1,1,2026-05-25 10:58:00+00:00,,8.73065899394676,,unresolved_between_7_and_30_days,1,nyc_open_data,0.61,Equation 1 synthetic scoring transfer
69109945,Drainage,Pending,40.586631198929936,-73.99582361757808,0,2,0.0001218683861565,300,1,1,2026-05-24 14:17:00+00:00,,9.592464549502315,,unresolved_between_7_and_30_days,0,nyc_open_data,0.6200000000000001,Equation 1 synthetic scoring transfer
69117164,Drainage,Pending,40.64835389063085,-73.91000217086506,0,2,0.0007337654643795,300,1,1,2026-05-25 10:11:00+00:00,,8.763297882835648,,unresolved_between_7_and_30_days,0,nyc_open_data,0.6200000000000001,Equation 1 synthetic scoring transfer
69160520,Waste,Completed,40.61241441734028,-73.98152317508624,3,1,0.000846153895087,1369,0,0,2026-05-28 00:47:30+00:00,2026-05-30 13:13:22+00:00,6.154617327280093,2.517962962962963,resolved_within_7_days,2,nyc_open_data,0.08000000000000002,Equation 1 synthetic scoring transfer
69125425,Water Supply,Pending,40.67891709702896,-73.74893655327543,4,2,0.0006039781832969,1500,1,2,2026-05-26 17:42:00+00:00,,7.450103438391205,,unresolved_between_7_and_30_days,2,nyc_open_data,0.7,Equation 1 synthetic scoring transfer
69163824,Waste,Completed,40.68144784288369,-73.91377568051868,3,1,0.0010540096728855,1369,0,0,2026-05-29 07:32:06+00:00,2026-05-29 14:57:27+00:00,4.87364510505787,0.3092708333333333,resolved_within_7_days,3,nyc_open_data,0.08000000000000002,Equation 1 synthetic scoring transfer
69133643,Drainage,Pending,40.729632668555666,-73.89758892271489,0,2,0.0004856362690887,300,1,1,2026-05-26 15:02:00+00:00,,7.561214549502315,,unresolved_between_7_and_30_days,0,nyc_open_data,0.6200000000000001,Equation 1 synthetic scoring transfer
69108823,Drainage,Pending,40.67995253970392,-73.98132419438053,0,2,0.0009482763916844,300,1,1,2026-05-24 11:43:00+00:00,,9.69940899394676,,unresolved_between_7_and_30_days,0,nyc_open_data,0.6200000000000001,Equation 1 synthetic scoring transfer
69167354,Water Supply,Completed,40.80482559994171,-73.95420539322119,4,1,0.003542771621073,1500,0,2,2026-05-29 03:38:00+00:00,2026-05-29 03:38:00+00:00,5.036214549502315,0.0,resolved_within_7_days,9,nyc_open_data,0.7,Equation 1 synthetic scoring transfer
69111080,Water Supply,Completed,40.640793785458555,-74.11563559836752,4,1,0.0001097882121881,1500,0,1,2026-05-24 12:08:00+00:00,2026-05-24 12:20:00+00:00,9.682047882835649,0.0083333333333333,resolved_within_7_days,0,nyc_open_data,0.4,Equation 1 synthetic scoring transfer
69112089,Drainage,Pending,40.69063924146727,-73.81516990390665,0,2,0.0003006626937915,300,1,1,2026-05-24 12:45:00+00:00,,9.656353438391204,,unresolved_between_7_and_30_days,0,nyc_open_data,0.6200000000000001,Equation 1 synthetic scoring transfer
69121903,Water Supply,Completed,40.839698375720474,-73.8351967456166,4,1,0.0019405101455079,1500,0,1,2026-05-25 15:58:00+00:00,2026-05-26 13:55:00+00:00,8.522325660613426,0.9145833333333332,resolved_within_7_days,3,nyc_open_data,0.55,Equation 1 synthetic scoring transfer
69060103,Waste,Pending,40.885012003536104,-73.90127346237513,3,2,1.0,1369,1,0,2026-05-20 16:28:43+00:00,,13.500994642094907,,unresolved_between_7_and_30_days,4,nyc_open_data,0.38,Equation 1 synthetic scoring transfer
69173647,Waste,Completed,40.600035521268424,-73.93599848878222,3,1,0.0010454137406835,1369,0,0,2026-05-29 12:48:16+00:00,2026-05-30 06:01:55+00:00,4.654084919872685,0.7178125,resolved_within_7_days,0,nyc_open_data,0.08000000000000002,Equation 1 synthetic scoring transfer
69138158,Waste,Completed,40.680712088718224,-73.79149540003112,3,1,0.0018513732993233,1369,0,0,2026-05-27 17:17:27+00:00,2026-05-28 14:46:37+00:00,6.467152049502316,0.8952546296296297,resolved_within_7_days,7,nyc_open_data,0.08000000000000002,Equation 1 synthetic scoring transfer
56481076,Streetlight,Pending,40.59264629857799,-73.7622917333769,2,2,0.0026112892312414,800,1,1,2023-01-09 11:27:00+00:00,2023-01-04 11:27:00+00:00,1240.7105201050576,0.0,unresolved_after_30_days,4,nyc_open_data,0.61,Equation 1 synthetic scoring transfer
69096252,Pothole,Completed,40.65231516981728,-73.8418258706797,1,1,0.0001857488825623,1500,0,0,2026-05-22 11:36:38+00:00,2026-05-26 11:58:52+00:00,11.703830290243056,4.0154398148148145,resolved_within_7_days,0,nyc_open_data,0.24,Equation 1 synthetic scoring transfer
69108870,Drainage,Pending,40.59097379639326,-73.95715688957668,0,2,0.0003346383850422,300,1,1,2026-05-24 23:55:00+00:00,,9.191075660613429,,unresolved_between_7_and_30_days,0,nyc_open_data,0.6200000000000001,Equation 1 synthetic scoring transfer
69147225,Waste,Completed,40.76238002573501,-73.958819061364,3,1,0.0020453576804898,1369,0,0,2026-05-27 17:08:32+00:00,2026-05-28 05:28:06+00:00,6.473344179131945,0.5135879629629629,resolved_within_7_days,4,nyc_open_data,0.08000000000000002,Equation 1 synthetic scoring transfer
69112382,Streetlight,Pending,40.60213844322809,-73.98526042794278,2,2,0.000271061554641,800,1,1,2026-05-24 21:58:00+00:00,,9.272325660613426,,unresolved_between_7_and_30_days,0,nyc_open_data,0.46,Equation 1 synthetic scoring transfer
69121135,Drainage,Pending,40.58817224971098,-73.95245294681791,0,2,0.0079373253370341,300,1,2,2026-05-25 18:02:00+00:00,,8.436214549502315,,unresolved_between_7_and_30_days,7,nyc_open_data,0.9200000000000002,Equation 1 synthetic scoring transfer
69129981,Pothole,Completed,40.67845995318554,-73.73480548722881,1,1,0.0004536464200345,1500,0,0,2026-05-26 09:17:50+00:00,2026-05-29 15:07:43+00:00,7.800219179131945,3.242974537037037,resolved_within_7_days,0,nyc_open_data,0.24,Equation 1 synthetic scoring transfer
69114450,Drainage,Pending,40.66878094941073,-73.80263179547813,0,2,0.0003911982140336,300,1,1,2026-05-25 11:55:00+00:00,,8.691075660613427,,unresolved_between_7_and_30_days,0,nyc_open_data,0.6200000000000001,Equation 1 synthetic scoring transfer
69180996,Pothole,Completed,40.68438015401171,-73.94701559837495,1,1,0.0009285330704286,1500,0,0,2026-05-29 22:52:25+00:00,2026-05-30 16:45:00+00:00,4.234536308761574,0.744849537037037,resolved_within_7_days,1,nyc_open_data,0.24,Equation 1 synthetic scoring transfer
69136574,Pothole,Pending,40.56051211340393,-74.10903657101032,1,2,0.0004841815994912,1500,1,1,2026-05-26 16:33:55+00:00,,7.497383530983797,,unresolved_between_7_and_30_days,2,nyc_open_data,0.54,Equation 1 synthetic scoring transfer
69130334,Water Supply,Pending,40.81483099325764,-73.88750850525139,4,2,0.0005429237700665,1500,1,2,2026-05-26 07:54:00+00:00,,7.858436771724538,,unresolved_between_7_and_30_days,3,nyc_open_data,0.7,Equation 1 synthetic scoring transfer
69106543,Pothole,Completed,40.68758476817357,-73.82066638038927,1,1,0.0003800443768967,1500,0,0,2026-05-24 18:24:11+00:00,2026-05-26 12:03:35+00:00,9.420809456909724,1.7356944444444444,resolved_within_7_days,0,nyc_open_data,0.24,Equation 1 synthetic scoring transfer
69078839,Water Supply,Completed,40.8468783702999,-73.9206057457111,4,1,0.0091870754778037,1500,0,1,2026-05-21 18:19:00+00:00,2026-05-22 15:15:00+00:00,12.42440899394676,0.8722222222222222,resolved_within_7_days,8,nyc_open_data,0.55,Equation 1 synthetic scoring transfer
56604446,Streetlight,Pending,40.72737577444409,-73.90311974882425,2,2,0.0005860168379192,800,1,1,2023-01-23 11:56:00+00:00,2023-01-20 11:56:00+00:00,1226.6903812161688,0.0,unresolved_after_30_days,1,nyc_open_data,0.46,Equation 1 synthetic scoring transfer
69147752,Pothole,Completed,40.59298800640261,-73.94337942237904,1,1,0.0003971848161027,1500,0,0,2026-05-26 15:01:07+00:00,2026-05-27 12:40:00+00:00,7.561827975428241,0.9020023148148149,resolved_within_7_days,1,nyc_open_data,0.24,Equation 1 synthetic scoring transfer
69093646,Water Supply,Completed,40.61455446032563,-73.95746231875887,4,1,0.0002667450863033,1500,0,1,2026-05-22 12:51:00+00:00,2026-05-25 09:32:00+00:00,11.652186771724535,2.8618055555555557,resolved_within_7_days,0,nyc_open_data,0.4,Equation 1 synthetic scoring transfer
69090893,Water Supply,Pending,40.713084883891035,-73.85458809970304,4,2,0.000901323685356,1500,1,2,2026-05-22 10:24:00+00:00,,11.75427010505787,,unresolved_between_7_and_30_days,3,nyc_open_data,0.7,Equation 1 synthetic scoring transfer
69082069,Water Supply,Completed,40.71752080112575,-73.83840281500119,4,1,0.0011515729766357,1500,0,1,2026-05-21 15:32:00+00:00,2026-05-21 16:00:00+00:00,12.54038121616898,0.0194444444444444,resolved_within_7_days,1,nyc_open_data,0.4,Equation 1 synthetic scoring transfer
69118490,Drainage,Pending,40.6794370907535,-73.84437181228193,0,2,0.0006274644857103,300,1,2,2026-05-25 17:52:00+00:00,,8.44315899394676,,unresolved_between_7_and_30_days,2,nyc_open_data,0.7700000000000001,Equation 1 synthetic scoring transfer
69085478,Streetlight,Pending,40.64392194499949,-74.09570327676998,2,2,0.0001505848616676,800,1,1,2026-05-22 12:23:00+00:00,,11.671631216168985,,unresolved_between_7_and_30_days,0,nyc_open_data,0.46,Equation 1 synthetic scoring transfer
69119601,Pothole,Completed,40.78575986404433,-73.98014618701977,1,1,0.0015368197366622,1500,0,0,2026-05-25 13:30:27+00:00,2026-05-27 09:18:32+00:00,8.624790938391204,1.8250578703703704,resolved_within_7_days,3,nyc_open_data,0.24,Equation 1 synthetic scoring transfer
69126829,Waste,Pending,40.71531428808768,-73.96254921122117,3,2,0.0013319536402122,1369,1,0,2026-05-26 22:30:35+00:00,,7.2496983457986115,,unresolved_between_7_and_30_days,3,nyc_open_data,0.38,Equation 1 synthetic scoring transfer
69089067,Pothole,Completed,40.62131557573892,-74.03192990631598,1,1,0.0004116512062589,1500,0,0,2026-05-22 15:15:55+00:00,2026-05-29 14:48:00+00:00,11.551550197650464,6.980613425925926,resolved_within_7_days,0,nyc_open_data,0.24,Equation 1 synthetic scoring transfer
69137286,Pothole,Completed,40.58202258237511,-73.94938285506974,1,1,0.0002223477026933,1500,0,0,2026-05-26 14:57:38+00:00,2026-05-27 10:55:00+00:00,7.564246956909723,0.8315046296296297,resolved_within_7_days,0,nyc_open_data,0.24,Equation 1 synthetic scoring transfer
69127992,Pothole,Completed,40.81231514806015,-73.95222779373897,1,1,0.007707898450824,1500,0,0,2026-05-26 17:16:30+00:00,2026-05-27 13:00:00+00:00,7.467811771724538,0.821875,resolved_within_7_days,5,nyc_open_data,0.39,Equation 1 synthetic scoring transfer
69119879,Water Supply,Completed,40.707624401839794,-73.9063549589442,4,1,0.0004869621440968,1500,0,1,2026-05-25 05:33:00+00:00,2026-05-26 13:00:00+00:00,8.956353438391204,1.3104166666666666,resolved_within_7_days,3,nyc_open_data,0.4,Equation 1 synthetic scoring transfer
56562109,Streetlight,Pending,40.66308949199978,-73.96238749617706,2,2,1.0,800,1,1,2023-01-18 10:47:00+00:00,2023-01-11 10:46:00+00:00,1231.7382978828357,0.0,unresolved_after_30_days,10,nyc_open_data,0.46,Equation 1 synthetic scoring transfer
69142877,Water Supply,Completed,40.78434874618076,-73.9513487150445,4,1,0.0004044791850885,1500,0,1,2026-05-27 01:06:00+00:00,2026-05-28 18:20:00+00:00,7.141770105057871,1.7180555555555554,resolved_within_7_days,1,nyc_open_data,0.4,Equation 1 synthetic scoring transfer
56602906,Streetlight,Pending,40.686755432830495,-73.99378731742294,2,2,0.0004645928004948,800,1,1,2023-01-23 10:58:00+00:00,2023-01-20 10:58:00+00:00,1226.7306589939467,0.0,unresolved_after_30_days,0,nyc_open_data,0.46,Equation 1 synthetic scoring transfer
69105676,Drainage,Pending,40.69066624661835,-73.81833946354077,0,2,0.0010507825278089,300,1,1,2026-05-24 11:54:00+00:00,,9.69177010505787,,unresolved_between_7_and_30_days,0,nyc_open_data,0.6200000000000001,Equation 1 synthetic scoring transfer
69147149,Waste,Completed,40.85953986852552,-73.86950556895562,3,1,0.0006605462269386,1369,0,0,2026-05-27 21:18:53+00:00,2026-05-28 13:23:10+00:00,6.299490012465278,0.6696412037037037,resolved_within_7_days,2,nyc_open_data,0.23,Equation 1 synthetic scoring transfer
69115796,Drainage,Pending,40.73263002768763,-73.77573817972589,0,2,0.0007514223118574,300,1,2,2026-05-25 11:17:00+00:00,,8.717464549502315,,unresolved_between_7_and_30_days,2,nyc_open_data,0.9200000000000002,Equation 1 synthetic scoring transfer
69107673,Waste,Pending,40.71107380038739,-73.93761965198573,3,2,0.0002594147726929,1369,1,0,2026-05-24 13:45:44+00:00,,9.61417751246528,,unresolved_between_7_and_30_days,0,nyc_open_data,0.38,Equation 1 synthetic scoring transfer
69096581,Water Supply,Completed,40.871408500023776,-73.86520845730892,4,1,0.0034542802172419,1500,0,1,2026-05-23 11:35:00+00:00,2026-05-23 11:40:00+00:00,10.704964549502316,0.0034722222222222,resolved_within_7_days,6,nyc_open_data,0.4,Equation 1 synthetic scoring transfer
69114448,Drainage,Pending,40.706615299922305,-73.86812055270835,0,2,0.0003825607699962,300,1,1,2026-05-25 11:12:00+00:00,,8.720936771724537,,unresolved_between_7_and_30_days,0,nyc_open_data,0.6200000000000001,Equation 1 synthetic scoring transfer
69173687,Waste,Completed,40.711211980967704,-73.84338503762714,3,1,0.0004456618896187,1369,0,0,2026-05-29 09:38:35+00:00,2026-05-29 15:20:47+00:00,4.785809456909722,0.2376388888888889,resolved_within_7_days,0,nyc_open_data,0.08000000000000002,Equation 1 synthetic scoring transfer
69162065,Waste,Completed,40.64440180509439,-73.951785878151,3,1,0.0003534268929618,1369,0,0,2026-05-29 17:22:58+00:00,2026-05-30 15:46:21+00:00,4.4633210309837965,0.9329050925925926,resolved_within_7_days,2,nyc_open_data,0.08000000000000002,Equation 1 synthetic scoring transfer
69077200,Water Supply,Completed,40.632940256719515,-74.15975668829496,4,1,0.0002377456992181,1500,0,1,2026-05-21 13:43:00+00:00,2026-05-22 10:10:00+00:00,12.616075660613426,0.8520833333333333,resolved_within_7_days,0,nyc_open_data,0.4,Equation 1 synthetic scoring transfer
69116713,Pothole,Pending,40.57828767715929,-73.85842386105301,1,2,0.0003095259182777,1500,1,1,2026-05-25 14:34:47+00:00,,8.580115012465278,,unresolved_between_7_and_30_days,1,nyc_open_data,0.54,Equation 1 synthetic scoring transfer
69085494,Streetlight,Pending,40.63457818824666,-74.1458317132491,2,2,0.0009796276061587,800,1,1,2026-05-22 14:56:00+00:00,,11.565381216168982,,unresolved_between_7_and_30_days,4,nyc_open_data,0.61,Equation 1 synthetic scoring transfer
69094044,Streetlight,Pending,40.80841060355579,-73.85511314318296,2,2,0.0002660889558977,800,1,1,2026-05-22 08:50:00+00:00,,11.819547882835648,,unresolved_between_7_and_30_days,0,nyc_open_data,0.46,Equation 1 synthetic scoring transfer
56564024,Streetlight,Pending,40.739066542300186,-73.95996295221414,2,2,0.0002692989756431,800,1,1,2023-01-18 12:00:00+00:00,2023-01-09 12:00:00+00:00,1231.687603438391,0.0,unresolved_after_30_days,0,nyc_open_data,0.46,Equation 1 synthetic scoring transfer
69157450,Waste,Completed,40.75758919190935,-73.9906187274023,3,1,0.0007682893673033,1369,0,0,2026-05-28 09:45:37+00:00,2026-05-30 20:31:55+00:00,5.780925197650463,2.4488194444444447,resolved_within_7_days,1,nyc_open_data,0.08000000000000002,Equation 1 synthetic scoring transfer
69107790,Drainage,Pending,40.75366941671419,-73.85501925540939,0,2,0.0002775735215904,300,1,1,2026-05-24 09:30:00+00:00,,9.791770105057871,,unresolved_between_7_and_30_days,1,nyc_open_data,0.6200000000000001,Equation 1 synthetic scoring transfer
69155990,Waste,Completed,40.577812221272346,-73.96446943719043,3,1,0.000460755817597,1369,0,0,2026-05-28 10:55:28+00:00,2026-05-28 16:30:33+00:00,5.732418253206018,0.2326967592592592,resolved_within_7_days,3,nyc_open_data,0.08000000000000002,Equation 1 synthetic scoring transfer
69125168,Drainage,Pending,40.74663728440654,-73.90173115357237,0,2,0.0010444795401385,300,1,1,2026-05-26 17:31:00+00:00,,7.457742327280093,,unresolved_between_7_and_30_days,1,nyc_open_data,0.6200000000000001,Equation 1 synthetic scoring transfer
69113441,Pothole,Completed,40.72500913967694,-73.87919981303607,1,1,0.0005771912184086,1500,0,0,2026-05-25 12:06:07+00:00,2026-05-25 22:22:00+00:00,8.683355753206019,0.4276967592592592,resolved_within_7_days,1,nyc_open_data,0.24,Equation 1 synthetic scoring transfer
69088322,Streetlight,Pending,40.72559688380702,-73.78233895576685,2,2,0.0002812173744493,800,1,1,2026-05-22 09:15:00+00:00,,11.802186771724536,,unresolved_between_7_and_30_days,0,nyc_open_data,0.46,Equation 1 synthetic scoring transfer
56504470,Streetlight,Pending,40.73687756678967,-74.00553535930712,2,2,0.0009214454867492,800,1,1,2023-01-11 14:12:00+00:00,2023-01-10 14:11:00+00:00,1238.5959367717244,0.0,unresolved_after_30_days,2,nyc_open_data,0.46,Equation 1 synthetic scoring transfer
69179300,Water Supply,Completed,40.822205440164126,-73.9483366372192,4,1,0.0006921070261819,1500,0,1,2026-05-30 11:27:00+00:00,2026-05-30 11:27:00+00:00,3.71052010505787,0.0,resolved_within_7_days,1,nyc_open_data,0.4,Equation 1 synthetic scoring transfer
69104676,Drainage,Pending,40.68334215870611,-73.80432297263866,0,2,0.0002694909934313,300,1,1,2026-05-24 10:18:00+00:00,,9.758436771724538,,unresolved_between_7_and_30_days,0,nyc_open_data,0.6200000000000001,Equation 1 synthetic scoring transfer
69118503,Drainage,Pending,40.68324070648024,-73.93081317769813,0,2,0.0004590185627091,300,1,1,2026-05-25 10:24:00+00:00,,8.75427010505787,,unresolved_between_7_and_30_days,0,nyc_open_data,0.6200000000000001,Equation 1 synthetic scoring transfer
69163749,Waste,Completed,40.76866182341517,-73.92880021581001,3,1,0.0003642029829326,1369,0,0,2026-05-29 08:25:41+00:00,2026-05-29 13:18:14+00:00,4.836434456909722,0.2031597222222222,resolved_within_7_days,0,nyc_open_data,0.08000000000000002,Equation 1 synthetic scoring transfer
56547211,Streetlight,Pending,40.770654954966055,-73.80706657539756,2,2,0.0003360046798452,800,1,1,2023-01-17 12:16:00+00:00,2023-01-13 12:16:00+00:00,1232.67649232728,0.0,unresolved_after_30_days,0,nyc_open_data,0.46,Equation 1 synthetic scoring transfer
69104910,Streetlight,Pending,40.8918972850213,-73.8603058416206,2,2,0.0003248696697532,800,1,1,2026-05-24 21:17:00+00:00,,9.30079788283565,,unresolved_between_7_and_30_days,0,nyc_open_data,0.46,Equation 1 synthetic scoring transfer
69123711,Water Supply,Completed,40.89868875510833,-73.86353622955383,4,1,0.0107046753173633,1500,0,1,2026-05-26 11:12:00+00:00,2026-05-26 11:53:00+00:00,7.720936771724538,0.0284722222222222,resolved_within_7_days,4,nyc_open_data,0.4,Equation 1 synthetic scoring transfer
56561600,Streetlight,Pending,40.7491572210808,-73.97269344917889,2,2,0.000684180030132,800,1,1,2023-01-18 11:11:00+00:00,2023-01-17 11:10:00+00:00,1231.7216312161688,0.0,unresolved_after_30_days,1,nyc_open_data,0.46,Equation 1 synthetic scoring transfer
69101387,Pothole,Completed,40.68129301808039,-73.82555426000988,1,1,0.0003766865146762,1500,0,0,2026-05-23 07:22:17+00:00,2026-05-28 16:35:42+00:00,10.8804622346875,5.38431712962963,resolved_within_7_days,0,nyc_open_data,0.24,Equation 1 synthetic scoring transfer
56478950,Streetlight,Pending,40.6732126690227,-73.99287651305558,2,2,0.0002648649121812,800,1,1,2023-01-09 11:20:00+00:00,2023-01-06 11:20:00+00:00,1240.715381216169,0.0,unresolved_after_30_days,0,nyc_open_data,0.46,Equation 1 synthetic scoring transfer
69087955,Water Supply,Completed,40.84592382487764,-73.88822217040618,4,1,0.0006506675722297,1500,0,1,2026-05-22 07:33:00+00:00,2026-05-26 22:30:00+00:00,11.87302010505787,4.622916666666667,resolved_within_7_days,5,nyc_open_data,0.55,Equation 1 synthetic scoring transfer
69102684,Water Supply,Completed,40.68624318565602,-73.91783311454795,4,1,0.0016073865861361,1500,0,1,2026-05-23 11:53:00+00:00,2026-05-23 11:53:00+00:00,10.692464549502317,0.0,resolved_within_7_days,3,nyc_open_data,0.55,Equation 1 synthetic scoring transfer
69130389,Drainage,Pending,40.683691780807386,-73.76391059484507,0,2,0.0004626140872343,300,1,1,2026-05-26 07:55:00+00:00,,7.857742327280093,,unresolved_between_7_and_30_days,0,nyc_open_data,0.6200000000000001,Equation 1 synthetic scoring transfer
69172158,Waste,Completed,40.70920578556081,-73.90684688977937,3,1,0.0005016404837594,1369,0,0,2026-05-29 18:15:43+00:00,2026-05-30 13:06:08+00:00,4.426689086539351,0.7850115740740741,resolved_within_7_days,1,nyc_open_data,0.08000000000000002,Equation 1 synthetic scoring transfer
69132390,Streetlight,Pending,40.82498187070285,-73.89131052742346,2,2,0.0008402202762736,800,1,1,2026-05-26 05:35:00+00:00,,7.954964549502315,,unresolved_between_7_and_30_days,6,nyc_open_data,0.46,Equation 1 synthetic scoring transfer
69171022,Pothole,Completed,40.70542930449191,-73.9180907923373,1,1,0.0006341099933249,1500,0,0,2026-05-28 13:51:33+00:00,2026-05-29 13:05:00+00:00,5.610138160613426,0.9676736111111112,resolved_within_7_days,1,nyc_open_data,0.24,Equation 1 synthetic scoring transfer
56598602,Streetlight,Pending,40.65638028256222,-73.98065322372494,2,2,0.0004763973713877,800,1,1,2023-01-23 11:20:00+00:00,2023-01-20 11:19:00+00:00,1226.715381216169,0.0,unresolved_after_30_days,0,nyc_open_data,0.46,Equation 1 synthetic scoring transfer
69123436,Pothole,Completed,40.63730669504182,-73.94041973309994,1,1,0.0006420677358233,1500,0,0,2026-05-25 08:02:29+00:00,2026-05-28 10:59:17+00:00,8.852545568020833,3.122777777777778,resolved_within_7_days,2,nyc_open_data,0.24,Equation 1 synthetic scoring transfer
69147132,Waste,Completed,40.74959641113336,-73.87384979147828,3,1,0.0001830894600716,1369,0,0,2026-05-27 15:09:59+00:00,2026-05-28 04:42:58+00:00,6.555670568020834,0.5645717592592593,resolved_within_7_days,0,nyc_open_data,0.08000000000000002,Equation 1 synthetic scoring transfer
69191733,Water Supply,Completed,40.67361554731185,-73.9049643047396,4,1,0.0009568542898862,1500,0,1,2026-05-31 14:20:00+00:00,2026-05-31 14:28:00+00:00,2.5903812161689816,0.0055555555555555,resolved_within_7_days,3,nyc_open_data,0.4,Equation 1 synthetic scoring transfer
69154382,Pothole,Completed,40.64274786170989,-74.01278471271169,1,1,0.000805024150937,1500,0,0,2026-05-28 14:05:30+00:00,2026-05-29 15:53:42+00:00,5.600450660613426,1.0751388888888889,resolved_within_7_days,2,nyc_open_data,0.24,Equation 1 synthetic scoring transfer
69151535,Waste,Completed,40.65243639858168,-74.01702473327224,3,1,0.0003877899691896,1369,0,0,2026-05-28 07:08:24+00:00,2026-05-30 13:13:21+00:00,5.890103438391203,2.2534375,resolved_within_7_days,1,nyc_open_data,0.08000000000000002,Equation 1 synthetic scoring transfer
69089724,Streetlight,Pending,40.80641320774833,-73.94435739360053,2,2,0.0006652289058136,800,1,1,2026-05-22 11:28:00+00:00,2026-05-22 13:00:00+00:00,11.709825660613426,0.0638888888888888,unresolved_between_7_and_30_days,0,nyc_open_data,0.46,Equation 1 synthetic scoring transfer
56432916,Streetlight,Pending,40.76860801022984,-73.7477283830731,2,2,0.0003921580575854,800,1,1,2023-01-03 09:28:00+00:00,2022-12-30 09:28:00+00:00,1246.7931589939467,0.0,unresolved_after_30_days,0,nyc_open_data,0.46,Equation 1 synthetic scoring transfer
69138415,Water Supply,Completed,40.88824907320775,-73.86447267719554,4,1,0.0011863934512633,1500,0,1,2026-05-27 17:37:00+00:00,2026-05-28 08:50:00+00:00,6.453575660613426,0.6340277777777777,resolved_within_7_days,3,nyc_open_data,0.4,Equation 1 synthetic scoring transfer
69147632,Pothole,Completed,40.81231514806015,-73.95222779373897,1,1,0.007707898450824,1500,0,0,2026-05-27 08:56:49+00:00,2026-05-27 16:39:05+00:00,6.814814086539353,0.3210185185185185,resolved_within_7_days,5,nyc_open_data,0.39,Equation 1 synthetic scoring transfer
69096585,Water Supply,Completed,40.74634665568803,-73.91600503047555,4,1,0.0003134798860918,1500,0,1,2026-05-23 17:48:00+00:00,2026-05-24 11:50:00+00:00,10.445936771724538,0.7513888888888889,resolved_within_7_days,0,nyc_open_data,0.4,Equation 1 synthetic scoring transfer
69111029,Drainage,Pending,40.639524026171316,-74.02232892829615,0,2,0.0003576794676812,300,1,1,2026-05-24 12:30:00+00:00,,9.666770105057871,,unresolved_between_7_and_30_days,0,nyc_open_data,0.6200000000000001,Equation 1 synthetic scoring transfer
69143966,Pothole,Completed,40.780324002912195,-73.79398547468648,1,1,0.0049178685242835,1500,0,0,2026-05-27 14:27:05+00:00,2026-05-28 15:37:12+00:00,6.5854622346875,1.0486921296296297,resolved_within_7_days,6,nyc_open_data,0.24,Equation 1 synthetic scoring transfer
69090485,Pothole,Completed,40.75967869403659,-73.80220362629373,1,1,0.0006030148216749,1500,0,0,2026-05-22 10:27:08+00:00,2026-05-26 12:16:42+00:00,11.752094179131944,4.076087962962963,resolved_within_7_days,2,nyc_open_data,0.24,Equation 1 synthetic scoring transfer
69144258,Waste,Completed,40.76285625036937,-73.98941229378725,3,1,0.0008021673121332,1369,0,0,2026-05-27 19:54:29+00:00,2026-05-30 16:21:55+00:00,6.35810112357639,2.852384259259259,resolved_within_7_days,5,nyc_open_data,0.08000000000000002,Equation 1 synthetic scoring transfer
69118501,Drainage,Pending,40.75791355964397,-73.75237834885179,0,2,0.0001725110449411,300,1,1,2026-05-25 18:38:00+00:00,,8.411214549502315,,unresolved_between_7_and_30_days,0,nyc_open_data,0.6200000000000001,Equation 1 synthetic scoring transfer
69109157,Streetlight,Pending,40.85779460982427,-73.88262787193887,2,2,0.0006748185161146,800,1,1,2026-05-25 00:27:00+00:00,2026-05-25 03:15:00+00:00,9.168853438391205,0.1166666666666666,unresolved_between_7_and_30_days,0,nyc_open_data,0.46,Equation 1 synthetic scoring transfer
56430964,Streetlight,Pending,40.583489737104735,-73.95996621585856,2,2,0.0005215724989643,800,1,1,2023-01-03 09:57:00+00:00,2022-12-30 09:57:00+00:00,1246.7730201050576,0.0,unresolved_after_30_days,3,nyc_open_data,0.46,Equation 1 synthetic scoring transfer
69103937,Streetlight,Pending,40.68536792256833,-73.91088608166217,2,2,0.0017437165709408,800,1,1,2026-05-23 02:55:00+00:00,,11.066075660613429,,unresolved_between_7_and_30_days,0,nyc_open_data,0.46,Equation 1 synthetic scoring transfer
69172087,Waste,Completed,40.59977267848201,-73.76006251853683,3,1,0.0003082321442866,1369,0,0,2026-05-29 08:59:54+00:00,2026-05-29 22:27:30+00:00,4.812672882835648,0.5608333333333333,resolved_within_7_days,0,nyc_open_data,0.08000000000000002,Equation 1 synthetic scoring transfer
69099383,Pothole,Pending,40.695116299253215,-73.7589729190323,1,2,0.0002067728535041,1500,1,1,2026-05-23 13:33:08+00:00,,10.622927512465278,,unresolved_between_7_and_30_days,0,nyc_open_data,0.54,Equation 1 synthetic scoring transfer
69129979,Pothole,Pending,40.68599374684717,-73.83992149832302,1,2,0.0011111661296145,1500,1,1,2026-05-26 10:36:39+00:00,,7.745485382835649,,unresolved_between_7_and_30_days,5,nyc_open_data,0.6900000000000001,Equation 1 synthetic scoring transfer
69176934,Pothole,Completed,40.68983865268021,-73.94519749162717,1,1,0.0010413193567486,1500,0,0,2026-05-29 22:53:38+00:00,2026-05-30 19:00:00+00:00,4.233691401354166,0.8377546296296297,resolved_within_7_days,3,nyc_open_data,0.24,Equation 1 synthetic scoring transfer
56429902,Streetlight,Pending,40.77974730556021,-73.91581846714827,2,2,0.0005195586160752,800,1,1,2023-01-03 09:18:00+00:00,2022-12-30 09:18:00+00:00,1246.800103438391,0.0,unresolved_after_30_days,2,nyc_open_data,0.46,Equation 1 synthetic scoring transfer
56547223,Streetlight,Pending,40.595115385309754,-73.99611475068737,2,2,0.000520730684119,800,1,1,2023-01-17 11:54:00+00:00,2023-01-13 11:54:00+00:00,1232.6917701050577,0.0,unresolved_after_30_days,2,nyc_open_data,0.46,Equation 1 synthetic scoring transfer
69089385,Water Supply,Pending,40.63512693518329,-73.8911549712678,4,2,0.0006119871604514,1500,1,2,2026-05-22 20:30:00+00:00,,11.333436771724536,,unresolved_between_7_and_30_days,3,nyc_open_data,0.7,Equation 1 synthetic scoring transfer
69163742,Waste,Completed,40.57891474941109,-74.09830646433026,3,1,0.0003996173749889,1369,0,0,2026-05-29 12:50:59+00:00,2026-05-30 13:29:41+00:00,4.6521983457986105,1.026875,resolved_within_7_days,0,nyc_open_data,0.08000000000000002,Equation 1 synthetic scoring transfer
69144096,Waste,Completed,40.667037331544705,-73.89358651813014,3,1,0.0005078627603375,1369,0,0,2026-05-27 17:34:36+00:00,2026-05-28 23:35:36+00:00,6.455242327280093,1.2506944444444446,resolved_within_7_days,2,nyc_open_data,0.08000000000000002,Equation 1 synthetic scoring transfer
69172310,Water Supply,Completed,40.74549218920899,-73.95317433029714,4,1,0.0020607843397722,1500,0,1,2026-05-29 09:46:00+00:00,2026-05-29 10:31:00+00:00,4.780658993946759,0.03125,resolved_within_7_days,22,nyc_open_data,0.55,Equation 1 synthetic scoring transfer
69077208,Water Supply,Completed,40.55739085165944,-74.13288404119238,4,1,0.0010164913528724,1500,0,1,2026-05-21 10:40:00+00:00,2026-05-21 11:14:00+00:00,12.74315899394676,0.0236111111111111,resolved_within_7_days,3,nyc_open_data,0.55,Equation 1 synthetic scoring transfer
69158916,Waste,Completed,40.710041838385536,-74.00915816112449,3,1,0.0006219937365179,1369,0,0,2026-05-28 10:34:12+00:00,2026-05-29 04:28:44+00:00,5.747186771724537,0.7462037037037037,resolved_within_7_days,3,nyc_open_data,0.08000000000000002,Equation 1 synthetic scoring transfer
69103464,Pothole,Completed,40.7020985661912,-73.92415031067273,1,1,0.0012240341244676,1500,0,0,2026-05-23 12:04:24+00:00,2026-05-31 15:37:39+00:00,10.684547882835648,8.148090277777778,resolved_between_7_and_30_days,1,nyc_open_data,0.24,Equation 1 synthetic scoring transfer
69077226,Water Supply,Pending,40.84725064538696,-73.88656452805373,4,2,0.0025452112019145,1500,1,2,2026-05-21 17:28:00+00:00,,12.459825660613426,,unresolved_between_7_and_30_days,7,nyc_open_data,0.85,Equation 1 synthetic scoring transfer
69114209,Pothole,Pending,40.67665791978736,-73.867307335543,1,2,0.0004352752582443,1500,1,1,2026-05-25 12:58:08+00:00,,8.647233068020833,,unresolved_between_7_and_30_days,0,nyc_open_data,0.54,Equation 1 synthetic scoring transfer
56623766,Streetlight,Pending,40.759619895228845,-73.96196479954183,2,2,1.0,800,1,1,2023-01-25 08:03:00+00:00,2023-01-24 08:02:00+00:00,1224.8521867717243,0.0,unresolved_after_30_days,4,nyc_open_data,0.46,Equation 1 synthetic scoring transfer
69128754,Drainage,Pending,40.602688351506266,-73.93355073332833,0,2,0.0003087010447496,300,1,1,2026-05-26 10:17:00+00:00,,7.759131216168982,,unresolved_between_7_and_30_days,0,nyc_open_data,0.6200000000000001,Equation 1 synthetic scoring transfer
69167683,Pothole,Completed,40.59207360206345,-73.78655485105386,1,1,7.605860614836819e-05,1500,0,0,2026-05-28 14:33:13+00:00,2026-05-29 14:35:00+00:00,5.581202975428241,1.001238425925926,resolved_within_7_days,0,nyc_open_data,0.24,Equation 1 synthetic scoring transfer
69149235,Pothole,Completed,40.704033104522615,-73.79379204757791,1,1,0.000586376346731,1500,0,0,2026-05-28 08:07:36+00:00,2026-05-28 21:45:00+00:00,5.848992327280093,0.5676388888888889,resolved_within_7_days,2,nyc_open_data,0.24,Equation 1 synthetic scoring transfer
69082065,Water Supply,Completed,40.83179960926757,-73.8749261719346,4,1,0.0003762005015677,1500,0,1,2026-05-21 11:34:00+00:00,2026-05-22 14:46:00+00:00,12.70565899394676,1.1333333333333333,resolved_within_7_days,0,nyc_open_data,0.4,Equation 1 synthetic scoring transfer
69167084,Waste,Completed,40.70083653442202,-73.90971493147984,3,1,0.0040906931149819,1369,0,0,2026-05-29 13:03:26+00:00,2026-05-30 06:18:21+00:00,4.643552512465278,0.7186921296296296,resolved_within_7_days,2,nyc_open_data,0.08000000000000002,Equation 1 synthetic scoring transfer
69179192,Waste,Completed,40.607060805660616,-74.00071308341849,3,1,0.0002281088601934,1369,0,0,2026-05-30 08:06:13+00:00,2026-05-30 15:10:28+00:00,3.84995297542824,0.2946180555555555,resolved_within_7_days,1,nyc_open_data,0.08000000000000002,Equation 1 synthetic scoring transfer
69097558,Water Supply,Completed,40.74661865465041,-73.99381421570796,4,1,0.0011950200654351,1500,0,1,2026-05-23 01:44:00+00:00,2026-05-23 11:25:00+00:00,11.115381216168982,0.4034722222222222,resolved_within_7_days,1,nyc_open_data,0.4,Equation 1 synthetic scoring transfer
69160489,Waste,Completed,40.7203373493395,-73.84469117524895,3,1,0.0009522294002689,1369,0,0,2026-05-28 09:12:42+00:00,2026-05-28 15:32:45+00:00,5.803783993946759,0.2639236111111111,resolved_within_7_days,2,nyc_open_data,0.23,Equation 1 synthetic scoring transfer
69194569,Water Supply,Completed,40.84689466166252,-73.78497094464674,4,1,9.946161608948928e-06,1500,0,1,2026-05-31 14:00:00+00:00,2026-05-31 14:08:00+00:00,2.6042701050578705,0.0055555555555555,resolved_within_7_days,1,nyc_open_data,0.4,Equation 1 synthetic scoring transfer
69156011,Waste,Completed,40.70553977173382,-73.89523105118846,3,1,0.0009643588040273,1369,0,0,2026-05-28 10:05:09+00:00,2026-05-29 15:19:41+00:00,5.767360382835648,1.218425925925926,resolved_within_7_days,1,nyc_open_data,0.23,Equation 1 synthetic scoring transfer
69138135,Waste,Completed,40.680090197966514,-73.89219564608626,3,1,0.0021655138310708,1369,0,0,2026-05-27 23:28:44+00:00,2026-05-29 13:47:42+00:00,6.209316401354167,1.5965046296296297,resolved_within_7_days,6,nyc_open_data,0.38,Equation 1 synthetic scoring transfer
69186174,Water Supply,Completed,40.591832848775,-73.79605765768957,4,1,0.0014231034434003,1500,0,1,2026-05-31 14:27:00+00:00,2026-05-31 14:55:00+00:00,2.5855201050578707,0.0194444444444444,resolved_within_7_days,1,nyc_open_data,0.4,Equation 1 synthetic scoring transfer
56623264,Streetlight,Pending,40.79021082269642,-73.97502036992788,2,2,0.0004322602922753,800,1,1,2023-01-25 08:13:00+00:00,2023-01-24 08:12:00+00:00,1224.84524232728,0.0,unresolved_after_30_days,0,nyc_open_data,0.46,Equation 1 synthetic scoring transfer
69070668,Water Supply,Pending,40.868613691012655,-73.88482875382206,4,2,0.0004513164688608,1500,1,2,2026-05-20 11:45:00+00:00,,13.698020105057871,,unresolved_between_7_and_30_days,3,nyc_open_data,0.85,Equation 1 synthetic scoring transfer
69055441,Water Supply,Pending,40.67061070431386,-73.77097919585759,4,2,0.0001924980333402,1500,1,2,2026-05-19 22:25:00+00:00,,14.253575660613429,,unresolved_between_7_and_30_days,1,nyc_open_data,0.7,Equation 1 synthetic scoring transfer
69167096,Waste,Completed,40.74239607439333,-73.82312797517363,3,1,0.0001386907634392,1369,0,0,2026-05-29 07:58:20+00:00,2026-05-30 13:14:00+00:00,4.855427512465278,1.2192129629629629,resolved_within_7_days,0,nyc_open_data,0.08000000000000002,Equation 1 synthetic scoring transfer
69131976,Drainage,Pending,40.620557862965185,-73.92602964278036,0,2,0.0003274047631048,300,1,1,2026-05-26 11:27:00+00:00,,7.710520105057871,,unresolved_between_7_and_30_days,1,nyc_open_data,0.6200000000000001,Equation 1 synthetic scoring transfer
69125814,Pothole,Completed,40.61817722091726,-73.99927238970166,1,1,0.0006551781944569,1500,0,0,2026-05-26 12:46:06+00:00,2026-05-26 12:46:06+00:00,7.655589549502316,0.0,resolved_within_7_days,1,nyc_open_data,0.24,Equation 1 synthetic scoring transfer
69145599,Waste,Completed,40.854441577044646,-73.85458270627629,3,1,0.0002497162118117,1369,0,0,2026-05-27 09:10:47+00:00,2026-05-28 00:08:09+00:00,6.805115012465278,0.6231712962962963,resolved_within_7_days,1,nyc_open_data,0.08000000000000002,Equation 1 synthetic scoring transfer
69136715,Waste,Completed,40.69123827204464,-73.76310497994817,3,1,0.0001630437022215,1369,0,0,2026-05-27 00:50:44+00:00,2026-05-27 13:37:51+00:00,7.152371956909723,0.5327199074074074,resolved_within_7_days,0,nyc_open_data,0.08000000000000002,Equation 1 synthetic scoring transfer
68911105,Waste,Pending,40.8315271048226,-73.92886303221528,3,2,0.0136935662729942,1369,1,0,2026-05-06 02:22:46+00:00,,28.088459919872683,,unresolved_between_7_and_30_days,6,nyc_open_data,0.38,Equation 1 synthetic scoring transfer
69163723,Waste,Completed,40.83725261117374,-73.83313204022953,3,1,0.000456862157408,1369,0,0,2026-05-29 07:29:40+00:00,2026-05-30 13:56:53+00:00,4.875334919872685,1.268900462962963,resolved_within_7_days,1,nyc_open_data,0.08000000000000002,Equation 1 synthetic scoring transfer
69134060,Streetlight,Pending,40.74571334876052,-73.87454644988905,2,2,0.0002093271195238,800,1,1,2026-05-26 21:45:00+00:00,,7.281353438391204,,unresolved_between_7_and_30_days,0,nyc_open_data,0.46,Equation 1 synthetic scoring transfer
69182354,Pothole,Completed,40.743205353505104,-73.97996038469351,1,1,0.0022132852877532,1500,0,0,2026-05-30 16:40:37+00:00,2026-05-30 16:40:37+00:00,3.4927307532060183,0.0,resolved_within_7_days,7,nyc_open_data,0.39,Equation 1 synthetic scoring transfer
69107819,Water Supply,Completed,40.85146116358575,-73.93215274637275,4,1,0.0026404491424324,1500,0,1,2026-05-24 16:38:00+00:00,2026-05-25 10:10:00+00:00,9.494547882835649,0.7305555555555555,resolved_within_7_days,6,nyc_open_data,0.4,Equation 1 synthetic scoring transfer
69131569,Pothole,Pending,40.67173047649466,-73.87925305260362,1,2,0.0062144201433363,1500,1,1,2026-05-26 09:47:24+00:00,,7.7796867717245375,,unresolved_between_7_and_30_days,4,nyc_open_data,0.54,Equation 1 synthetic scoring transfer
69132330,Streetlight,Pending,40.81126609731296,-73.95780983086226,2,2,0.0006607955678189,800,1,1,2026-05-26 16:01:00+00:00,2026-05-27 03:55:00+00:00,7.520242327280093,0.4958333333333333,unresolved_between_7_and_30_days,0,nyc_open_data,0.46,Equation 1 synthetic scoring transfer
69103679,Water Supply,Completed,40.628266469456825,-74.02775424371356,4,1,0.0002340284223054,1500,0,1,2026-05-23 17:48:00+00:00,2026-05-24 08:05:00+00:00,10.445936771724538,0.5951388888888889,resolved_within_7_days,0,nyc_open_data,0.4,Equation 1 synthetic scoring transfer
69127990,Pothole,Completed,40.73773071115186,-73.98817857280072,1,1,0.0005654120135119,1500,0,0,2026-05-26 21:24:08+00:00,2026-05-28 12:50:00+00:00,7.295844179131945,1.642962962962963,resolved_within_7_days,2,nyc_open_data,0.24,Equation 1 synthetic scoring transfer
69117440,Streetlight,Pending,40.71379960322958,-73.93318024537552,2,2,0.0001330506943043,800,1,1,2026-05-25 11:50:00+00:00,,8.694547882835648,,unresolved_between_7_and_30_days,0,nyc_open_data,0.46,Equation 1 synthetic scoring transfer
69112377,Pothole,Completed,40.75846786892614,-73.77647418297774,1,1,0.002894301655478,1500,0,0,2026-05-24 13:04:15+00:00,2026-05-24 13:04:15+00:00,9.642985382835649,0.0,resolved_within_7_days,5,nyc_open_data,0.24,Equation 1 synthetic scoring transfer
69151545,Waste,Completed,40.70590647832877,-73.88544168917404,3,1,0.0001805709184064,1369,0,0,2026-05-28 12:29:24+00:00,2026-05-29 12:28:07+00:00,5.667186771724537,0.9991087962962965,resolved_within_7_days,0,nyc_open_data,0.08000000000000002,Equation 1 synthetic scoring transfer
69122111,Pothole,Completed,40.73145510768404,-73.70612609640291,1,1,0.0001568938444561,1500,0,0,2026-05-25 09:48:09+00:00,2026-05-28 15:03:16+00:00,8.779165938391204,3.2188310185185185,resolved_within_7_days,0,nyc_open_data,0.24,Equation 1 synthetic scoring transfer
69130408,Water Supply,Completed,40.62132754600461,-73.90515402417381,4,1,0.0001320611531175,1500,0,1,2026-05-26 11:58:00+00:00,2026-05-26 19:20:00+00:00,7.688992327280093,0.3069444444444444,resolved_within_7_days,0,nyc_open_data,0.4,Equation 1 synthetic scoring transfer
69092628,Streetlight,Pending,40.66928974896895,-73.84243447943884,2,2,0.0002773430016681,800,1,1,2026-05-22 14:44:00+00:00,,11.573714549502316,,unresolved_between_7_and_30_days,1,nyc_open_data,0.46,Equation 1 synthetic scoring transfer
69164361,Pothole,Completed,40.7221435445032,-73.90226873345684,1,1,1.0,1500,0,0,2026-05-29 09:49:51+00:00,2026-05-29 09:49:51+00:00,4.777985382835648,0.0,resolved_within_7_days,22,nyc_open_data,0.24,Equation 1 synthetic scoring transfer
69114459,Drainage,Pending,40.70882840399636,-73.82909274369564,0,2,0.0004815518025446,300,1,1,2026-05-25 15:22:00+00:00,,8.547325660613426,,unresolved_between_7_and_30_days,1,nyc_open_data,0.6200000000000001,Equation 1 synthetic scoring transfer
69126705,Pothole,Pending,40.69735266044255,-73.75349043614258,1,2,0.0002664575480995,1500,1,1,2026-05-26 10:11:59+00:00,,7.762615012465278,,unresolved_between_7_and_30_days,0,nyc_open_data,0.54,Equation 1 synthetic scoring transfer
69123716,Water Supply,Pending,40.87015944826343,-73.8909872013686,4,2,0.0003869104644103,1500,1,2,2026-05-26 11:11:00+00:00,,7.721631216168982,,unresolved_between_7_and_30_days,2,nyc_open_data,0.85,Equation 1 synthetic scoring transfer
68966586,Waste,Pending,40.69869527301391,-73.91653389549825,3,2,0.0009957412606432,1369,1,0,2026-05-12 17:28:51+00:00,,21.459235382835647,,unresolved_between_7_and_30_days,2,nyc_open_data,0.38,Equation 1 synthetic scoring transfer
69160438,Waste,Completed,40.680090197966514,-73.89219564608626,3,1,0.0021655138310708,1369,0,0,2026-05-28 19:47:58+00:00,2026-05-29 13:47:47+00:00,5.362626586539352,0.7498726851851852,resolved_within_7_days,6,nyc_open_data,0.38,Equation 1 synthetic scoring transfer
69187859,Pothole,Completed,40.58993700346024,-74.14566941588764,1,1,0.0001934064619601,1500,0,0,2026-05-31 14:57:37+00:00,2026-05-31 14:57:37+00:00,2.564258530983796,0.0,resolved_within_7_days,2,nyc_open_data,0.39,Equation 1 synthetic scoring transfer
69090895,Water Supply,Pending,40.66827900466744,-73.85883483894747,4,2,0.0002595031737678,1500,1,2,2026-05-22 10:57:00+00:00,,11.731353438391205,,unresolved_between_7_and_30_days,0,nyc_open_data,0.7,Equation 1 synthetic scoring transfer
69151533,Waste,Completed,40.7247152969983,-73.99048625905309,3,1,0.0006799258835434,1369,0,0,2026-05-28 08:55:53+00:00,2026-05-30 11:57:40+00:00,5.8154622346875,2.126238425925926,resolved_within_7_days,6,nyc_open_data,0.08000000000000002,Equation 1 synthetic scoring transfer
56568309,Streetlight,Pending,40.65248830247476,-73.95266298582128,2,2,0.0003535117386535,800,1,1,2023-01-19 09:34:00+00:00,2023-01-18 09:33:00+00:00,1230.78899232728,0.0,unresolved_after_30_days,0,nyc_open_data,0.46,Equation 1 synthetic scoring transfer
69115532,Pothole,Completed,40.770003592501496,-73.89888790410868,1,1,0.0002761122983566,1500,0,0,2026-05-25 11:01:01+00:00,2026-05-26 13:10:57+00:00,8.728564086539352,1.0902314814814815,resolved_within_7_days,0,nyc_open_data,0.24,Equation 1 synthetic scoring transfer
69157703,Water Supply,Completed,40.67374118566828,-73.88339880803036,4,1,0.0003216550111821,1500,0,1,2026-05-28 08:12:00+00:00,2026-05-28 08:22:00+00:00,5.845936771724537,0.0069444444444444,resolved_within_7_days,1,nyc_open_data,0.4,Equation 1 synthetic scoring transfer
69134079,Streetlight,Pending,40.890936478770634,-73.8390988514428,2,2,0.0001308651846121,800,1,1,2026-05-26 16:05:00+00:00,,7.517464549502315,,unresolved_between_7_and_30_days,0,nyc_open_data,0.46,Equation 1 synthetic scoring transfer
69075609,Water Supply,Pending,40.65021016557347,-73.9599766333559,4,2,0.0006235850039522,1500,1,2,2026-05-21 02:41:00+00:00,,13.075797882835648,,unresolved_between_7_and_30_days,0,nyc_open_data,0.7,Equation 1 synthetic scoring transfer
69113173,Drainage,Pending,40.69699555411478,-73.80646471074978,0,2,0.0008557069249801,300,1,1,2026-05-25 18:16:00+00:00,,8.426492327280092,,unresolved_between_7_and_30_days,0,nyc_open_data,0.6200000000000001,Equation 1 synthetic scoring transfer
69128757,Drainage,Pending,40.66786816199769,-73.81664245068032,0,2,0.0002259167051943,300,1,1,2026-05-26 19:52:00+00:00,,7.359825660613426,,unresolved_between_7_and_30_days,0,nyc_open_data,0.6200000000000001,Equation 1 synthetic scoring transfer
69144371,Water Supply,Completed,40.80060708632093,-73.9422709548309,4,1,0.0040393706440133,1500,0,1,2026-05-27 10:38:00+00:00,2026-05-27 13:40:00+00:00,6.744547882835649,0.1263888888888888,resolved_within_7_days,7,nyc_open_data,0.55,Equation 1 synthetic scoring transfer
69173660,Waste,Completed,40.55060418526387,-74.21238788923809,3,1,9.294394865800792e-05,1369,0,0,2026-05-29 08:09:35+00:00,2026-05-30 09:20:44+00:00,4.847615012465278,1.0494097222222225,resolved_within_7_days,0,nyc_open_data,0.08000000000000002,Equation 1 synthetic scoring transfer
69143638,Pothole,Completed,40.733497309506575,-73.87036942449794,1,1,0.0008144498215762,1500,0,0,2026-05-27 22:23:12+00:00,2026-05-27 23:15:00+00:00,6.2548256606134265,0.0359722222222222,resolved_within_7_days,3,nyc_open_data,0.24,Equation 1 synthetic scoring transfer
69090916,Water Supply,Completed,40.66199707507185,-73.91959309186458,4,1,1.0,1500,0,2,2026-05-22 13:03:00+00:00,2026-05-22 13:14:00+00:00,11.643853438391204,0.0076388888888888,resolved_within_7_days,7,nyc_open_data,0.7,Equation 1 synthetic scoring transfer
69121134,Drainage,Pending,40.751124104765736,-73.9405994568162,0,2,0.0006991223854548,300,1,1,2026-05-25 18:32:00+00:00,,8.415381216168981,,unresolved_between_7_and_30_days,0,nyc_open_data,0.6200000000000001,Equation 1 synthetic scoring transfer
69127987,Pothole,Completed,40.70274492681109,-73.80591424151979,1,1,0.0007629316769259,1500,0,0,2026-05-26 20:19:43+00:00,2026-05-27 12:10:00+00:00,7.340577975428241,0.6599189814814815,resolved_within_7_days,1,nyc_open_data,0.24,Equation 1 synthetic scoring transfer
69115792,Drainage,Pending,40.72221239352386,-73.76681900743621,0,2,0.0006610632276973,300,1,2,2026-05-25 14:35:00+00:00,,8.579964549502316,,unresolved_between_7_and_30_days,1,nyc_open_data,0.7700000000000001,Equation 1 synthetic scoring transfer
69095517,Streetlight,Pending,40.61842690419061,-73.95623875768356,2,2,0.0002340392498083,800,1,1,2026-05-22 23:26:00+00:00,,11.211214549502316,,unresolved_between_7_and_30_days,0,nyc_open_data,0.46,Equation 1 synthetic scoring transfer
69105673,Drainage,Pending,40.60648086853888,-73.92769108013738,0,2,0.0002334199259565,300,1,1,2026-05-24 12:43:00+00:00,,9.657742327280094,,unresolved_between_7_and_30_days,0,nyc_open_data,0.6200000000000001,Equation 1 synthetic scoring transfer
56563289,Streetlight,Pending,40.75248875750567,-73.82688733422344,2,2,0.0002316921161342,800,1,1,2023-01-18 11:47:00+00:00,2023-01-10 11:46:00+00:00,1231.6966312161687,0.0,unresolved_after_30_days,0,nyc_open_data,0.46,Equation 1 synthetic scoring transfer
69096258,Pothole,Completed,40.653416050554014,-73.98145415664811,1,1,0.0006814886945838,1500,0,0,2026-05-22 14:48:31+00:00,2026-05-29 16:53:23+00:00,11.57057797542824,7.086712962962963,resolved_between_7_and_30_days,7,nyc_open_data,0.24,Equation 1 synthetic scoring transfer
56552567,Streetlight,Pending,40.72342524314428,-73.99027358775227,2,2,0.0006709726385118,800,1,1,2023-01-17 10:50:00+00:00,2023-01-16 10:49:00+00:00,1232.7362145495022,0.0,unresolved_after_30_days,0,nyc_open_data,0.46,Equation 1 synthetic scoring transfer
69166013,Pothole,Completed,40.69474236000334,-73.89578894362056,1,1,0.0035281382665754,1500,0,0,2026-05-29 16:16:58+00:00,2026-05-29 22:22:00+00:00,4.509154364317129,0.2534953703703703,resolved_within_7_days,4,nyc_open_data,0.24,Equation 1 synthetic scoring transfer
69105670,Drainage,Pending,40.74752923044569,-73.78766280666987,0,2,0.0003256772879537,300,1,1,2026-05-24 13:56:00+00:00,,9.607047882835648,,unresolved_between_7_and_30_days,0,nyc_open_data,0.6200000000000001,Equation 1 synthetic scoring transfer
69111044,Drainage,Pending,40.73309587274489,-73.77394330907045,0,2,0.000773990130908,300,1,2,2026-05-24 20:11:00+00:00,,9.346631216168982,,unresolved_between_7_and_30_days,2,nyc_open_data,0.9200000000000002,Equation 1 synthetic scoring transfer
69115804,Drainage,Pending,40.83327678987474,-73.82294058405233,0,2,0.0004921533899722,300,1,1,2026-05-25 07:55:00+00:00,,8.857742327280093,,unresolved_between_7_and_30_days,0,nyc_open_data,0.6200000000000001,Equation 1 synthetic scoring transfer
69106541,Pothole,Pending,40.65908754641601,-73.84661066814446,1,2,0.0002248628051001,1500,1,1,2026-05-24 09:23:01+00:00,,9.796619642094909,,unresolved_between_7_and_30_days,1,nyc_open_data,0.54,Equation 1 synthetic scoring transfer
69158542,Pothole,Completed,40.7091681916236,-73.96082493601241,1,1,0.0005560732310386,1500,0,0,2026-05-28 09:58:44+00:00,2026-05-29 10:55:00+00:00,5.771816401354166,1.039074074074074,resolved_within_7_days,0,nyc_open_data,0.24,Equation 1 synthetic scoring transfer
69117434,Pothole,Completed,40.606693049679826,-74.0793679189944,1,1,1.0,1500,0,0,2026-05-26 00:47:49+00:00,2026-05-26 00:47:49+00:00,8.154397419872685,0.0,resolved_within_7_days,6,nyc_open_data,0.24,Equation 1 synthetic scoring transfer
69141082,Waste,Completed,40.61534183232797,-73.99785688248227,3,1,0.0003820859391805,1369,0,0,2026-05-27 07:46:05+00:00,2026-05-28 13:49:59+00:00,6.863934456909723,1.252708333333333,resolved_within_7_days,0,nyc_open_data,0.08000000000000002,Equation 1 synthetic scoring transfer
69167346,Water Supply,Completed,40.79955557258896,-73.94170841868919,4,1,0.0015356720539873,1500,0,1,2026-05-29 07:41:00+00:00,2026-05-30 11:30:00+00:00,4.867464549502315,1.1590277777777778,resolved_within_7_days,7,nyc_open_data,0.55,Equation 1 synthetic scoring transfer
69115305,Pothole,Pending,40.71633849998395,-73.96385088416298,1,2,0.0064223690554395,1500,1,1,2026-05-25 16:27:58+00:00,,8.501515475428242,,unresolved_between_7_and_30_days,7,nyc_open_data,0.54,Equation 1 synthetic scoring transfer
69072375,Water Supply,Completed,40.75744196851694,-73.86746404899326,4,1,0.0151139842102555,1500,0,1,2026-05-21 22:24:00+00:00,2026-05-21 22:28:00+00:00,12.25427010505787,0.0027777777777777,resolved_within_7_days,5,nyc_open_data,0.4,Equation 1 synthetic scoring transfer
69115789,Drainage,Pending,40.63628652387872,-73.9713596835239,0,2,0.0004925738351265,300,1,1,2026-05-25 19:54:00+00:00,,8.358436771724538,,unresolved_between_7_and_30_days,0,nyc_open_data,0.6200000000000001,Equation 1 synthetic scoring transfer
69113174,Drainage,Pending,40.68504467699758,-73.88120844365805,0,2,0.0002984237870484,300,1,1,2026-05-25 18:02:00+00:00,,8.436214549502315,,unresolved_between_7_and_30_days,0,nyc_open_data,0.6200000000000001,Equation 1 synthetic scoring transfer
69092637,Streetlight,Pending,40.6437758188516,-74.07843910653035,2,2,0.0001575029417184,800,1,1,2026-05-22 20:55:00+00:00,,11.316075660613429,,unresolved_between_7_and_30_days,0,nyc_open_data,0.46,Equation 1 synthetic scoring transfer
69142886,Water Supply,Completed,40.71245111930026,-73.84430555175227,4,1,0.000379438176021,1500,0,1,2026-05-27 16:37:00+00:00,2026-05-28 19:50:00+00:00,6.495242327280093,1.134027777777778,resolved_within_7_days,1,nyc_open_data,0.4,Equation 1 synthetic scoring transfer
56508844,Streetlight,Pending,40.87986633534792,-73.90529509718039,2,2,0.000849487204733,800,1,1,2023-01-12 08:52:00+00:00,2023-01-11 08:51:00+00:00,1237.8181589939466,0.0,unresolved_after_30_days,5,nyc_open_data,0.46,Equation 1 synthetic scoring transfer
69169914,Water Supply,Completed,40.83102836303608,-73.83366438958352,4,1,0.0043457986118046,1500,0,1,2026-05-29 11:39:00+00:00,2026-05-30 14:47:00+00:00,4.702186771724537,1.1305555555555555,resolved_within_7_days,4,nyc_open_data,0.4,Equation 1 synthetic scoring transfer
69091939,Pothole,Completed,40.76259984185154,-73.86789418654884,1,1,0.0005715657884246,1500,0,0,2026-05-22 16:56:55+00:00,2026-05-29 13:10:21+00:00,11.481411308761574,6.842662037037037,resolved_within_7_days,1,nyc_open_data,0.24,Equation 1 synthetic scoring transfer
69148677,Waste,Completed,40.74721734776045,-73.90281661005466,3,1,0.0006735131663876,1369,0,0,2026-05-27 18:54:43+00:00,2026-05-28 06:20:37+00:00,6.399605753206019,0.4763194444444444,resolved_within_7_days,1,nyc_open_data,0.08000000000000002,Equation 1 synthetic scoring transfer
69105711,Water Supply,Completed,40.79029758680252,-73.94168402249306,4,1,0.000312377380931,1500,0,1,2026-05-24 18:33:00+00:00,2026-05-25 10:50:00+00:00,9.414686771724538,0.6784722222222223,resolved_within_7_days,0,nyc_open_data,0.4,Equation 1 synthetic scoring transfer
69123681,Drainage,Pending,40.853442873463386,-73.88673832091376,0,2,0.0004467661863455,300,1,1,2026-05-26 11:48:00+00:00,,7.695936771724537,,unresolved_between_7_and_30_days,0,nyc_open_data,0.6200000000000001,Equation 1 synthetic scoring transfer
69089381,Water Supply,Completed,40.68435941035215,-74.00105283698666,4,1,0.0004245866719869,1500,0,1,2026-05-22 11:29:00+00:00,2026-05-22 12:30:00+00:00,11.709131216168982,0.0423611111111111,resolved_within_7_days,1,nyc_open_data,0.4,Equation 1 synthetic scoring transfer
69156242,Water Supply,Completed,40.70737616737816,-73.80968796008945,4,1,0.0003743348924272,1500,0,1,2026-05-28 18:09:00+00:00,2026-05-28 18:18:00+00:00,5.431353438391204,0.00625,resolved_within_7_days,1,nyc_open_data,0.4,Equation 1 synthetic scoring transfer
69128318,Pothole,Pending,40.75967984643496,-73.83234815428924,1,2,0.0006320289217694,1500,1,1,2026-05-26 08:38:46+00:00,,7.827348808761575,,unresolved_between_7_and_30_days,2,nyc_open_data,0.54,Equation 1 synthetic scoring transfer
69148658,Waste,Completed,40.84055508221947,-73.91743652185598,3,1,0.0010072702199492,1369,0,0,2026-05-27 14:57:49+00:00,2026-05-27 20:33:48+00:00,6.564119642094908,0.2333217592592592,resolved_within_7_days,2,nyc_open_data,0.23,Equation 1 synthetic scoring transfer
69095494,Streetlight,Pending,40.713752231652194,-73.98569025298659,2,2,0.0003656339915238,800,1,1,2026-05-22 10:03:00+00:00,,11.768853438391204,,unresolved_between_7_and_30_days,1,nyc_open_data,0.61,Equation 1 synthetic scoring transfer
69100834,Streetlight,Pending,40.77169580618168,-73.9591815548924,2,2,0.0003596398634472,800,1,1,2026-05-23 14:23:00+00:00,,10.588297882835649,,unresolved_between_7_and_30_days,0,nyc_open_data,0.46,Equation 1 synthetic scoring transfer
69170367,Waste,Completed,40.64624054045918,-73.95810156677625,3,1,0.0004942795936292,1369,0,0,2026-05-29 09:25:18+00:00,2026-05-29 23:41:40+00:00,4.795033993946759,0.5946990740740741,resolved_within_7_days,3,nyc_open_data,0.08000000000000002,Equation 1 synthetic scoring transfer
56446534,Streetlight,Pending,40.84271000540728,-73.88566149440592,2,2,0.0004825687879852,800,1,1,2023-01-05 14:24:00+00:00,2023-01-04 14:23:00+00:00,1244.587603438391,0.0,unresolved_after_30_days,0,nyc_open_data,0.46,Equation 1 synthetic scoring transfer
69111726,Pothole,Pending,40.54695748605803,-74.1812842421585,1,2,9.236378375991067e-05,1500,1,1,2026-05-24 13:36:38+00:00,,9.620496956909722,,unresolved_between_7_and_30_days,0,nyc_open_data,0.54,Equation 1 synthetic scoring transfer
69117167,Drainage,Pending,40.63958554622308,-73.98458556676191,0,2,0.0008119526283202,300,1,1,2026-05-25 09:11:00+00:00,,8.804964549502316,,unresolved_between_7_and_30_days,0,nyc_open_data,0.6200000000000001,Equation 1 synthetic scoring transfer
56462772,Streetlight,Pending,40.70328139713982,-74.01019954833514,2,2,0.0003377673747059,800,1,1,2023-01-06 14:01:00+00:00,2023-01-05 14:00:00+00:00,1243.6035756606132,0.0,unresolved_after_30_days,0,nyc_open_data,0.46,Equation 1 synthetic scoring transfer
69175308,Water Supply,Completed,40.79072085606751,-73.94867525837975,4,1,0.0048818503306699,1500,0,1,2026-05-30 21:10:00+00:00,2026-05-30 22:15:00+00:00,3.305658993946759,0.0451388888888888,resolved_within_7_days,4,nyc_open_data,0.4,Equation 1 synthetic scoring transfer
69190340,Water Supply,Completed,40.6722560411356,-73.98041790164186,4,1,0.0054867839761621,1500,0,2,2026-05-31 19:01:00+00:00,2026-05-31 19:01:00+00:00,2.395242327280093,0.0,resolved_within_7_days,31,nyc_open_data,0.7,Equation 1 synthetic scoring transfer
69141072,Waste,Completed,40.66022617544938,-73.95348288010268,3,1,0.000340504619654,1369,0,0,2026-05-27 07:53:59+00:00,2026-05-27 10:41:19+00:00,6.858448345798611,0.1162037037037037,resolved_within_7_days,0,nyc_open_data,0.08000000000000002,Equation 1 synthetic scoring transfer
69112105,Drainage,Pending,40.74968820086291,-73.75655945266709,0,2,0.0002595897336778,300,1,1,2026-05-24 12:54:00+00:00,,9.650103438391204,,unresolved_between_7_and_30_days,0,nyc_open_data,0.6200000000000001,Equation 1 synthetic scoring transfer
69149236,Pothole,Completed,40.69849566403539,-73.7915840380068,1,1,0.0018121148937384,1500,0,0,2026-05-28 07:23:48+00:00,2026-05-28 17:45:00+00:00,5.879408993946759,0.4313888888888889,resolved_within_7_days,0,nyc_open_data,0.24,Equation 1 synthetic scoring transfer
69160488,Waste,Completed,40.721392267346154,-73.84538137904917,3,1,0.0008410994831485,1369,0,0,2026-05-28 08:34:37+00:00,2026-05-28 16:54:15+00:00,5.830230753206019,0.3469675925925926,resolved_within_7_days,2,nyc_open_data,0.23,Equation 1 synthetic scoring transfer
69182076,Water Supply,Completed,40.674573882515034,-73.96313808568077,4,1,0.0046135230506849,1500,0,1,2026-05-30 09:16:00+00:00,2026-05-30 09:28:00+00:00,3.801492327280093,0.0083333333333333,resolved_within_7_days,5,nyc_open_data,0.4,Equation 1 synthetic scoring transfer
69119353,Water Supply,Completed,40.64052445858302,-73.93691090904738,4,1,0.0013206526787059,1500,0,1,2026-05-25 17:32:00+00:00,2026-05-27 11:00:00+00:00,8.45704788283565,1.727777777777778,resolved_within_7_days,4,nyc_open_data,0.4,Equation 1 synthetic scoring transfer
69100207,Pothole,Completed,40.76531035193934,-73.9638423540017,1,1,0.0006456323082365,1500,0,0,2026-05-23 14:34:36+00:00,2026-05-28 09:25:00+00:00,10.580242327280091,4.785,resolved_within_7_days,2,nyc_open_data,0.24,Equation 1 synthetic scoring transfer
56623263,Streetlight,Pending,40.78529363449518,-73.96933477605721,2,2,0.0011425572123218,800,1,1,2023-01-25 08:12:00+00:00,2023-01-24 08:11:00+00:00,1224.8459367717244,0.0,unresolved_after_30_days,1,nyc_open_data,0.46,Equation 1 synthetic scoring transfer
69154110,Pothole,Completed,40.80703873213202,-73.94973912672957,1,1,0.0005626202374403,1500,0,0,2026-05-28 10:11:05+00:00,2026-05-29 12:25:00+00:00,5.763240012465277,1.0929976851851853,resolved_within_7_days,1,nyc_open_data,0.24,Equation 1 synthetic scoring transfer
69117165,Drainage,Pending,40.58504895889153,-73.93608125572177,0,2,0.0004535483357871,300,1,1,2026-05-25 10:04:00+00:00,,8.76815899394676,,unresolved_between_7_and_30_days,0,nyc_open_data,0.6200000000000001,Equation 1 synthetic scoring transfer
56511934,Streetlight,Pending,40.8258981979038,-73.93935116525694,2,2,0.0004959635348483,800,1,1,2023-01-12 13:31:00+00:00,2023-01-11 13:30:00+00:00,1237.6244089939466,0.0,unresolved_after_30_days,0,nyc_open_data,0.46,Equation 1 synthetic scoring transfer
69119605,Pothole,Pending,40.58994283875133,-73.98199745878401,1,2,0.0002224116496145,1500,1,1,2026-05-25 08:51:06+00:00,,8.81878399394676,,unresolved_between_7_and_30_days,0,nyc_open_data,0.54,Equation 1 synthetic scoring transfer
69113198,Drainage,Pending,40.63047853362767,-73.98609359679054,0,2,0.0002727285839484,300,1,1,2026-05-25 18:08:00+00:00,,8.432047882835649,,unresolved_between_7_and_30_days,0,nyc_open_data,0.6200000000000001,Equation 1 synthetic scoring transfer
69145594,Waste,Completed,40.61121106549473,-73.95683055776102,3,1,0.000689901019329,1369,0,0,2026-05-27 16:05:05+00:00,2026-05-27 22:02:27+00:00,6.517406679131945,0.2481712962962963,resolved_within_7_days,4,nyc_open_data,0.08000000000000002,Equation 1 synthetic scoring transfer
69106724,Drainage,Pending,40.72045687251091,-73.80426450920952,0,2,0.0005653919104952,300,1,1,2026-05-24 13:52:00+00:00,,9.609825660613426,,unresolved_between_7_and_30_days,0,nyc_open_data,0.6200000000000001,Equation 1 synthetic scoring transfer
69121141,Drainage,Pending,40.64249277749557,-73.91226577056166,0,2,0.0002079338588537,300,1,1,2026-05-25 15:42:00+00:00,,8.533436771724537,,unresolved_between_7_and_30_days,0,nyc_open_data,0.6200000000000001,Equation 1 synthetic scoring transfer
69162050,Waste,Completed,40.90103986520504,-73.89687988019914,3,1,0.000464642064299,1369,0,0,2026-05-29 18:08:36+00:00,2026-05-30 14:34:24+00:00,4.431631216168981,0.85125,resolved_within_7_days,0,nyc_open_data,0.08000000000000002,Equation 1 synthetic scoring transfer
56558319,Streetlight,Pending,40.7553982752857,-73.720700182388,2,2,0.000145095874846,800,1,1,2023-01-18 12:13:00+00:00,2023-01-11 12:12:00+00:00,1231.6785756606132,0.0,unresolved_after_30_days,0,nyc_open_data,0.46,Equation 1 synthetic scoring transfer
56460360,Streetlight,Pending,40.66742598109727,-73.90823176600252,2,2,0.0007962381108943,800,1,1,2023-01-06 08:55:00+00:00,2023-01-04 08:54:00+00:00,1243.8160756606133,0.0,unresolved_after_30_days,2,nyc_open_data,0.46,Equation 1 synthetic scoring transfer
69134549,Pothole,Completed,40.7140934970468,-73.8512961149736,1,1,0.0004348610366875,1500,0,0,2026-05-26 20:41:25+00:00,2026-05-27 01:22:00+00:00,7.325508530983797,0.194849537037037,resolved_within_7_days,1,nyc_open_data,0.24,Equation 1 synthetic scoring transfer
69103475,Pothole,Pending,40.82338596361929,-73.93781425731706,1,2,0.0005728238993699,1500,1,1,2026-05-23 13:32:44+00:00,,10.623205290243057,,unresolved_between_7_and_30_days,0,nyc_open_data,0.54,Equation 1 synthetic scoring transfer
69123694,Drainage,Pending,40.69444153691739,-73.91370117816913,0,2,0.0005028511977045,300,1,1,2026-05-26 09:32:00+00:00,,7.790381216168982,,unresolved_between_7_and_30_days,0,nyc_open_data,0.6200000000000001,Equation 1 synthetic scoring transfer
69062219,Water Supply,Pending,40.64601698684886,-73.90861796160722,4,2,0.000366463721652,1500,1,2,2026-05-20 17:25:00+00:00,,13.46190899394676,,unresolved_between_7_and_30_days,0,nyc_open_data,0.7,Equation 1 synthetic scoring transfer
69159170,Water Supply,Completed,40.80356097547812,-73.95598701055724,4,1,0.0007642458941945,1500,0,2,2026-05-28 21:37:00+00:00,2026-05-29 05:20:00+00:00,5.286908993946759,0.3215277777777778,resolved_within_7_days,8,nyc_open_data,0.7,Equation 1 synthetic scoring transfer
69155079,Pothole,Completed,40.70576605564124,-73.89657241269003,1,1,0.0190904931176763,1500,0,0,2026-05-28 17:56:12+00:00,2026-05-28 17:56:12+00:00,5.440242327280092,0.0,resolved_within_7_days,4,nyc_open_data,0.24,Equation 1 synthetic scoring transfer
69128796,Water Supply,Pending,40.80555308982069,-73.94228472598101,4,2,0.0005770662666107,1500,1,2,2026-05-26 11:11:00+00:00,,7.721631216168982,,unresolved_between_7_and_30_days,0,nyc_open_data,0.7,Equation 1 synthetic scoring transfer
56504612,Streetlight,Pending,40.68814946848958,-73.8488335078858,2,2,0.0004924257971221,800,1,1,2023-01-11 14:32:00+00:00,2023-01-06 14:32:00+00:00,1238.5820478828357,0.0,unresolved_after_30_days,0,nyc_open_data,0.46,Equation 1 synthetic scoring transfer
69173661,Waste,Completed,40.90401334083301,-73.85446700901898,3,1,0.0002991629532123,1369,0,0,2026-05-29 11:44:59+00:00,2026-05-30 14:41:10+00:00,4.698031679131944,1.122349537037037,resolved_within_7_days,0,nyc_open_data,0.08000000000000002,Equation 1 synthetic scoring transfer
56603855,Streetlight,Pending,40.73181325723209,-73.8666382365009,2,2,0.0004750881858642,800,1,1,2023-01-23 11:43:00+00:00,2023-01-20 11:42:00+00:00,1226.6994089939467,0.0,unresolved_after_30_days,2,nyc_open_data,0.46,Equation 1 synthetic scoring transfer
69163716,Waste,Completed,40.678993568623355,-73.86481501728393,3,1,0.0007690661911899,1369,0,0,2026-05-29 15:23:21+00:00,2026-05-30 12:06:56+00:00,4.546388160613426,0.8635995370370371,resolved_within_7_days,4,nyc_open_data,0.23,Equation 1 synthetic scoring transfer
69148686,Waste,Completed,40.6053231557364,-73.9932799038982,3,1,0.0003404966532316,1369,0,0,2026-05-27 20:26:35+00:00,2026-05-28 15:25:39+00:00,6.335809456909723,0.7910185185185186,resolved_within_7_days,0,nyc_open_data,0.08000000000000002,Equation 1 synthetic scoring transfer
69063892,Water Supply,Pending,40.75790042615535,-73.87240105713111,4,2,0.0002775314457976,1500,1,2,2026-05-20 18:41:00+00:00,,13.409131216168982,,unresolved_between_7_and_30_days,1,nyc_open_data,0.7,Equation 1 synthetic scoring transfer
69132209,Pothole,Completed,40.58856164580301,-74.14583563639147,1,1,0.0002075682739124,1500,0,0,2026-05-26 10:17:13+00:00,2026-05-26 10:33:59+00:00,7.758980753206019,0.0116435185185185,resolved_within_7_days,2,nyc_open_data,0.39,Equation 1 synthetic scoring transfer
69109948,Drainage,Pending,40.66957370319424,-73.77542389348991,0,2,0.0001456337437471,300,1,1,2026-05-24 12:20:00+00:00,,9.673714549502316,,unresolved_between_7_and_30_days,0,nyc_open_data,0.6200000000000001,Equation 1 synthetic scoring transfer
69115617,Waste,Pending,40.66343679337753,-73.95864225025296,3,2,0.0054591365873355,1369,1,0,2026-05-25 15:41:12+00:00,,8.533992327280092,,unresolved_between_7_and_30_days,6,nyc_open_data,0.38,Equation 1 synthetic scoring transfer
69126747,Pothole,Pending,40.686439845847666,-73.99506016549876,1,2,0.0004440912047573,1500,1,1,2026-05-26 12:21:47+00:00,,7.67247612357639,,unresolved_between_7_and_30_days,1,nyc_open_data,0.54,Equation 1 synthetic scoring transfer
69141385,Water Supply,Completed,40.612604582631064,-74.12872229229083,4,1,0.0001517394066825,1500,0,1,2026-05-27 13:37:00+00:00,2026-05-27 14:30:00+00:00,6.620242327280093,0.0368055555555555,resolved_within_7_days,0,nyc_open_data,0.4,Equation 1 synthetic scoring transfer
69125433,Water Supply,Completed,40.59376075243062,-73.7532067304345,4,1,0.0152627689370214,1500,0,1,2026-05-26 12:38:00+00:00,2026-05-26 12:52:00+00:00,7.661214549502315,0.0097222222222222,resolved_within_7_days,8,nyc_open_data,0.55,Equation 1 synthetic scoring transfer
69123688,Drainage,Pending,40.57698181631863,-73.98156537524474,0,2,0.0002469876076056,300,1,1,2026-05-26 19:22:00+00:00,,7.38065899394676,,unresolved_between_7_and_30_days,1,nyc_open_data,0.6200000000000001,Equation 1 synthetic scoring transfer
69112097,Drainage,Pending,40.72463677406436,-73.80243751192664,0,2,0.0004288981763892,300,1,1,2026-05-24 10:35:00+00:00,,9.746631216168982,,unresolved_between_7_and_30_days,0,nyc_open_data,0.6200000000000001,Equation 1 synthetic scoring transfer
69138702,Pothole,Completed,40.77065240280014,-73.73173425678011,1,1,0.0002029965620181,1500,0,0,2026-05-27 14:02:19+00:00,2026-05-27 20:12:00+00:00,6.602661308761575,0.256724537037037,resolved_within_7_days,1,nyc_open_data,0.24,Equation 1 synthetic scoring transfer
69104671,Drainage,Pending,40.62809123015863,-73.97407593290053,0,2,0.0144445270601981,300,1,2,2026-05-24 12:52:00+00:00,,9.651492327280094,,unresolved_between_7_and_30_days,3,nyc_open_data,0.7700000000000001,Equation 1 synthetic scoring transfer
69095176,Water Supply,Completed,40.834721142832834,-73.89845347008813,4,1,0.0010283946288992,1500,0,1,2026-05-22 09:39:00+00:00,2026-05-25 13:00:00+00:00,11.78552010505787,3.1395833333333334,resolved_within_7_days,2,nyc_open_data,0.4,Equation 1 synthetic scoring transfer
69036180,Waste,Pending,40.67958862681257,-73.94888697597044,3,2,0.0006380348952106,1369,1,0,2026-05-18 10:37:56+00:00,,15.744594179131944,,unresolved_between_7_and_30_days,3,nyc_open_data,0.38,Equation 1 synthetic scoring transfer
69124967,Pothole,Completed,40.74973392860948,-73.99353241317223,1,1,0.0006497401296722,1500,0,0,2026-05-26 14:07:16+00:00,2026-05-27 13:15:36+00:00,7.599223808761574,0.9641203703703703,resolved_within_7_days,1,nyc_open_data,0.24,Equation 1 synthetic scoring transfer
69152095,Pothole,Completed,40.719676866611344,-73.76578169492512,1,1,0.0006183862508825,1500,0,0,2026-05-28 07:47:28+00:00,2026-05-28 20:12:00+00:00,5.8629738087615735,0.5170370370370371,resolved_within_7_days,2,nyc_open_data,0.24,Equation 1 synthetic scoring transfer
69123691,Drainage,Pending,40.621594329597826,-73.93816796432544,0,2,0.0002793773346467,300,1,1,2026-05-26 15:18:00+00:00,,7.550103438391204,,unresolved_between_7_and_30_days,0,nyc_open_data,0.6200000000000001,Equation 1 synthetic scoring transfer
56480841,Streetlight,Pending,40.67615562171991,-73.7854529545537,2,2,1.0,800,1,2,2023-01-09 11:34:00+00:00,2023-01-06 11:34:00+00:00,1240.7056589939466,0.0,unresolved_after_30_days,5,nyc_open_data,0.76,Equation 1 synthetic scoring transfer
56575749,Streetlight,Pending,40.783455230100266,-73.82343416868069,2,2,0.0036727606212528,800,1,1,2023-01-20 10:35:00+00:00,2023-01-18 10:35:00+00:00,1229.746631216169,0.0,unresolved_after_30_days,3,nyc_open_data,0.46,Equation 1 synthetic scoring transfer
69094038,Streetlight,Pending,40.561872531283306,-74.12858495333435,2,2,0.0002995814009111,800,1,1,2026-05-22 21:19:00+00:00,,11.29940899394676,,unresolved_between_7_and_30_days,0,nyc_open_data,0.46,Equation 1 synthetic scoring transfer
69172071,Waste,Completed,40.56506651248553,-74.12945490230427,3,1,0.0002796494620495,1369,0,0,2026-05-29 08:03:39+00:00,2026-05-30 09:17:59+00:00,4.851735382835648,1.0516203703703704,resolved_within_7_days,0,nyc_open_data,0.08000000000000002,Equation 1 synthetic scoring transfer
69144089,Waste,Completed,40.8398500560164,-73.91794697575898,3,1,0.0007168852485445,1369,0,0,2026-05-27 14:53:36+00:00,2026-05-28 13:37:08+00:00,6.567047882835649,0.946898148148148,resolved_within_7_days,2,nyc_open_data,0.23,Equation 1 synthetic scoring transfer
69107821,Water Supply,Completed,40.66951448840481,-73.98346837047139,4,1,0.0004793590532082,1500,0,1,2026-05-24 15:47:00+00:00,2026-05-24 19:40:00+00:00,9.529964549502315,0.1618055555555555,resolved_within_7_days,0,nyc_open_data,0.4,Equation 1 synthetic scoring transfer
56548695,Streetlight,Pending,40.71902241191073,-73.942471490913,2,2,0.0006261673298888,800,1,1,2023-01-17 11:45:00+00:00,2023-01-13 11:45:00+00:00,1232.6980201050576,0.0,unresolved_after_30_days,0,nyc_open_data,0.46,Equation 1 synthetic scoring transfer
69116655,Pothole,Completed,40.75204235985347,-73.92874218439636,1,1,0.00022629716042,1500,0,0,2026-05-25 15:59:14+00:00,2026-05-25 21:47:00+00:00,8.521469179131945,0.2415046296296296,resolved_within_7_days,0,nyc_open_data,0.24,Equation 1 synthetic scoring transfer
69119624,Pothole,Completed,40.71440569145318,-73.75209268630621,1,1,0.0003928761483829,1500,0,0,2026-05-25 07:15:06+00:00,2026-05-29 11:17:57+00:00,8.885450660613426,4.168645833333334,resolved_within_7_days,2,nyc_open_data,0.24,Equation 1 synthetic scoring transfer
69153095,Waste,Completed,40.655942231004786,-73.95514013568584,3,1,0.0034853175004615,1369,0,0,2026-05-28 00:53:04+00:00,2026-05-28 12:35:19+00:00,6.150751586539353,0.4876736111111111,resolved_within_7_days,7,nyc_open_data,0.08000000000000002,Equation 1 synthetic scoring transfer
69177794,Waste,Completed,40.73722613887026,-74.0057699386156,3,1,0.0010996859102976,1369,0,0,2026-05-30 09:50:20+00:00,2026-05-30 12:40:30+00:00,3.7776497346875,0.1181712962962963,resolved_within_7_days,1,nyc_open_data,0.08000000000000002,Equation 1 synthetic scoring transfer
69105671,Drainage,Pending,40.756406037131335,-73.9724414216653,0,2,0.0034585630133636,300,1,1,2026-05-24 13:37:00+00:00,,9.620242327280094,,unresolved_between_7_and_30_days,1,nyc_open_data,0.6200000000000001,Equation 1 synthetic scoring transfer
69133367,Waste,Pending,40.695210649250384,-73.80275911016058,3,2,0.0011770318087647,1369,1,0,2026-05-26 09:41:45+00:00,,7.783610382835649,,unresolved_between_7_and_30_days,5,nyc_open_data,0.38,Equation 1 synthetic scoring transfer
69131965,Drainage,Pending,40.78249995562487,-73.81124620779535,0,2,0.00015205538107,300,1,1,2026-05-26 13:39:00+00:00,,7.618853438391204,,unresolved_between_7_and_30_days,0,nyc_open_data,0.6200000000000001,Equation 1 synthetic scoring transfer
69156248,Water Supply,Completed,40.83071809917874,-73.89704307194064,4,1,0.0008500673988012,1500,0,1,2026-05-28 19:09:00+00:00,2026-05-28 20:24:00+00:00,5.389686771724537,0.0520833333333333,resolved_within_7_days,7,nyc_open_data,0.4,Equation 1 synthetic scoring transfer
69131962,Drainage,Pending,40.7050708352475,-73.8149062730211,0,2,0.0004816213580612,300,1,1,2026-05-26 20:10:00+00:00,,7.347325660613427,,unresolved_between_7_and_30_days,0,nyc_open_data,0.6200000000000001,Equation 1 synthetic scoring transfer
69140630,Pothole,Completed,40.706767020397514,-74.01250844527229,1,1,0.0006342124010405,1500,0,0,2026-05-27 08:11:57+00:00,2026-05-28 07:15:00+00:00,6.8459714939467595,0.9604513888888888,resolved_within_7_days,2,nyc_open_data,0.39,Equation 1 synthetic scoring transfer
69111025,Drainage,Pending,40.70670028539346,-73.8633269224653,0,2,0.0004173006136563,300,1,1,2026-05-24 14:02:00+00:00,,9.60288121616898,,unresolved_between_7_and_30_days,1,nyc_open_data,0.6200000000000001,Equation 1 synthetic scoring transfer
69106348,Water Supply,Pending,40.63593109501337,-74.17001437160249,4,2,0.0001533658850897,1500,1,2,2026-05-24 19:53:00+00:00,,9.359131216168985,,unresolved_between_7_and_30_days,0,nyc_open_data,0.7,Equation 1 synthetic scoring transfer
69165388,Waste,Completed,40.82543701491463,-73.92520931892479,3,1,0.0005551780599519,1369,0,0,2026-05-29 07:05:02+00:00,2026-05-29 10:16:35+00:00,4.892441401354167,0.1330208333333333,resolved_within_7_days,5,nyc_open_data,0.08000000000000002,Equation 1 synthetic scoring transfer
69138127,Waste,Completed,40.797512204775266,-73.95070704102542,3,1,0.001272465830978,1369,0,0,2026-05-27 15:09:10+00:00,2026-05-28 08:04:15+00:00,6.556237697650463,0.7049189814814815,resolved_within_7_days,2,nyc_open_data,0.08000000000000002,Equation 1 synthetic scoring transfer
69141103,Waste,Completed,40.64481585968305,-73.93932838333097,3,1,0.0005129468956242,1369,0,0,2026-05-27 18:47:39+00:00,2026-05-28 13:28:09+00:00,6.404513160613426,0.778125,resolved_within_7_days,0,nyc_open_data,0.08000000000000002,Equation 1 synthetic scoring transfer
69108813,Drainage,Pending,40.79026192335226,-73.79976899816153,0,2,0.00027250696763,300,1,1,2026-05-24 15:19:00+00:00,,9.54940899394676,,unresolved_between_7_and_30_days,0,nyc_open_data,0.6200000000000001,Equation 1 synthetic scoring transfer
56450613,Streetlight,Pending,40.89305275065209,-73.89989793816866,2,2,0.0003678241544702,800,1,1,2023-01-05 13:07:00+00:00,2023-01-04 13:06:00+00:00,1244.6410756606133,0.0,unresolved_after_30_days,1,nyc_open_data,0.46,Equation 1 synthetic scoring transfer
56564420,Streetlight,Pending,40.78888222256093,-73.78356573709478,2,2,1.0,800,1,1,2023-01-18 12:20:00+00:00,2023-01-11 12:20:00+00:00,1231.6737145495022,0.0,unresolved_after_30_days,10,nyc_open_data,0.46,Equation 1 synthetic scoring transfer
56494863,Streetlight,Pending,40.88551943202952,-73.89467979567706,2,2,0.0002547598082739,800,1,1,2023-01-10 08:32:00+00:00,2023-01-09 08:30:00+00:00,1239.8320478828357,0.0,unresolved_after_30_days,0,nyc_open_data,0.46,Equation 1 synthetic scoring transfer
69106720,Drainage,Pending,40.6969473404558,-73.90645650677335,0,2,0.0004411047784897,300,1,1,2026-05-24 15:11:00+00:00,,9.554964549502316,,unresolved_between_7_and_30_days,0,nyc_open_data,0.6200000000000001,Equation 1 synthetic scoring transfer
69085495,Streetlight,Pending,40.63543217204556,-74.14555254800088,2,2,0.000605584685398,800,1,1,2026-05-22 14:55:00+00:00,,11.566075660613429,,unresolved_between_7_and_30_days,4,nyc_open_data,0.61,Equation 1 synthetic scoring transfer
69145602,Waste,Completed,40.68117273453932,-73.99993149675738,3,1,0.0003405388076129,1369,0,0,2026-05-27 07:23:53+00:00,2026-05-28 10:14:00+00:00,6.879351123576389,1.118136574074074,resolved_within_7_days,1,nyc_open_data,0.08000000000000002,Equation 1 synthetic scoring transfer
69135712,Streetlight,Pending,40.595208289838745,-73.94285542471415,2,2,0.0003384016433769,800,1,1,2026-05-26 13:28:00+00:00,,7.626492327280093,,unresolved_between_7_and_30_days,0,nyc_open_data,0.46,Equation 1 synthetic scoring transfer
69114749,Pothole,Completed,40.71328525018715,-73.73579237172676,1,1,0.0004247969059892,1500,0,0,2026-05-25 20:08:29+00:00,2026-05-25 20:08:29+00:00,8.348378901354167,0.0,resolved_within_7_days,1,nyc_open_data,0.24,Equation 1 synthetic scoring transfer
69077193,Water Supply,Completed,40.5578308840835,-74.13213636978719,4,1,0.000913167002588,1500,0,1,2026-05-21 11:11:00+00:00,2026-05-21 11:14:00+00:00,12.721631216168982,0.0020833333333333,resolved_within_7_days,3,nyc_open_data,0.55,Equation 1 synthetic scoring transfer
69092302,Water Supply,Completed,40.882629960355786,-73.88394739515994,4,1,0.0001556851283413,1500,0,1,2026-05-22 01:39:00+00:00,2026-05-26 14:00:00+00:00,12.118853438391204,4.514583333333333,resolved_within_7_days,0,nyc_open_data,0.4,Equation 1 synthetic scoring transfer
69115819,Water Supply,Completed,40.667726514487654,-73.92962529775419,4,1,0.000851116215408,1500,0,1,2026-05-25 16:42:00+00:00,2026-05-25 19:40:00+00:00,8.49177010505787,0.1236111111111111,resolved_within_7_days,3,nyc_open_data,0.4,Equation 1 synthetic scoring transfer
69173233,Water Supply,Completed,40.76336974321944,-73.87153503579192,4,1,0.0113219625452599,1500,0,1,2026-05-29 07:40:00+00:00,2026-05-29 10:03:00+00:00,4.868158993946759,0.0993055555555555,resolved_within_7_days,10,nyc_open_data,0.4,Equation 1 synthetic scoring transfer
69124093,Streetlight,Pending,40.59201041637,-74.08421490711521,2,2,0.000174814772848,800,1,1,2026-05-26 10:22:00+00:00,,7.75565899394676,,unresolved_between_7_and_30_days,0,nyc_open_data,0.46,Equation 1 synthetic scoring transfer
69114474,Water Supply,Completed,40.81722640229732,-73.94229989188614,4,1,0.00180611271669,1500,0,1,2026-05-25 17:35:00+00:00,2026-05-25 18:40:00+00:00,8.454964549502316,0.0451388888888888,resolved_within_7_days,4,nyc_open_data,0.4,Equation 1 synthetic scoring transfer
69094809,Pothole,Completed,40.725186587225544,-73.87319968901083,1,1,0.0008941468685991,1500,0,0,2026-05-22 09:59:03+00:00,2026-05-26 10:14:58+00:00,11.77159649394676,4.011053240740741,resolved_within_7_days,2,nyc_open_data,0.24,Equation 1 synthetic scoring transfer
69172037,Waste,Completed,40.62947335536766,-74.07751443075873,3,1,0.0001514022943651,1369,0,0,2026-05-29 13:59:22+00:00,2026-05-30 12:36:12+00:00,4.604709919872685,0.9422453703703704,resolved_within_7_days,0,nyc_open_data,0.08000000000000002,Equation 1 synthetic scoring transfer
69177976,Water Supply,Completed,40.818503719880965,-73.9132584927887,4,1,0.0004300977473355,1500,0,1,2026-05-30 08:23:00+00:00,2026-05-30 08:33:00+00:00,3.838297882835648,0.0069444444444444,resolved_within_7_days,1,nyc_open_data,0.4,Equation 1 synthetic scoring transfer
69109927,Drainage,Pending,40.65192606170668,-73.919010593501,0,2,0.0004900754563175,300,1,1,2026-05-24 15:17:00+00:00,,9.55079788283565,,unresolved_between_7_and_30_days,0,nyc_open_data,0.6200000000000001,Equation 1 synthetic scoring transfer
69145610,Waste,Completed,40.6359465269276,-74.1650747021552,3,1,0.0002800041053953,1369,0,0,2026-05-27 14:18:10+00:00,2026-05-28 13:16:49+00:00,6.59165436431713,0.9573958333333332,resolved_within_7_days,0,nyc_open_data,0.08000000000000002,Equation 1 synthetic scoring transfer
69063894,Water Supply,Pending,40.86151425123501,-73.89763890388804,4,2,0.0008202395696611,1500,1,2,2026-05-20 16:19:00+00:00,,13.507742327280091,,unresolved_between_7_and_30_days,3,nyc_open_data,0.7,Equation 1 synthetic scoring transfer
56434549,Streetlight,Pending,40.88646770853226,-73.85105882531204,2,2,0.0006227582858033,800,1,1,2023-01-03 13:45:00+00:00,2023-01-02 13:44:00+00:00,1246.6146867717243,0.0,unresolved_after_30_days,0,nyc_open_data,0.46,Equation 1 synthetic scoring transfer
69108825,Drainage,Pending,40.715790023205976,-73.79748563883133,0,2,0.0001738855909909,300,1,1,2026-05-24 11:07:00+00:00,,9.72440899394676,,unresolved_between_7_and_30_days,0,nyc_open_data,0.6200000000000001,Equation 1 synthetic scoring transfer
56433619,Streetlight,Pending,40.77608929972094,-73.77233868277307,2,2,8.468331154793224e-05,800,1,1,2023-01-03 09:42:00+00:00,2022-12-30 09:42:00+00:00,1246.7834367717244,0.0,unresolved_after_30_days,0,nyc_open_data,0.46,Equation 1 synthetic scoring transfer
69125128,Waste,Completed,40.836270794840054,-73.93997051771818,3,1,0.0012322030052702,1369,0,0,2026-05-26 22:16:38+00:00,2026-05-27 08:55:46+00:00,7.259385845798612,0.4438425925925925,resolved_within_7_days,5,nyc_open_data,0.08000000000000002,Equation 1 synthetic scoring transfer
69124980,Pothole,Pending,40.704330602464175,-73.94431275985919,1,2,0.0005299824860735,1500,1,1,2026-05-26 09:33:15+00:00,,7.789513160613426,,unresolved_between_7_and_30_days,2,nyc_open_data,0.54,Equation 1 synthetic scoring transfer
56560943,Streetlight,Pending,40.762636621676705,-73.83664365296013,2,2,0.0025219535729621,800,1,1,2023-01-18 10:14:00+00:00,2023-01-12 10:14:00+00:00,1231.7612145495025,0.0,unresolved_after_30_days,3,nyc_open_data,0.46,Equation 1 synthetic scoring transfer
69118016,Pothole,Pending,40.8302480672084,-73.83695102826299,1,2,0.0003424344263694,1500,1,1,2026-05-25 13:18:26+00:00,,8.633135845798611,,unresolved_between_7_and_30_days,0,nyc_open_data,0.54,Equation 1 synthetic scoring transfer
69158992,Waste,Completed,40.733946074186406,-74.00726348635996,3,1,0.0003742740223791,1369,0,0,2026-05-28 16:36:47+00:00,2026-05-29 14:02:43+00:00,5.495392790243056,0.8930092592592592,resolved_within_7_days,0,nyc_open_data,0.08000000000000002,Equation 1 synthetic scoring transfer
69158937,Waste,Completed,40.74111909018968,-73.97855723650275,3,1,0.0006058425047751,1369,0,0,2026-05-28 09:44:55+00:00,2026-05-30 15:44:27+00:00,5.781411308761574,2.249675925925926,resolved_within_7_days,1,nyc_open_data,0.08000000000000002,Equation 1 synthetic scoring transfer
69077188,Water Supply,Completed,40.74920111913547,-73.94273776835122,4,1,0.0021441747913487,1500,0,1,2026-05-21 21:16:00+00:00,2026-05-21 21:26:00+00:00,12.301492327280092,0.0069444444444444,resolved_within_7_days,21,nyc_open_data,0.55,Equation 1 synthetic scoring transfer
56432225,Streetlight,Pending,40.749422328142515,-73.94053600991373,2,2,0.0018451775770633,800,1,1,2023-01-03 09:24:00+00:00,2022-12-30 09:24:00+00:00,1246.7959367717244,0.0,unresolved_after_30_days,0,nyc_open_data,0.46,Equation 1 synthetic scoring transfer
69103934,Streetlight,Pending,40.49947869477233,-74.24172780925136,2,2,0.0002316044312617,800,1,1,2026-05-23 21:52:00+00:00,,10.276492327280094,,unresolved_between_7_and_30_days,0,nyc_open_data,0.46,Equation 1 synthetic scoring transfer
69160286,Pothole,Completed,40.68623957380662,-73.83905914257357,1,1,0.0019592337204527,1500,0,0,2026-05-28 14:37:47+00:00,2026-05-29 13:07:01+00:00,5.578031679131945,0.9369675925925924,resolved_within_7_days,4,nyc_open_data,0.39,Equation 1 synthetic scoring transfer
69107771,Drainage,Pending,40.70120874653161,-73.81140423985329,0,2,0.0009291512936815,300,1,1,2026-05-24 17:14:00+00:00,,9.469547882835649,,unresolved_between_7_and_30_days,0,nyc_open_data,0.6200000000000001,Equation 1 synthetic scoring transfer
69151570,Waste,Completed,40.53281209270412,-74.1922360497773,3,1,0.0016686083411195,1369,0,0,2026-05-28 11:19:41+00:00,2026-05-28 13:07:27+00:00,5.715601123576389,0.0748379629629629,resolved_within_7_days,4,nyc_open_data,0.08000000000000002,Equation 1 synthetic scoring transfer
69111070,Drainage,Pending,40.629709877125386,-73.90821157419438,0,2,0.0004246156115881,300,1,1,2026-05-24 10:31:00+00:00,,9.74940899394676,,unresolved_between_7_and_30_days,1,nyc_open_data,0.6200000000000001,Equation 1 synthetic scoring transfer
69173656,Waste,Completed,40.73613645974839,-73.7956484577989,3,1,0.0001952423942941,1369,0,0,2026-05-29 15:35:18+00:00,2026-05-30 14:49:39+00:00,4.538089549502315,0.9682986111111112,resolved_within_7_days,0,nyc_open_data,0.08000000000000002,Equation 1 synthetic scoring transfer
69110224,Streetlight,Pending,40.602947235001594,-73.93507738893435,2,2,0.0003542875777693,800,1,1,2026-05-24 21:57:00+00:00,,9.27302010505787,,unresolved_between_7_and_30_days,0,nyc_open_data,0.46,Equation 1 synthetic scoring transfer
69126703,Pothole,Pending,40.64322500554098,-73.90132853314813,1,2,0.0006132333942443,1500,1,1,2026-05-27 00:34:00+00:00,,7.163992327280093,,unresolved_between_7_and_30_days,3,nyc_open_data,0.54,Equation 1 synthetic scoring transfer
69176543,Waste,Completed,40.65889605849974,-73.99598488796642,3,1,0.0004047441706503,1369,0,0,2026-05-30 12:42:45+00:00,2026-05-30 14:44:57+00:00,3.657915938391203,0.0848611111111111,resolved_within_7_days,0,nyc_open_data,0.08000000000000002,Equation 1 synthetic scoring transfer
69125802,Pothole,Completed,40.71645668932115,-73.85777324586378,1,1,0.0008476988257215,1500,0,0,2026-05-26 08:49:55+00:00,2026-05-26 08:49:55+00:00,7.819605753206019,0.0,resolved_within_7_days,5,nyc_open_data,0.24,Equation 1 synthetic scoring transfer
69121146,Drainage,Pending,40.8480853541564,-73.91208858456635,0,2,0.0012307324805387,300,1,1,2026-05-25 17:40:00+00:00,,8.451492327280093,,unresolved_between_7_and_30_days,0,nyc_open_data,0.6200000000000001,Equation 1 synthetic scoring transfer
69121144,Drainage,Pending,40.76388029459614,-73.72672207385918,0,2,0.0002554576105991,300,1,2,2026-05-25 16:27:00+00:00,,8.502186771724537,,unresolved_between_7_and_30_days,1,nyc_open_data,0.7700000000000001,Equation 1 synthetic scoring transfer
69115801,Drainage,Pending,40.897986253463166,-73.85465383110191,0,2,0.000395280403033,300,1,1,2026-05-25 14:07:00+00:00,,8.59940899394676,,unresolved_between_7_and_30_days,0,nyc_open_data,0.6200000000000001,Equation 1 synthetic scoring transfer
56460454,Streetlight,Pending,40.793487757727526,-73.94327390711155,2,2,0.000580907055226,800,1,1,2023-01-06 14:05:00+00:00,2023-01-05 14:04:00+00:00,1243.6007978828354,0.0,unresolved_after_30_days,0,nyc_open_data,0.46,Equation 1 synthetic scoring transfer
69167076,Waste,Completed,40.85095902709047,-73.93725712728934,3,1,0.0011365981479165,1369,0,0,2026-05-29 16:44:26+00:00,2026-05-29 23:33:37+00:00,4.490080290243055,0.2841550925925926,resolved_within_7_days,3,nyc_open_data,0.23,Equation 1 synthetic scoring transfer
69106754,Drainage,Pending,40.60831714178724,-73.94225355795665,0,2,0.0006094207398367,300,1,2,2026-05-24 14:00:00+00:00,,9.604270105057871,,unresolved_between_7_and_30_days,2,nyc_open_data,0.7700000000000001,Equation 1 synthetic scoring transfer
