ID,Category,Status,category_encoded,status_encoded,density_score,category_frequency,is_pending,Latitude,Longitude,priority_label
1,Pothole,Completed,1,1,0.21416932269865444,422,0,23.26089342830602,77.40941114468241,0
2,Pothole,Pending,1,2,0.41542613437479453,422,1,23.259623471397656,77.4114012499541,2
3,Water Supply,Pending,4,2,0.22872710089036444,158,1,23.2611953770762,77.41261048739943,2
4,Waste,Pending,3,2,0.2558398490619557,478,1,23.262946059712817,77.41269396118753,1
5,Drainage,Pending,0,2,0.2975810516417777,223,1,23.25943169325055,77.41169986905705,2
6,Pothole,Pending,1,2,0.22490492595992415,422,1,23.2594317260861,77.4138456998647,2
7,Pothole,Completed,1,1,0.11832326362093006,422,0,23.263058425631012,77.41046475914123,0
8,Pothole,Pending,1,2,0.4736843561713146,422,1,23.261434869458306,77.41231524102996,2
9,Streetlight,Pending,2,2,0.5678808950677452,319,1,23.258961051228127,77.41284059126342,1
10,Pothole,Completed,1,1,0.2761030265658714,422,0,23.26098512008717,77.41362887766812,1
11,Waste,Pending,3,2,0.23517577642051168,478,1,23.258973164614375,77.41402322975618,1
12,Waste,Cancelled,3,0,0.2213956164321728,478,0,23.25896854049286,77.41035071581632,0
13,Waste,Completed,3,1,0.14886407961379625,478,0,23.26038392454313,77.40953177165852,0
14,Water Supply,Completed,4,1,0.09651889540235847,158,0,23.256073439510683,77.4151553536438,1
15,Water Supply,Pending,4,2,0.1620182710451983,158,1,23.25645016433497,77.41326462802395,2
16,Pothole,Completed,1,1,0.20559990492551095,422,0,23.258775424941515,77.41110302692688,1
17,Streetlight,Completed,2,1,0.11083225364326556,319,0,23.25787433775933,77.41570230395104,0
18,Pothole,Completed,1,1,0.3436772529273192,422,0,23.260528494665188,77.41283134926859,1
19,Streetlight,Pending,2,2,0.11312331516945517,319,1,23.258083951848956,77.41495859436813,1
20,Drainage,Completed,0,1,0.21291181021011915,223,0,23.25707539259733,77.41273503696281,0
21,Water Supply,Completed,4,1,0.052256522587062544,158,0,23.26283129753784,77.41672149584976,1
22,Pothole,Completed,1,1,0.21858466937107338,422,0,23.259448447399024,77.41611068168488,0
23,Drainage,Completed,0,1,0.5055704177046957,223,0,23.260035056409375,77.41210207170305,1
24,Waste,Pending,3,2,0.1193607732202157,478,1,23.25705050362757,77.4145431419019,1
25,Water Supply,Completed,4,1,0.32868639340357536,158,0,23.258811234550947,77.41389075189917,1
26,Waste,Pending,3,2,0.17560641752042327,478,1,23.26012184517942,77.41533726311506,1
27,Streetlight,Completed,2,1,0.17049447024134812,319,0,23.25759801284515,77.41067015307884,0
28,Streetlight,Pending,2,2,0.5201385295030018,319,1,23.26065139603669,77.41397210292,1
29,Streetlight,Completed,2,1,0.42099719707476924,319,0,23.25869872262016,77.4147168489737,0
30,Waste,Pending,3,2,0.14173889228314143,478,1,23.259316612500413,77.40908252102714,1
31,Water Supply,Completed,4,1,0.2904438706334164,158,0,23.25869658677554,77.41023348297466,1
32,Waste,Pending,3,2,0.07184032439858472,478,1,23.263604556369017,77.40852153564448,1
33,Streetlight,Completed,2,1,0.3900476226629059,319,0,23.25987300555052,77.41206118633112,0
34,Waste,Completed,3,1,0.1943856578594631,478,0,23.25778457814209,77.4140350845116,0
35,Pothole,Pending,1,2,0.12978897454340096,422,1,23.261545089824203,77.41560471410419,1
36,Pothole,Pending,1,2,0.2589585984248135,422,1,23.257458312700056,77.41274818956084,2
37,Pothole,Pending,1,2,0.2042594381298239,422,1,23.260317727190007,77.41585723109114,1
38,Waste,Completed,3,1,0.059898824255194,478,0,23.25598065975224,77.40983979708356,0
39,Waste,Pending,3,2,0.08798564340703201,478,1,23.2572436279022,77.4091932351213,1
40,Pothole,Completed,1,1,0.5157796605912836,422,0,23.260293722471737,77.4124889046022,1
41,Drainage,Pending,0,2,0.38354558363432206,223,1,23.26137693315999,77.41336813089788,2
42,Drainage,Completed,0,1,0.567425898453544,223,0,23.26024273656238,77.41253461050381,1
43,Waste,Completed,3,1,0.09159391316977106,478,0,23.25966870343522,77.40846511579991,0
44,Pothole,Completed,1,1,0.24462638688026753,422,0,23.25929779260882,77.41242175992097,1
45,Waste,Completed,3,1,0.08287121440801899,478,0,23.256942956019262,77.40999106099899,0
46,Waste,Pending,3,2,0.329898925781607,478,1,23.25846031158321,77.41393934509766,1
47,Streetlight,Pending,2,2,0.24800588373100876,319,1,23.25897872245808,77.41333319649219,1
48,Streetlight,Pending,2,2,0.20034497982055424,319,1,23.26201424445244,77.41072024042734,1
49,Waste,Pending,3,2,0.8887499333103372,478,1,23.260587236579138,77.41157226616532,1
50,Waste,Pending,3,2,0.09264085200329505,478,1,23.25637391968927,77.41048157295621,1
51,Waste,Pending,3,2,0.3734631403438934,478,1,23.260548167938783,77.41247464180545,1
52,Drainage,Pending,0,2,0.25982981630109475,223,1,23.259129835439165,77.414510284641,2
53,Water Supply,Cancelled,4,0,0.21682010568216167,158,0,23.258546155999387,77.41062854790732,1
54,Waste,Completed,3,1,0.27603323092487425,478,0,23.26112335257768,77.41360809303103,0
55,Waste,Completed,3,1,0.24753902000408992,478,0,23.26196199904499,77.41153948476325,0
56,Drainage,Completed,0,1,0.26305239511616013,223,0,23.261762560238232,77.41101425433547,0
57,Water Supply,Pending,4,2,0.23208221824526512,158,1,23.25822156495355,77.41238593928009,2
58,Pothole,Completed,1,1,0.17103590307140223,422,0,23.259281575248295,77.41052951535517,1
59,Waste,Pending,3,2,0.736293891753805,478,1,23.26056252686281,77.4114927013893,1
60,Waste,Completed,3,1,0.2005149821939159,478,0,23.261851090254243,77.41020424421482,0
61,Streetlight,Pending,2,2,0.22819427584282417,319,1,23.258941651524307,77.41652945026583,1
62,Pothole,Cancelled,1,0,0.30753190567325034,422,0,23.25952868204667,77.41267052710394,1
63,Waste,Pending,3,2,0.19700215126947584,478,1,23.257687330051983,77.41120054898401,1
64,Streetlight,Pending,2,2,0.2892960939327332,319,1,23.25750758675184,77.41302795982146,1
65,Waste,Cancelled,3,0,0.39950016763626095,478,0,23.261525051644785,77.41237534390062,0
66,Drainage,Pending,0,2,0.15722112459040782,223,1,23.26261248005714,77.41215806080093,1
67,Pothole,Completed,1,1,0.2792069089188357,422,0,23.259755979756836,77.41382833340009,1
68,Waste,Completed,3,1,0.1984329990257835,478,0,23.261907065795786,77.4141150154201,0
69,Streetlight,Completed,2,1,0.9999999999993647,319,0,23.260623272050093,77.41153899770478,0
70,Pothole,Cancelled,1,0,0.253301385749537,422,0,23.25860976049079,77.4114483635187,1
71,Water Supply,Cancelled,4,0,0.3773354365852994,158,0,23.260622791211016,77.4120498966057,1
72,Pothole,Pending,1,2,0.05124578054677292,422,1,23.26297607313293,77.40799615767052,1
73,Waste,Completed,3,1,0.22809487883572932,478,0,23.25982834792178,77.4095696178756,0
74,Streetlight,Completed,2,1,0.07333876989222964,319,0,23.263029287311625,77.41533374853489,0
75,Waste,Completed,3,1,0.0328007226331755,478,0,23.25466050979182,77.415889935427,0
76,Water Supply,Pending,4,2,0.2650219698238289,158,1,23.26154380500875,77.41210192792089,2
77,Pothole,Completed,1,1,0.32915069691268184,422,0,23.26007409413647,77.4137531139261,1
78,Pothole,Cancelled,1,0,0.26852710921597317,422,0,23.259301985299068,77.41322250030909,1
79,Waste,Cancelled,3,0,0.03654647782995419,478,0,23.26008352155307,77.4187577616169,0
80,Pothole,Completed,1,1,0.10986538534674184,422,0,23.255924862170797,77.41483914982287,0
81,Drainage,Pending,0,2,0.3042095047234191,223,1,23.259460656224324,77.41234416481704,2
82,Drainage,Pending,0,2,0.39370863269305645,223,1,23.260614225143023,77.4106889191188,2
83,Waste,Completed,3,1,0.08715887729125253,478,0,23.26285578808948,77.40938710735948,0
84,Waste,Completed,3,1,0.2901153391006278,478,0,23.25886345956345,77.41300692727174,0
85,Drainage,Pending,0,2,0.23393453616012524,223,1,23.258283012794212,77.41108729850943,2
86,Water Supply,Pending,4,2,0.20277851434647703,158,1,23.258896485912828,77.4097554925808,2
87,Waste,Pending,3,2,0.283381667116818,478,1,23.2617308042354,77.41130685423151,1
88,Pothole,Completed,1,1,0.32131993064392383,422,0,23.260557502219317,77.41043690399277,1
89,Pothole,Cancelled,1,0,0.44022385316993234,422,0,23.258840479592465,77.41597428327015,1
90,Drainage,Completed,0,1,0.1812759855494182,223,0,23.260926534866226,77.41436327951389,1
91,Waste,Pending,3,2,0.3489928983898319,478,1,23.260094155098695,77.41258405471737,1
92,Waste,Pending,3,2,0.15923774945883473,478,1,23.261837289981063,77.41555988827778,1
93,Drainage,Pending,0,2,0.44857747035737755,223,1,23.25849589381224,77.4127547366153,2
94,Waste,Cancelled,3,0,0.21684858135297652,478,0,23.259244675706803,77.41087743159734,0
95,Pothole,Pending,1,2,0.27792959056359773,422,1,23.259115783693733,77.41564624815453,1
96,Pothole,Completed,1,1,0.30699375022506575,422,0,23.256972970103735,77.41367782008737,0
97,Pothole,Pending,1,2,0.39064057570503524,422,1,23.26049224055413,77.41052550769135,2
98,Pothole,Completed,1,1,0.37935992192805473,422,0,23.26042211054436,77.41221932264384,1
99,Pothole,Completed,1,1,0.40555805964908337,422,0,23.259910226913284,77.41084876349323,1
100,Waste,Completed,3,1,0.318598513187806,478,0,23.259430825733247,77.40983440053807,0
101,Streetlight,Pending,2,2,0.13242799076198938,319,1,23.257069258515894,77.41445235509507,1
102,Drainage,Pending,0,2,0.25917189507856675,223,1,23.259058709354463,77.41641883328094,1
103,Drainage,Pending,0,2,0.29875081194476366,223,1,23.259214570966943,77.40980286485235,2
104,Waste,Completed,3,1,0.4467037078902289,478,0,23.258295445461556,77.41372593847338,0
105,Waste,Pending,3,2,0.3921102253173129,478,1,23.259577428576662,77.41129871486176,1
106,Waste,Pending,3,2,0.6701716508080242,478,1,23.26070810171363,77.41162574923247,1
107,Pothole,Completed,1,1,0.122216125464296,422,0,23.263672371802414,77.41141521215152,0
108,Pothole,Completed,1,1,0.2704075322880034,422,0,23.26024915562566,77.41087201846064,1
109,Streetlight,Completed,2,1,0.5292042038133188,319,0,23.260415100781444,77.41269704325589,0
110,Waste,Pending,3,2,0.34769847106545854,478,1,23.259751108168462,77.41093809976718,1
111,Waste,Pending,3,2,0.1588362999428262,478,1,23.2560624575694,77.41314091365156,1
112,Pothole,Completed,1,1,0.31741745809747934,422,0,23.2598469722491,77.4124995237811,1
113,Streetlight,Completed,2,1,0.5184839083684953,319,0,23.26002046041988,77.41212210390627,0
114,Waste,Pending,3,2,0.09157741135269765,478,1,23.26482648422497,77.41078487267592,1
115,Streetlight,Completed,2,1,0.3762415671971404,319,0,23.259515278070435,77.41144645733885,0
116,Waste,Completed,3,1,0.5692525823837183,478,0,23.260503094684665,77.41411078245164,0
117,Drainage,Completed,0,1,0.38789644782643645,223,0,23.259830576460587,77.41360183437524,1
118,Drainage,Pending,0,2,0.16488925209469918,223,1,23.25756264392476,77.4106448895104,1
119,Waste,Pending,3,2,0.3021379426578629,478,1,23.262185645629028,77.41279866461086,1
120,Waste,Pending,3,2,0.18585691958060496,478,1,23.261403866065372,77.41410277424674,1
121,Pothole,Pending,1,2,0.17888482852531665,422,1,23.26148206389409,77.40926118943776,1
122,Waste,Cancelled,3,0,0.30475817256180454,478,0,23.258081225090407,77.41368672038476,0
123,Streetlight,Completed,2,1,0.10522766196398037,319,0,23.26270558862187,77.4112747524821,0
124,Drainage,Completed,0,1,0.2735592629599633,223,0,23.257096297874412,77.41374119733719,0
125,Streetlight,Pending,2,2,0.3810032007033428,319,1,23.2610737141876,77.41107348168691,1
126,Drainage,Completed,0,1,0.06800864058862946,223,0,23.264280911251618,77.40899023579867,0
127,Pothole,Completed,1,1,0.14963429559791958,422,0,23.25791892734974,77.40934491512424,0
128,Waste,Pending,3,2,0.46249932221870943,478,1,23.25876740454079,77.41269616989332,1
129,Streetlight,Completed,2,1,0.5029092397789283,319,0,23.260099302730172,77.41311944500345,0
130,Pothole,Pending,1,2,0.20484736102878526,422,1,23.258893048691768,77.41079136674979,2
131,Streetlight,Completed,2,1,0.2149094817864408,319,0,23.256798673137865,77.41387718491755,0
132,Waste,Pending,3,2,0.1645280059530439,478,1,23.26003712594961,77.40927695987546,1
133,Waste,Pending,3,2,0.23017827186251744,478,1,23.257775392572547,77.4124678404027,1
134,Water Supply,Pending,4,2,0.24687203546044795,158,1,23.26084718486127,77.41017796760048,2
135,Waste,Pending,3,2,0.28272793738361407,478,1,23.258061151531532,77.4112963277844,1
136,Water Supply,Pending,4,2,0.23410855775752829,158,1,23.26299986881003,77.41269479734262,2
137,Water Supply,Completed,4,1,0.22132185271999819,158,0,23.258333493415325,77.41087917326944,1
138,Drainage,Completed,0,1,0.2712041594213711,223,0,23.259255876967583,77.41183088891154,1
139,Streetlight,Pending,2,2,0.276474781183137,319,1,23.26152703443474,77.41461258561843,1
140,Streetlight,Pending,2,2,0.1583641179348737,319,1,23.257438271367132,77.41144621626096,1
141,Drainage,Pending,0,2,0.375697300019555,223,1,23.260354919869208,77.41427138422412,2
142,Waste,Completed,3,1,0.17722795069474676,478,0,23.26251428550856,77.41034058629069,0
143,Pothole,Pending,1,2,0.21373242463269462,422,1,23.256685033530875,77.41365960835583,1
144,Streetlight,Pending,2,2,0.2139720147069069,319,1,23.260269267717064,77.41548313724131,1
145,Pothole,Completed,1,1,0.056649536527304256,422,0,23.260419765588495,77.40765671099975,0
146,Pothole,Pending,1,2,0.29531177707563966,422,1,23.261463645743554,77.41100620948906,2
147,Pothole,Pending,1,2,0.2464231904339459,422,1,23.257426098578243,77.41375414425436,2
148,Streetlight,Completed,2,1,0.19372325534933227,319,0,23.25725908677383,77.41219390922791,0
149,Drainage,Completed,0,1,0.26231270105446386,223,0,23.260943883131233,77.41334229174674,1
150,Waste,Pending,3,2,0.4878824748445825,478,1,23.260493969346463,77.41139202962657,1
151,Water Supply,Completed,4,1,0.5171273570067557,158,0,23.26040098570069,77.41277317957494,1
152,Streetlight,Completed,2,1,0.4634159328911584,319,0,23.26059289641899,77.41228864552922,0
153,Drainage,Pending,0,2,0.2211790186904573,223,1,23.25853995055684,77.41493556412331,2
154,Streetlight,Pending,2,2,0.2853803483473227,319,1,23.26036450739432,77.4131088416866,1
155,Drainage,Pending,0,2,0.22630820951021965,223,1,23.260486144946597,77.41327520532415,2
156,Waste,Pending,3,2,0.4399234691557738,478,1,23.258471297163947,77.41177624606776,1
157,Drainage,Completed,0,1,0.1490733410791195,223,0,23.26363154902229,77.41162478755186,0
158,Waste,Completed,3,1,0.5167957817450142,478,0,23.260847665841823,77.41173488362436,0
159,Drainage,Cancelled,0,0,0.36854915684723577,223,0,23.257517393005593,77.41338890428476,1
160,Water Supply,Completed,4,1,0.2642814101865928,158,0,23.261213107217262,77.41175803103836,1
161,Waste,Pending,3,2,0.24871904338952247,478,1,23.257950636659544,77.41317954971379,1
162,Waste,Pending,3,2,0.10011294082319086,478,1,23.26147416920748,77.41675080159729,1
163,Drainage,Completed,0,1,0.20545619311458807,223,0,23.262217191158012,77.41434224940686,0
164,Waste,Pending,3,2,0.5471430714612874,478,1,23.258258635363298,77.41194795293566,1
165,Drainage,Completed,0,1,0.22672483618439399,223,0,23.26182675225849,77.41500242784433,0
166,Waste,Completed,3,1,0.476502207290988,478,0,23.26072556185387,77.41178384925395,0
167,Waste,Completed,3,1,0.11958063048178978,478,0,23.261544120319986,77.40852375092965,0
168,Water Supply,Completed,4,1,0.12566948624294627,158,0,23.263693585965303,77.41058382737816,1
169,Streetlight,Pending,2,2,0.13115551519916321,319,1,23.259409223767992,77.40885841615794,1
170,Drainage,Completed,0,1,0.5959306652836417,223,0,23.258392527671283,77.41189697303192,1
171,Pothole,Completed,1,1,0.24152154718934665,422,0,23.258120971140748,77.41263683675838,1
172,Streetlight,Pending,2,2,0.1783874804623181,319,1,23.258268379430067,77.41595287462455,1
173,Streetlight,Completed,2,1,0.24927811055096497,319,0,23.25974579658117,77.41325385474752,0
174,Streetlight,Pending,2,2,0.4462026291364096,319,1,23.260582303949633,77.41216179894238,1
175,Streetlight,Cancelled,2,0,0.5118391244988727,319,0,23.26045338159866,77.41425881116237,1
176,Streetlight,Pending,2,2,0.09149464094622034,319,1,23.26155436649807,77.40817772938198,1
177,Pothole,Completed,1,1,0.48572817280436414,422,0,23.25992600378375,77.41307122911621,1
178,Waste,Pending,3,2,0.15347073680110712,478,1,23.262807068154313,77.41414173038777,1
179,Drainage,Completed,0,1,0.2867061716458552,223,0,23.25937068633352,77.40964282750843,0
180,Waste,Pending,3,2,0.031710608599455035,478,1,23.26534033833318,77.41488750808641,0
181,Streetlight,Pending,2,2,0.292004219735738,319,1,23.26115133469553,77.41327699281499,1
182,Waste,Pending,3,2,0.35565909043781063,478,1,23.258185684887167,77.41176942417219,1
183,Streetlight,Cancelled,2,0,0.2274092574646376,319,0,23.257758215003875,77.41386556373222,0
184,Streetlight,Pending,2,2,0.0665294730304019,319,1,23.260864944830484,77.41714138571561,1
185,Waste,Pending,3,2,0.45724243603654285,478,1,23.259453074429345,77.41296373251012,1
186,Waste,Completed,3,1,0.29516919581100215,478,0,23.261328000988183,77.4130964411726,0
187,Waste,Pending,3,2,0.5476961104471915,478,1,23.260846475249146,77.41168127820092,1
188,Streetlight,Cancelled,2,0,0.3746891363635197,319,0,23.259754342174684,77.41090031126107,1
189,Drainage,Pending,0,2,0.1904530191047257,223,1,23.25820641256386,77.41426067163309,2
190,Waste,Completed,3,1,0.12019497914019522,478,0,23.256870305550628,77.41088783234818,0
191,Streetlight,Pending,2,2,0.6809058675210272,319,1,23.259006970095864,77.41274313247443,1
192,Pothole,Pending,1,2,0.23571265396255114,422,1,23.261612797588644,77.41164468510647,2
193,Pothole,Completed,1,1,0.23798374545859086,422,0,23.26032818748826,77.41355795965148,1
194,Water Supply,Completed,4,1,0.365808235522984,158,0,23.257408522442574,77.41326732421057,1
195,Pothole,Completed,1,1,0.3582221388080784,422,0,23.2602463618517,77.41467507988851,1
196,Pothole,Pending,1,2,0.898553852115174,422,1,23.260670634759457,77.41157996720229,2
197,Waste,Pending,3,2,0.30662207762793886,478,1,23.25813228512759,77.41206025012941,1
198,Waste,Pending,3,2,0.3056959901762918,478,1,23.26020745021189,77.41064247256843,1
199,Waste,Cancelled,3,0,0.24511954127714,478,0,23.26001641743689,77.41171141347985,1
200,Waste,Pending,3,2,0.31780194782642845,478,1,23.257614059404336,77.41335460098608,1
201,Streetlight,Pending,2,2,0.5421489647273966,319,1,23.260615574720696,77.41411397723328,1
202,Pothole,Pending,1,2,0.23306083796899799,422,1,23.261021569052733,77.41075566935164,2
203,Pothole,Completed,1,1,0.2687506887868613,422,0,23.262066102486347,77.41433921184021,0
204,Waste,Pending,3,2,0.17175269732214893,478,1,23.262007604104067,77.41531127571761,1
205,Waste,Cancelled,3,0,0.24553878217577954,478,0,23.25714466126409,77.41342686980644,0
206,Streetlight,Pending,2,2,0.13779231842988163,319,1,23.258024349920166,77.41635359162511,1
207,Water Supply,Completed,4,1,0.38988638474335724,158,0,23.260930070534418,77.4110524216018,1
208,Waste,Pending,3,2,0.2478614506504626,478,1,23.260927571901824,77.41011069059337,1
209,Drainage,Completed,0,1,0.198213715056559,223,0,23.26093009537261,77.40904255950218,0
210,Streetlight,Cancelled,2,0,0.018377924316572168,319,0,23.267605462981308,77.41559208862297,0
211,Streetlight,Pending,2,2,0.2267833025430928,319,1,23.261041781021383,77.4139087313127,1
212,Pothole,Cancelled,1,0,0.37068182057587495,422,0,23.26217113128036,77.41248883065818,1
213,Waste,Pending,3,2,0.2255803300664305,478,1,23.261808003526983,77.41315993725264,1
214,Waste,Cancelled,3,0,0.2476222155663363,478,0,23.26120278250261,77.4103490219054,0
215,Streetlight,Completed,2,1,0.07364335417740596,319,0,23.25926946151072,77.41749150395923,0
216,Pothole,Pending,1,2,0.25636188533454163,422,1,23.261417938440985,77.41285844236396,2
217,Water Supply,Pending,4,2,0.3843374316193678,158,1,23.25835434957092,77.41281878958921,2
218,Pothole,Pending,1,2,0.18985249301247106,422,1,23.259426362786517,77.4140515332478,2
219,Waste,Pending,3,2,0.35328475033866896,478,1,23.25892927290434,77.41356201846347,1
220,Streetlight,Pending,2,2,0.5264972468228306,319,1,23.26006374827877,77.41304776804856,1
221,Waste,Pending,3,2,0.10227268724798665,478,1,23.264529317133345,77.41101905108911,1
222,Pothole,Completed,1,1,0.1602322714523012,422,0,23.256165469614817,77.41354293671426,0
223,Streetlight,Completed,2,1,0.10468017783281443,319,0,23.261272520380743,77.41636404899295,0
224,Water Supply,Pending,4,2,0.10246199343009048,158,1,23.25667456825762,77.41529084009231,2
225,Drainage,Pending,0,2,0.3354150788928986,223,1,23.25895613626842,77.41578637325328,1
226,Streetlight,Completed,2,1,0.2157087301942661,319,0,23.262077901193933,77.41157756864713,0
227,Streetlight,Pending,2,2,0.32008788350884826,319,1,23.26002856003819,77.41062079035947,1
228,Water Supply,Pending,4,2,0.2453920070600025,158,1,23.25774451044414,77.4123484261598,2
229,Waste,Pending,3,2,0.49702075605250723,478,1,23.25846939258148,77.41271144982457,1
230,Waste,Cancelled,3,0,0.22485567566347986,478,0,23.261259195497868,77.41478838303694,0
231,Waste,Completed,3,1,0.29773496086003126,478,0,23.258439266736563,77.40921507074057,0
232,Waste,Pending,3,2,0.2430885613273501,478,1,23.260332917179163,77.41565910063892,1
233,Streetlight,Completed,2,1,0.35556516813538236,319,0,23.259991143679805,77.41228398420284,0
234,Streetlight,Completed,2,1,0.32946014013321245,319,0,23.258596799304787,77.4117462378601,0
235,Streetlight,Completed,2,1,0.13734117025822254,319,0,23.26418788817865,77.41057579124947,0
236,Waste,Completed,3,1,0.2787539196385919,478,0,23.261167838044635,77.40929028665627,0
237,Streetlight,Completed,2,1,0.11448011096808969,319,0,23.255849714826685,77.41424634116792,0
238,Pothole,Pending,1,2,0.4248745597046017,422,1,23.26027290862954,77.41274663593437,2
239,Streetlight,Pending,2,2,0.26510437567319084,319,1,23.258576427070462,77.41002007820052,1
240,Streetlight,Completed,2,1,0.16995109638628816,319,0,23.26160486666959,77.41000984245586,0
241,Pothole,Completed,1,1,0.5576287215599531,422,0,23.258314958523133,77.41192843060142,1
242,Waste,Pending,3,2,0.22016539421921394,478,1,23.259670527117063,77.41593804305057,1
243,Waste,Completed,3,1,0.2529881227812657,478,0,23.26090997455796,77.41208081729727,0
244,Drainage,Cancelled,0,0,0.1581709932288238,223,0,23.261631510388337,77.40959371409376,1
245,Water Supply,Pending,4,2,0.2582603774714602,158,1,23.25749940718589,77.41210851387183,2
246,Streetlight,Completed,2,1,0.23802853929025136,319,0,23.259230997528316,77.4120545528605,0
247,Waste,Completed,3,1,0.05558341741606588,478,0,23.258950109377675,77.40720622671411,0
248,Pothole,Cancelled,1,0,0.3307256695953388,422,0,23.25859334153485,77.41249141026697,1
249,Streetlight,Cancelled,2,0,0.13286261584640774,319,0,23.26343090848056,77.41213813093958,0
250,Drainage,Completed,0,1,0.45225426743583597,223,0,23.26070996342192,77.41399241272963,1
251,Waste,Pending,3,2,0.0904839388155841,478,1,23.257378232091327,77.41629791218989,1
252,Waste,Completed,3,1,0.29415643105685024,478,0,23.26173572389411,77.41485313005909,0
253,Streetlight,Pending,2,2,0.11144879495089352,319,1,23.264144312394023,77.41206222261889,1
254,Pothole,Completed,1,1,0.2355449634029175,422,0,23.2619649305211,77.41038694818252,0
255,Waste,Cancelled,3,0,0.051887890621441564,478,0,23.25686126006809,77.4177467196065,0
256,Waste,Pending,3,2,0.9257614522924248,478,1,23.258931531854262,77.41271843686803,1
257,Pothole,Completed,1,1,0.43391055268803486,422,0,23.262433822298373,77.41262785858382,1
258,Drainage,Pending,0,2,0.3916669415392356,223,1,23.25848466106876,77.41255174982578,2
259,Water Supply,Completed,4,1,0.25422001681685047,158,0,23.26078763885629,77.41299616952153,1
260,Streetlight,Pending,2,2,0.4783422850997574,319,1,23.26144926810686,77.41231127917615,1
261,Pothole,Completed,1,1,0.3301141054898551,422,0,23.25804613905684,77.41145267598624,1
262,Waste,Cancelled,3,0,0.28665830979320744,478,0,23.259780949287876,77.41150628211751,1
263,Pothole,Cancelled,1,0,0.031090366600032372,422,0,23.25341746531986,77.41253449345956,0
264,Pothole,Pending,1,2,0.24242656193920248,422,1,23.257851224717328,77.41151315045774,2
265,Streetlight,Completed,2,1,0.2674490744803429,319,0,23.259394863697217,77.41117430843464,0
266,Pothole,Completed,1,1,0.299117001696851,422,0,23.25740443363607,77.41281286045538,1
267,Waste,Pending,3,2,0.14806312239915032,478,1,23.263164822607862,77.41209004556515,1
268,Waste,Pending,3,2,0.09016112417921679,478,1,23.257039717244076,77.41560798597716,1
269,Pothole,Pending,1,2,0.06015534358745977,422,1,23.25901991102661,77.40729806038321,1
270,Waste,Cancelled,3,0,0.4174919820694987,478,0,23.26016148115457,77.41478301370384,0
271,Waste,Completed,3,1,0.09400133356753067,478,0,23.26278254657813,77.415092170385,0
272,Water Supply,Completed,4,1,0.05468300454149994,158,0,23.25702827569764,77.40845321953518,1
273,Pothole,Pending,1,2,0.16643928600056157,422,1,23.262226327504308,77.41191462481184,2
274,Pothole,Completed,1,1,0.32665566848595484,422,0,23.259920466122036,77.411857118268,1
275,Drainage,Pending,0,2,0.14756387153583525,223,1,23.257936982697903,77.40978497661057,1
276,Water Supply,Pending,4,2,0.30207242499683706,158,1,23.260824206948524,77.41104436662482,2
277,Streetlight,Completed,2,1,0.2677200039069915,319,0,23.260298119391145,77.41037884830907,0
278,Drainage,Pending,0,2,0.3731005801127431,223,1,23.25869956624568,77.41610454088685,1
279,Pothole,Completed,1,1,0.2319755599490639,422,0,23.26003960416998,77.4144713567863,1
280,Pothole,Pending,1,2,0.16758331620946867,422,1,23.25912937280627,77.41514311018999,2
281,Pothole,Completed,1,1,0.2968716486940425,422,0,23.260127034690505,77.41404334412809,1
282,Streetlight,Completed,2,1,0.23868663566840312,319,0,23.26122426134904,77.41034189645757,0
283,Streetlight,Completed,2,1,0.13469222231458475,319,0,23.263072033632287,77.41155095946743,0
284,Pothole,Pending,1,2,0.3081910458007361,422,1,23.257424369002344,77.41357874912245,2
285,Waste,Pending,3,2,0.1124264896870636,478,1,23.26416606674931,77.41015574438221,1
286,Streetlight,Cancelled,2,0,0.12715011177222413,319,0,23.25599582440095,77.41402599686035,0
287,Waste,Pending,3,2,0.25754693510553023,478,1,23.25959642980993,77.41211934920368,1
288,Streetlight,Completed,2,1,0.308535741578042,319,0,23.26107663441297,77.4118503583849,0
289,Streetlight,Cancelled,2,0,0.4340013838204248,319,0,23.260461983735468,77.4140219199364,1
290,Streetlight,Pending,2,2,0.2261592042222349,319,1,23.25865460096036,77.41348852662297,1
291,Drainage,Pending,0,2,0.30798516718990204,223,1,23.25948375549928,77.41187806766835,2
292,Drainage,Completed,0,1,0.28187453202237095,223,0,23.25891399813068,77.41491865960673,1
293,Pothole,Cancelled,1,0,0.2720447852505911,422,0,23.25872127048611,77.4104378733448,1
294,Streetlight,Cancelled,2,0,0.17533497645447968,319,0,23.26159920419404,77.41383187121389,1
295,Streetlight,Completed,2,1,0.29797584941877314,319,0,23.26061403097193,77.41378620251594,0
296,Waste,Completed,3,1,0.37860572701585066,478,0,23.25851418080948,77.41198090712138,0
297,Waste,Pending,3,2,0.32903987586708355,478,1,23.261699199750865,77.41325226604448,1
298,Waste,Cancelled,3,0,0.2581691579750965,478,0,23.260514599041752,77.41009777284722,0
299,Pothole,Cancelled,1,0,0.24775702153619356,422,0,23.261525724237675,77.41444805403842,1
300,Streetlight,Pending,2,2,0.2403579110931929,319,1,23.261159257683847,77.4122301957271,1
301,Drainage,Pending,0,2,0.2931360507359419,223,1,23.25824200997815,77.41155455395896,2
302,Waste,Pending,3,2,0.5206168921207054,478,1,23.25877963791961,77.41469801845167,1
303,Waste,Pending,3,2,0.2841532964141118,478,1,23.261394587210244,77.41119131261891,1
304,Water Supply,Completed,4,1,0.16649497648760858,158,0,23.261120740530867,77.40978307740727,1
305,Waste,Pending,3,2,0.22174794399189285,478,1,23.25985819681207,77.40948674165296,1
306,Pothole,Pending,1,2,0.3365471835401358,422,1,23.260134654766617,77.4138120199027,2
307,Streetlight,Pending,2,2,0.16833160993923793,319,1,23.262455329791575,77.410039141295,1
308,Pothole,Cancelled,1,0,0.39200412849990973,422,0,23.258716857222325,77.41610958836397,1
309,Waste,Completed,3,1,0.11484323114668825,478,0,23.26099419476234,77.40843614118423,0
310,Waste,Pending,3,2,0.24379529325048646,478,1,23.25949561469513,77.41599291273658,1
311,Waste,Pending,3,2,0.44649247297449535,478,1,23.259464637593545,77.4130220349344,1
312,Streetlight,Cancelled,2,0,0.29169558925613026,319,0,23.262097553703978,77.41240657377625,1
313,Pothole,Completed,1,1,0.26445993666488304,422,0,23.261550832697974,77.41151016182639,1
314,Waste,Pending,3,2,0.3601679527243423,478,1,23.261527019272,77.4133982722287,1
315,Streetlight,Pending,2,2,0.31319921128834377,319,1,23.262510957614307,77.41252473059515,1
316,Drainage,Pending,0,2,0.26137917867378024,223,1,23.259942007683264,77.41480660376403,2
317,Waste,Pending,3,2,0.28123451024947416,478,1,23.261263905942588,77.41282845529732,1
318,Pothole,Completed,1,1,0.3831071725538793,422,0,23.259279466486813,77.41290060352293,1
319,Streetlight,Cancelled,2,0,0.31360049002085794,319,0,23.260548332704975,77.41187277557557,1
320,Waste,Pending,3,2,0.37246659194056475,478,1,23.259639713891264,77.41248610875256,1
321,Pothole,Completed,1,1,0.44430776767626534,422,0,23.260093991929985,77.41321560353778,1
322,Streetlight,Completed,2,1,0.29077145136700605,319,0,23.261090314050872,77.40917966321469,0
323,Drainage,Completed,0,1,0.19069668320572536,223,0,23.25826355863353,77.40990362915579,0
324,Drainage,Completed,0,1,0.07865438834710278,223,0,23.264084774551367,77.41408652818804,0
325,Streetlight,Pending,2,2,0.22366931668939574,319,1,23.257887965237,77.41294173087626,1
326,Streetlight,Pending,2,2,0.298446491311668,319,1,23.25747162277442,77.41223203332729,1
327,Pothole,Completed,1,1,0.44137347726327764,422,0,23.262216221747,77.41263686786613,1
328,Streetlight,Pending,2,2,0.4318777637360157,319,1,23.261483325387925,77.41329516341072,1
329,Pothole,Pending,1,2,0.2874940436732597,422,1,23.261148239634103,77.41152048063938,2
330,Waste,Pending,3,2,0.33896886846229557,478,1,23.261156691018527,77.4110433905492,1
331,Streetlight,Cancelled,2,0,0.36522032531593673,319,0,23.259875506454303,77.4129916905102,1
332,Streetlight,Completed,2,1,0.17013370109936204,319,0,23.258105491257027,77.41064325444476,0
333,Pothole,Completed,1,1,0.29115076372215243,422,0,23.260051609116385,77.41341650551142,1
334,Water Supply,Completed,4,1,0.29174557318640093,158,0,23.258545676576976,77.40919483279153,1
335,Waste,Completed,3,1,0.3011347092651494,478,0,23.261850239466835,77.41465831127465,0
336,Pothole,Completed,1,1,0.26812960351754955,422,0,23.259605885236994,77.41354519496483,1
337,Waste,Completed,3,1,0.2639177381733068,478,0,23.258249005606412,77.41311205946863,0
338,Drainage,Pending,0,2,0.23165725753506486,223,1,23.25925722831669,77.41456538196789,2
339,Streetlight,Completed,2,1,0.13185209237456838,319,0,23.26072586290855,77.41593094888893,0
340,Pothole,Completed,1,1,0.43295713500369326,422,0,23.258772550894392,77.41462874013003,1
341,Streetlight,Completed,2,1,0.16133233979841285,319,0,23.258255559208862,77.40891825153733,0
342,Pothole,Pending,1,2,0.21579783441755032,422,1,23.260387374422983,77.41004084606652,2
343,Drainage,Pending,0,2,0.3683212500952198,223,1,23.260389933142218,77.4113503628446,2
344,Pothole,Pending,1,2,0.6850794256922794,422,1,23.258886113649258,77.41265218210042,2
345,Pothole,Completed,1,1,0.3438860592685993,422,0,23.258957923388763,77.41363531804093,1
346,Water Supply,Pending,4,2,0.2770914755590356,158,1,23.26036409987471,77.41114851237369,2
347,Waste,Pending,3,2,0.20619174597006487,478,1,23.257003831317004,77.41297353352896,1
348,Waste,Completed,3,1,0.14341816159073112,478,0,23.257085072451247,77.41108923413529,0
349,Streetlight,Pending,2,2,0.25762432411744746,319,1,23.258463111557493,77.41137696439401,1
350,Water Supply,Completed,4,1,0.3346844925978821,158,0,23.259473105696575,77.4097866778063,1
351,Pothole,Pending,1,2,0.3985493960818368,422,1,23.260521815131195,77.41075353350777,2
352,Waste,Cancelled,3,0,0.14119089013747077,478,0,23.2628507124339,77.40989663078877,0
353,Pothole,Completed,1,1,0.18455430657090924,422,0,23.261615319246403,77.41064825349405,1
354,Pothole,Completed,1,1,0.1721474226063712,422,0,23.259580122940072,77.41470728359322,1
355,Waste,Pending,3,2,0.37094328598001297,478,1,23.259861967584193,77.41070120222233,1
356,Streetlight,Completed,2,1,0.0554141594108419,319,0,23.257894941270724,77.41786476412967,0
357,Water Supply,Pending,4,2,0.3772647533805115,158,1,23.259862973728012,77.41358663580176,2
358,Pothole,Pending,1,2,0.5003602811647382,422,1,23.259322682722157,77.41296967224739,2
359,Pothole,Pending,1,2,0.3202665959330612,422,1,23.260545437120676,77.41088328443963,2
360,Pothole,Completed,1,1,0.32969112964590896,422,0,23.258245538112895,77.41400061975881,1
361,Waste,Pending,3,2,0.3782119067212698,478,1,23.26093869302848,77.41144872434752,1
362,Drainage,Pending,0,2,0.21045837824517283,223,1,23.262965477826004,77.41284401962929,1
363,Pothole,Pending,1,2,0.06343354358354228,422,1,23.259682479703084,77.41772016907653,1
364,Pothole,Completed,1,1,0.32421194966203404,422,0,23.260703423444195,77.41240788020055,1
365,Streetlight,Completed,2,1,0.2064290351598249,319,0,23.26128028798342,77.41489854665257,0
366,Pothole,Completed,1,1,0.21064375034507646,422,0,23.259097559056222,77.41119364714974,1
367,Streetlight,Completed,2,1,0.5506419581304833,319,0,23.260348184963615,77.412530023019,0
368,Waste,Pending,3,2,0.1714085454949897,478,1,23.259925184801563,77.41614160127126,1
369,Drainage,Completed,0,1,0.2232851589867657,223,0,23.260095352197094,77.41134606588442,1
370,Water Supply,Completed,4,1,0.21809062573931767,158,0,23.25835398043229,77.416224897116,1
371,Streetlight,Pending,2,2,0.3010453555007396,319,1,23.259949020348515,77.41401550387091,1
372,Water Supply,Pending,4,2,0.4094601885984046,158,1,23.26089599658249,77.4114750664482,2
373,Waste,Completed,3,1,0.13876883587677766,478,0,23.26280228721559,77.4138648154781,0
374,Pothole,Completed,1,1,0.29242772428472885,422,0,23.26181854165217,77.41454510889925,1
375,Streetlight,Completed,2,1,0.07514548238333223,319,0,23.264206364915022,77.41384361992444,0
376,Streetlight,Pending,2,2,0.20751809452601255,319,1,23.25836530487422,77.40945955056021,1
377,Pothole,Completed,1,1,0.3646863946890201,422,0,23.26164464127344,77.41114572564835,1
378,Pothole,Completed,1,1,0.30824084317730804,422,0,23.260266684011476,77.41210496272889,1
379,Waste,Pending,3,2,0.07935106966370392,478,1,23.264279605866435,77.4124511331418,1
380,Pothole,Completed,1,1,0.4832862510560923,422,0,23.25828340342929,77.4138413441951,1
381,Waste,Pending,3,2,0.3004656754686438,478,1,23.258220556315635,77.41295540200187,1
382,Streetlight,Completed,2,1,0.2627289699471362,319,0,23.25870121470911,77.40992931128258,0
383,Waste,Pending,3,2,0.11340555332135442,478,1,23.25565220855138,77.41336039570201,1
384,Waste,Cancelled,3,0,0.3825628115991526,478,0,23.258848489956637,77.41382117149057,0
385,Streetlight,Completed,2,1,0.39497404017572535,319,0,23.25838173467689,77.41371958089586,0
386,Streetlight,Completed,2,1,0.4176656887047719,319,0,23.260200787572952,77.4147615614511,0
387,Drainage,Pending,0,2,0.444949058936619,223,1,23.260583511951552,77.4142678443091,2
388,Streetlight,Cancelled,2,0,0.08768301290741053,319,0,23.26365234167843,77.41351836015845,0
389,Pothole,Completed,1,1,0.22535539498921495,422,0,23.26180084767637,77.41245966857709,1
390,Drainage,Pending,0,2,0.20757591017606483,223,1,23.258746192688672,77.40927807813297,1
391,Pothole,Completed,1,1,0.2422949573809661,422,0,23.2581031706573,77.41345923643826,1
392,Waste,Pending,3,2,0.2522433278906483,478,1,23.260883838343013,77.41301537537433,1
393,Streetlight,Completed,2,1,0.28234194403305707,319,0,23.257259533585955,77.41314315767438,0
394,Water Supply,Pending,4,2,0.11406887866362972,158,1,23.263562917531708,77.41004650284836,2
395,Pothole,Completed,1,1,0.21743430560387705,422,0,23.26225888024144,77.41043788691918,0
396,Waste,Pending,3,2,0.3558343053760867,478,1,23.258961648695788,77.41470630570666,1
397,Waste,Cancelled,3,0,0.13033116886985616,478,0,23.256473730941817,77.41252088969229,0
398,Waste,Pending,3,2,0.17715042003117565,478,1,23.26260774474833,77.41396300139475,1
399,Pothole,Cancelled,1,0,0.3298587225331371,422,0,23.259670920309492,77.41265663675226,1
400,Streetlight,Completed,2,1,0.47186152621217803,319,0,23.262375632623947,77.41265951227899,0
401,Waste,Completed,3,1,0.1941252489167384,478,0,23.27187656761195,77.4280172153011,0
402,Water Supply,Completed,4,1,0.11337778970229268,158,0,23.26896791054357,77.4256932197728,1
403,Drainage,Pending,0,2,0.3920395151318084,223,1,23.27019224155388,77.42872207650463,2
404,Streetlight,Pending,2,2,0.4265627999263277,319,1,23.26907544942259,77.42735382041319,1
405,Drainage,Pending,0,2,0.19051433622745825,223,1,23.269131007545138,77.43328403032028,1
406,Waste,Completed,3,1,0.19139407701931424,478,0,23.26938165575306,77.43201963417869,0
407,Pothole,Completed,1,1,0.34756225236362653,422,0,23.270444267543265,77.42862369930965,1
408,Streetlight,Completed,2,1,0.12232138063281796,319,0,23.269042502756673,77.4345048716107,0
409,Drainage,Pending,0,2,0.17614474277720632,223,1,23.272511512251143,77.43196353097399,1
410,Drainage,Pending,0,2,0.2233006360673426,223,1,23.26821078539556,77.42935033723299,2
411,Waste,Pending,3,2,0.0642862759239844,478,1,23.26962625671168,77.42500118857026,1
412,Water Supply,Cancelled,4,0,0.12793345727485056,158,0,23.269120537883452,77.43458188514519,1
413,Waste,Completed,3,1,0.16708893224602733,478,0,23.27289395576871,77.42722085506648,0
414,Drainage,Pending,0,2,0.15249384531980387,223,1,23.270393109553023,77.42670920250609,1
415,Water Supply,Completed,4,1,0.27479092186820925,158,0,23.272063689078937,77.43204514086402,1
416,Waste,Pending,3,2,0.06612604751728983,478,1,23.267028879253925,77.43487950481268,1
417,Streetlight,Cancelled,2,0,0.23887913905031588,319,0,23.270534100531737,77.43276854563703,0
418,Waste,Completed,3,1,0.25317169448137855,478,0,23.271779261591245,77.43112781824011,0
419,Pothole,Pending,1,2,0.31644350000677784,422,1,23.27016456797855,77.43118950868333,2
420,Pothole,Completed,1,1,0.19564432115381455,422,0,23.27213096075013,77.43170683111757,0
421,Streetlight,Pending,2,2,0.31234554671559067,319,1,23.2689654230998,77.43151785717959,1
422,Water Supply,Cancelled,4,0,0.2112766376453905,158,0,23.27281869488037,77.43056238284795,1
423,Streetlight,Pending,2,2,0.12899929020707607,319,1,23.27459779624724,77.43020840220791,1
424,Pothole,Completed,1,1,0.23963306329589723,422,0,23.26927432287912,77.4298748137442,1
425,Drainage,Pending,0,2,0.36788393254639656,223,1,23.269108994957197,77.42849207082227,2
426,Water Supply,Completed,4,1,0.1417811597349305,158,0,23.272906768954236,77.42943864984628,1
427,Waste,Completed,3,1,0.07945955719189433,478,0,23.273159144291466,77.42661408637161,0
428,Water Supply,Completed,4,1,0.3251157884633935,158,0,23.268954279945692,77.42980332074642,1
429,Waste,Completed,3,1,0.3502207027188612,478,0,23.26915962636581,77.4280228177857,0
430,Drainage,Completed,0,1,0.24818492104283194,223,0,23.26943643078228,77.42779282136557,1
431,Waste,Pending,3,2,0.18904576565178824,478,1,23.26731109897793,77.43035978830231,1
432,Waste,Pending,3,2,0.11077459121927931,478,1,23.26816269610703,77.4327840045727,1
433,Pothole,Pending,1,2,0.19732008475966353,422,1,23.267991718466497,77.43183663321201,1
434,Streetlight,Cancelled,2,0,0.16222252874732979,319,0,23.268464404869793,77.42685899879277,0
435,Pothole,Pending,1,2,0.2101386923377624,422,1,23.269930630225225,77.42802074372686,1
436,Waste,Completed,3,1,0.20409971863750276,478,0,23.270468429465073,77.43188154237599,0
437,Streetlight,Completed,2,1,0.19442350137702,319,0,23.273101000985623,77.42803502521294,0
438,Water Supply,Pending,4,2,0.29488436234754867,158,1,23.26800329191852,77.42955073370001,2
439,Pothole,Pending,1,2,0.28539001788216145,422,1,23.271968644796953,77.43110010419805,2
440,Waste,Pending,3,2,0.2128156405695841,478,1,23.26957202231155,77.42806331109028,1
441,Pothole,Completed,1,1,0.5617810954023932,422,0,23.269901072580694,77.4302107510123,1
442,Waste,Pending,3,2,0.2014216847719168,478,1,23.271349638984333,77.42733194901017,1
443,Drainage,Pending,0,2,0.11969469443065626,223,1,23.267754555956873,77.4287972647121,1
444,Drainage,Completed,0,1,0.7206266642367932,223,0,23.270764819492367,77.4306395638683,1
445,Streetlight,Cancelled,2,0,0.1824618673025041,319,0,23.270332904416424,77.42681401253294,0
446,Pothole,Pending,1,2,0.32725020747596045,422,1,23.270984902528017,77.43088094947593,2
447,Drainage,Pending,0,2,0.47135744184311057,223,1,23.270578337287816,77.42996072440215,2
448,Streetlight,Pending,2,2,0.06572028879836773,319,1,23.27491060027982,77.43110497990884,1
449,Drainage,Completed,0,1,0.3535218652918608,223,0,23.268724520031498,77.43044782826814,1
450,Streetlight,Completed,2,1,0.2416281258019429,319,0,23.268938006089996,77.43272828085995,0
451,Drainage,Pending,0,2,0.5473302325639109,223,1,23.26875371894715,77.4302504490053,2
452,Streetlight,Pending,2,2,0.19887389354529977,319,1,23.26888904576168,77.42914118891775,1
453,Pothole,Completed,1,1,0.5069111498693264,422,0,23.268725225745385,77.43024459500607,1
454,Water Supply,Completed,4,1,0.2816703205330448,158,0,23.272378033062218,77.43108659605808,1
455,Pothole,Pending,1,2,0.17829055638514238,422,1,23.27284100849598,77.43009772014067,1
456,Streetlight,Completed,2,1,0.4371205252341043,319,0,23.2688585074125,77.43008118338241,0
457,Waste,Pending,3,2,0.12656289193791903,478,1,23.26833528885379,77.4285960166244,1
458,Streetlight,Pending,2,2,0.23528353042938466,319,1,23.270942831112773,77.4286741981649,1
459,Streetlight,Completed,2,1,0.538492341322585,319,0,23.26889555391144,77.42719478945641,0
460,Waste,Completed,3,1,0.11997999958983413,478,0,23.27126586363551,77.43349915348638,0
461,Waste,Pending,3,2,0.40631412763353114,478,1,23.2704058460417,77.42751227352922,1
462,Streetlight,Cancelled,2,0,0.11968161703709392,319,0,23.266968511770006,77.42861418960442,0
463,Drainage,Pending,0,2,0.2988839143763545,223,1,23.27309501040266,77.42856318546887,1
464,Pothole,Completed,1,1,0.11753091039221383,422,0,23.27359175534619,77.4317898487539,0
465,Waste,Pending,3,2,0.2870761656445622,478,1,23.268774422619032,77.42941010064342,1
466,Streetlight,Completed,2,1,0.1698719786447313,319,0,23.26922459688013,77.43249548414535,0
467,Waste,Cancelled,3,0,0.26008692012503687,478,0,23.270571730781448,77.42865301875152,0
468,Pothole,Pending,1,2,0.48002829053091045,422,1,23.270668913579975,77.43055798832445,2
469,Waste,Cancelled,3,0,0.2730743907407878,478,0,23.271317088545345,77.42832930589348,0
470,Waste,Completed,3,1,0.05431554632111777,478,0,23.274020409077533,77.43429029825555,0
471,Waste,Completed,3,1,0.18268594052526732,478,0,23.26964610554501,77.42762480316195,0
472,Pothole,Pending,1,2,0.23190892965908227,422,1,23.268403405510924,77.43061964142046,2
473,Waste,Completed,3,1,0.16192572856628726,478,0,23.26724136154397,77.43126755376187,0
474,Pothole,Completed,1,1,0.4038555032046657,422,0,23.26853813992011,77.43082759819491,1
475,Pothole,Pending,1,2,0.21362839916899723,422,1,23.269933746054253,77.42962942468225,2
476,Pothole,Cancelled,1,0,0.1899250734535403,422,0,23.27358911572703,77.42974035860054,1
477,Pothole,Pending,1,2,0.4300379426681678,422,1,23.268964777401926,77.43008762294396,2
478,Drainage,Pending,0,2,0.37104032495196687,223,1,23.270447575903276,77.42970599599676,2
479,Waste,Pending,3,2,0.19561767976858,478,1,23.269967154207855,77.4319277582336,1
480,Pothole,Completed,1,1,0.09975161182153111,422,0,23.272376786546896,77.4344210460032,0
481,Waste,Completed,3,1,0.0523533442307475,478,0,23.275053864851746,77.42888501642999,0
482,Waste,Pending,3,2,0.7346143038495621,478,1,23.26893826245416,77.42726039404084,1
483,Streetlight,Cancelled,2,0,0.3394874525334312,319,0,23.269021121114964,77.4298234359033,0
484,Streetlight,Pending,2,2,0.09623559389328167,319,1,23.272088321754136,77.43515941867531,1
485,Drainage,Pending,0,2,0.2837976558314145,223,1,23.271363782979257,77.42839265086407,2
486,Streetlight,Pending,2,2,0.09958268749423149,319,1,23.273693414651472,77.43327823361089,1
487,Water Supply,Completed,4,1,0.13565191661822723,158,0,23.271167856370653,77.43335540162816,1
488,Waste,Cancelled,3,0,0.3587219561967736,478,0,23.269281415818423,77.42889282351659,0
489,Waste,Completed,3,1,0.2602905296433391,478,0,23.271181309661383,77.43113796615837,0
490,Waste,Completed,3,1,0.1125844218840106,478,0,23.272217407161165,77.43325679324626,0
491,Waste,Pending,3,2,0.2709129038762823,478,1,23.27164096436239,77.42924174451804,1
492,Pothole,Completed,1,1,0.5169271308733514,422,0,23.271014548062215,77.4295928392798,1
493,Streetlight,Completed,2,1,0.19001030232031613,319,0,23.272133349379175,77.42883663817211,0
494,Waste,Pending,3,2,0.18449672922333715,478,1,23.27233859118089,77.42797048653863,1
495,Water Supply,Pending,4,2,0.3514170976568856,158,1,23.272764317982073,77.42870144490988,2
496,Drainage,Completed,0,1,0.16302277362455675,223,0,23.27129741977518,77.42755211946648,1
497,Waste,Pending,3,2,0.2845643386448096,478,1,23.269665763839367,77.43006816693652,1
498,Waste,Completed,3,1,0.2825567041870307,478,0,23.270293427372867,77.42846005353789,0
499,Waste,Pending,3,2,0.2349840405426817,478,1,23.272413017933015,77.43046757182358,1
500,Waste,Pending,3,2,0.15301189646871471,478,1,23.268366128658027,77.4268882087076,1
501,Waste,Completed,3,1,0.7004873055957943,478,0,23.270737346617747,77.43066176046443,0
502,Pothole,Pending,1,2,0.3872323774510112,422,1,23.269213322375347,77.43166705792322,2
503,Waste,Completed,3,1,0.07392395793887285,478,0,23.27005748964587,77.42601252871486,0
504,Pothole,Completed,1,1,0.24100362643133566,422,0,23.272556903725217,77.4307481131397,1
505,Water Supply,Pending,4,2,0.27904012052009247,158,1,23.27038219813604,77.43245533798495,2
506,Streetlight,Cancelled,2,0,0.2778703637878943,319,0,23.270092873096313,77.42758071796263,0
507,Water Supply,Completed,4,1,0.11616873949423653,158,0,23.26728028771804,77.43334514477368,1
508,Waste,Pending,3,2,0.4066140340300336,478,1,23.271492507132056,77.43083803801873,1
509,Pothole,Completed,1,1,0.3486984225634207,422,0,23.271290968362283,77.42858997628849,1
510,Streetlight,Pending,2,2,0.1465641010425146,319,1,23.27432650944661,77.4298884618447,1
511,Waste,Completed,3,1,0.2733619954261092,478,0,23.269384443530093,77.43111665382504,0
512,Waste,Completed,3,1,0.45178232440413224,478,0,23.27043830065533,77.43015201078283,0
513,Streetlight,Cancelled,2,0,0.34861383648402167,319,0,23.27049876736742,77.4310775119849,0
514,Streetlight,Completed,2,1,0.24036466098471954,319,0,23.27315490655953,77.42815865281385,0
515,Pothole,Completed,1,1,0.4425243438983232,422,0,23.269809408935227,77.43033872164808,1
516,Pothole,Completed,1,1,0.18085367047532228,422,0,23.27055804305154,77.4271725710062,0
517,Pothole,Pending,1,2,0.4405456253040874,422,1,23.271215793019433,77.42977754787731,2
518,Waste,Pending,3,2,0.1974932626578957,478,1,23.270373218246313,77.42819218471708,1
519,Pothole,Completed,1,1,0.38092434498996036,422,0,23.2691071327709,77.42852894011483,1
520,Waste,Pending,3,2,0.28355841933535086,478,1,23.270388179985797,77.43247218635042,1
521,Waste,Pending,3,2,0.27440859286738034,478,1,23.27214726349972,77.43218262024119,1
522,Water Supply,Completed,4,1,0.17689013645032295,158,0,23.267946969401176,77.43121827624182,1
523,Streetlight,Completed,2,1,0.2836164367910451,319,0,23.270265939348292,77.42781537447067,0
524,Streetlight,Pending,2,2,0.30857478211092476,319,1,23.26859975837012,77.42936718310062,1
525,Pothole,Pending,1,2,0.1999058517176024,422,1,23.27239009325785,77.43242619539997,1
526,Pothole,Pending,1,2,0.1319223223876362,422,1,23.266953626190432,77.43028343382728,1
527,Waste,Completed,3,1,0.10902916225378088,478,0,23.268882156305455,77.43463865907997,0
528,Waste,Pending,3,2,0.4242384936606634,478,1,23.27075442375013,77.4307866356788,1
529,Waste,Completed,3,1,0.19159738214548705,478,0,23.273131048058467,77.43038409823299,0
530,Drainage,Pending,0,2,0.2641730127827101,223,1,23.269868499477855,77.4293817670716,2
531,Streetlight,Completed,2,1,0.5158888329669269,319,0,23.268889600946615,77.43026708180957,0
532,Pothole,Pending,1,2,0.18832350710674223,422,1,23.27376231413888,77.42969506032725,1
533,Pothole,Completed,1,1,0.14901652131862367,422,0,23.26710397219917,77.43141621735339,0
534,Water Supply,Pending,4,2,0.051212949228901544,158,1,23.26560238808676,77.43191340463359,2
535,Waste,Completed,3,1,0.3037671135997302,478,0,23.270880028900105,77.42842802107899,0
536,Waste,Pending,3,2,0.6094112081451155,478,1,23.268995891551295,77.42733753409289,1
537,Pothole,Completed,1,1,0.14632971577700724,422,0,23.26795753436574,77.4263275892538,0
538,Drainage,Completed,0,1,0.42399468133614543,223,0,23.2714167128946,77.43101598265383,1
539,Water Supply,Pending,4,2,0.3165611238882071,158,1,23.270487601427543,77.42779326678766,2
540,Waste,Completed,3,1,0.11018357242669795,478,0,23.268871842738527,77.4256942188141,0
541,Drainage,Pending,0,2,0.1478112339475333,223,1,23.267439391202657,77.43077715720906,1
542,Drainage,Pending,0,2,0.08606607571219473,223,1,23.27174491465656,77.43498599903488,1
543,Waste,Pending,3,2,0.3363342453795837,478,1,23.271300402355916,77.42998785817693,1
544,Pothole,Pending,1,2,0.21785420568886563,422,1,23.26980164827244,77.4316769815489,2
545,Pothole,Completed,1,1,0.15204063271638812,422,0,23.273693273992095,77.4301636587171,0
546,Water Supply,Completed,4,1,0.24054721999302153,158,0,23.267859830467348,77.42980222069363,1
547,Waste,Pending,3,2,0.11620818088703042,478,1,23.26694894965815,77.43183815296598,1
548,Drainage,Pending,0,2,0.30132028644257175,223,1,23.26861618386024,77.42941945091162,2
549,Pothole,Completed,1,1,0.3156335376989606,422,0,23.26990882796729,77.43053478462815,1
550,Streetlight,Cancelled,2,0,0.29528173675174824,319,0,23.27048667889865,77.43064339561239,0
551,Pothole,Completed,1,1,0.27589489852362,422,0,23.26951752788429,77.42866381909272,1
552,Streetlight,Cancelled,2,0,0.20043033168785226,319,0,23.270704110793027,77.43198408469908,0
553,Drainage,Pending,0,2,0.1921706225023446,223,1,23.26749692115162,77.42965008048661,1
554,Drainage,Pending,0,2,0.30252452537886404,223,1,23.272887529208145,77.42848850968102,1
555,Drainage,Completed,0,1,0.3423031665327336,223,0,23.269835697643213,77.43107301968715,1
556,Waste,Pending,3,2,0.22235327722970188,478,1,23.272234591663175,77.42820306403642,1
557,Streetlight,Completed,2,1,0.48524696973682974,319,0,23.270685450692756,77.43005636231474,0
558,Waste,Pending,3,2,0.26371298482182715,478,1,23.27091350643831,77.42998176200672,1
559,Pothole,Completed,1,1,0.2611531034815849,422,0,23.271139534560465,77.43217179113167,1
560,Pothole,Completed,1,1,0.438552657951641,422,0,23.27089541712003,77.43094939646576,1
561,Pothole,Completed,1,1,0.37557866979111454,422,0,23.271285445519737,77.42994994608252,1
562,Pothole,Pending,1,2,0.1351711101418189,422,1,23.272658305060265,77.4316355325984,1
563,Water Supply,Completed,4,1,0.24951713907176087,158,0,23.270393042339403,77.43278041509804,1
564,Waste,Pending,3,2,0.4061313993482765,478,1,23.271418007515177,77.43111562061272,1
565,Streetlight,Pending,2,2,0.31923175535710124,319,1,23.269820528611422,77.4300207052397,1
566,Pothole,Completed,1,1,0.17704968267934737,422,0,23.2728802344309,77.42737632753531,0
567,Waste,Pending,3,2,0.24022356615542442,478,1,23.26864721539588,77.42786977267386,1
568,Waste,Pending,3,2,0.14684132245379708,478,1,23.273601880865822,77.4293895505913,1
569,Water Supply,Pending,4,2,0.3702493673618101,158,1,23.26991968409871,77.42878097559569,2
570,Drainage,Pending,0,2,0.13227150169689342,223,1,23.267138449795763,77.42962605739403,1
571,Water Supply,Cancelled,4,0,0.3392940037884128,158,0,23.27025620882982,77.43011329984981,1
572,Water Supply,Pending,4,2,0.3137650744014985,158,1,23.26863789668505,77.43105938550872,2
573,Waste,Pending,3,2,0.2001157786080379,478,1,23.271681287097977,77.42985900244389,1
574,Pothole,Completed,1,1,0.30470057247298576,422,0,23.26869475204139,77.43097300328766,1
575,Streetlight,Pending,2,2,0.319679063097666,319,1,23.26910763313357,77.43012894882963,1
576,Pothole,Pending,1,2,0.03859038198590854,422,1,23.26622091853811,77.4260490668673,1
577,Pothole,Pending,1,2,0.34689848053384975,422,1,23.269095387361503,77.42812132921237,1
578,Pothole,Completed,1,1,0.05194171205709665,422,0,23.26515224134674,77.42971182488856,0
579,Streetlight,Completed,2,1,0.10409272305585981,319,0,23.26683219435303,77.42758061051433,0
580,Streetlight,Pending,2,2,0.3196565741927519,319,1,23.271520829312287,77.43119985746,1
581,Waste,Pending,3,2,0.14798542314902957,478,1,23.2715716003173,77.4330615016647,1
582,Pothole,Cancelled,1,0,0.2307052368961932,422,0,23.27085091512357,77.4324375237034,1
583,Streetlight,Pending,2,2,0.2781252564670116,319,1,23.26806604771374,77.42957311425815,1
584,Streetlight,Pending,2,2,0.16146347249208295,319,1,23.269904577287715,77.43298145227371,1
585,Waste,Pending,3,2,0.6684562137285592,478,1,23.26999279492182,77.43029733491441,1
586,Streetlight,Completed,2,1,0.17289175241704116,319,0,23.267683270621617,77.42932582805777,0
587,Waste,Completed,3,1,0.2905344066695466,478,0,23.273006796603532,77.42877319467293,0
588,Pothole,Pending,1,2,0.3957257176488159,422,1,23.27175472458115,77.42939506062703,2
589,Drainage,Completed,0,1,0.2924819987827836,223,0,23.26955807165234,77.42922364636293,1
590,Streetlight,Pending,2,2,0.49611718061163845,319,1,23.27005377167799,77.43034083244476,1
591,Waste,Pending,3,2,0.3549117991301569,478,1,23.270416765615895,77.4303211479621,1
592,Streetlight,Completed,2,1,0.06387606762431146,319,0,23.26591653026315,77.43000609204032,0
593,Streetlight,Pending,2,2,0.2780409400944001,319,1,23.26950564523496,77.4308738763395,1
594,Drainage,Pending,0,2,0.2523267716318008,223,1,23.26863603150401,77.43238129254958,1
595,Streetlight,Pending,2,2,0.18971942630925326,319,1,23.26799675998021,77.43189910827088,1
596,Streetlight,Completed,2,1,0.14055879212363845,319,0,23.269437799414227,77.4270302040631,0
597,Pothole,Pending,1,2,0.027095532880600917,422,1,23.2735953730537,77.4248921577302,1
598,Waste,Completed,3,1,0.17469996515125444,478,0,23.271281685722535,77.43186863982248,0
599,Waste,Pending,3,2,0.5599079396154479,478,1,23.268857642020436,77.42726624260318,1
600,Pothole,Completed,1,1,0.4340460884462218,422,0,23.27114516556271,77.42955046919622,1
601,Streetlight,Pending,2,2,0.16753415333859098,319,1,23.27279871087317,77.4276597739479,1
602,Pothole,Completed,1,1,0.10854016142737566,422,0,23.271849267365827,77.42639603912485,0
603,Waste,Pending,3,2,0.34110574593427817,478,1,23.27011926073984,77.43108292545642,1
604,Waste,Cancelled,3,0,0.19211427409091955,478,0,23.268706126444588,77.43151831032061,0
605,Pothole,Pending,1,2,0.314440809345993,422,1,23.271396446627225,77.42884697919855,2
606,Waste,Pending,3,2,0.03967904934372405,478,1,23.270786970770843,77.42481791541572,1
607,Streetlight,Completed,2,1,0.1871431165224978,319,0,23.271790386440056,77.4289075111035,0
608,Waste,Pending,3,2,0.30558205079362616,478,1,23.27127034360336,77.43078360801081,1
609,Streetlight,Pending,2,2,0.12671128014382313,319,1,23.272099105430637,77.42704217686246,1
610,Water Supply,Cancelled,4,0,0.3960676389762548,158,0,23.26892952957688,77.43036671983957,1
611,Waste,Cancelled,3,0,0.15334093537205212,478,0,23.272634788131267,77.42996938030166,0
612,Pothole,Pending,1,2,0.31992957545914996,422,1,23.270395199209386,77.4311585829992,2
613,Waste,Cancelled,3,0,0.19424077778186502,478,0,23.27415052174525,77.43023916073683,0
614,Streetlight,Completed,2,1,0.24626119851240785,319,0,23.26862162436382,77.42805386211825,0
615,Streetlight,Pending,2,2,0.13850456170946104,319,1,23.27347192760633,77.43239314300334,1
616,Pothole,Completed,1,1,0.31215789017497725,422,0,23.270395821566925,77.42968294085395,1
617,Pothole,Completed,1,1,0.27502360787442615,422,0,23.26869716399277,77.42994539092099,1
618,Drainage,Cancelled,0,0,0.3208991162517765,223,0,23.26903222833189,77.42813346408187,1
619,Waste,Pending,3,2,0.30043518296760435,478,1,23.26935930538361,77.42911343549763,1
620,Waste,Completed,3,1,0.235131413372578,478,0,23.270848331892804,77.42823039457195,0
621,Drainage,Pending,0,2,0.5059268234100135,223,1,23.271045670976072,77.42965410788015,2
622,Streetlight,Pending,2,2,0.1340060003632522,319,1,23.268852599992123,77.4334234169603,1
623,Drainage,Pending,0,2,0.26553055584831287,223,1,23.269951290815477,77.42725619771414,2
624,Streetlight,Cancelled,2,0,0.04390250701592692,319,0,23.274284540717225,77.42677287720426,0
625,Drainage,Completed,0,1,0.12995999087943103,223,0,23.273455086340203,77.43294234065499,0
626,Pothole,Completed,1,1,0.4148928443156756,422,0,23.27087264733935,77.4295813526457,1
627,Streetlight,Completed,2,1,0.3595808825147202,319,0,23.270076006956337,77.42866185452269,0
628,Water Supply,Pending,4,2,0.21119935589804478,158,1,23.270240062653436,77.4320798093748,2
629,Streetlight,Pending,2,2,0.40395164316402776,319,1,23.27122703594546,77.42878876892053,1
630,Waste,Pending,3,2,0.09355796531986939,478,1,23.267954414869603,77.4336520194271,1
631,Waste,Pending,3,2,0.2694128178286508,478,1,23.269485246925154,77.43135585174268,1
632,Waste,Completed,3,1,0.08563576393463437,478,0,23.266662831852244,77.42902417718372,0
633,Waste,Pending,3,2,0.07025810313270651,478,1,23.27079844624521,77.43431461642653,1
634,Pothole,Pending,1,2,0.4085809384904557,422,1,23.271294391879405,77.428788570154,2
635,Streetlight,Pending,2,2,0.31634273228056975,319,1,23.2690336270754,77.43148419074403,1
636,Streetlight,Pending,2,2,0.19754151071121834,319,1,23.27314797352658,77.43059858516082,1
637,Pothole,Completed,1,1,0.1444226955705894,422,0,23.267548468673994,77.4326034825788,0
638,Streetlight,Cancelled,2,0,0.1315860450685393,319,0,23.26707125023958,77.43312302239346,0
639,Waste,Completed,3,1,0.44684043738255064,478,0,23.27044890363712,77.43006400829813,0
640,Waste,Completed,3,1,0.18974185667136767,478,0,23.272094196605224,77.42849316425931,0
641,Waste,Pending,3,2,0.1300684692390998,478,1,23.273367855382915,77.43091994428589,1
642,Pothole,Pending,1,2,0.3862100285964698,422,1,23.26908223147426,77.4286445692605,2
643,Waste,Pending,3,2,0.08579384638181001,478,1,23.272157361666864,77.43402677449507,1
644,Waste,Completed,3,1,0.7397691238118278,478,0,23.269922983060997,77.43027307066217,0
645,Pothole,Completed,1,1,0.2816604977805185,422,0,23.26965474540012,77.42926935689738,1
646,Drainage,Pending,0,2,0.1767892062506179,223,1,23.27176731987497,77.43036936061173,2
647,Waste,Pending,3,2,0.21096811414365063,478,1,23.271304645756825,77.42730574742095,1
648,Streetlight,Completed,2,1,0.13287722619400202,319,0,23.26684721568603,77.42805677192298,0
649,Streetlight,Completed,2,1,0.13859969712365283,319,0,23.272953080699452,77.4324008278159,0
650,Drainage,Cancelled,0,0,0.3530437476013265,223,0,23.272760182708293,77.42868621144207,1
651,Water Supply,Completed,4,1,0.2840589001696563,158,0,23.26874887459698,77.42790617803465,1
652,Waste,Pending,3,2,0.4607082851769967,478,1,23.270791607066876,77.43107330550507,1
653,Waste,Pending,3,2,0.28416426025733127,478,1,23.270988060372567,77.43237140830934,1
654,Drainage,Pending,0,2,0.2712704805541666,223,1,23.27052134753165,77.43143790662134,2
655,Pothole,Pending,1,2,0.17410903278575565,422,1,23.268899389692308,77.43199209537161,1
656,Streetlight,Pending,2,2,0.17840145764528242,319,1,23.268656753264125,77.42848640982287,1
657,Streetlight,Completed,2,1,0.22298878027615956,319,0,23.269948891858014,77.42715637866652,0
658,Streetlight,Completed,2,1,0.13236539996723315,319,0,23.27234545803852,77.43300266730392,0
659,Water Supply,Pending,4,2,0.32110781423976376,158,1,23.27108720030919,77.42935464032232,2
660,Water Supply,Completed,4,1,0.18965111563412104,158,0,23.269258771335828,77.4294983339671,1
661,Streetlight,Pending,2,2,0.19220387605529587,319,1,23.271543397421297,77.4326563882837,1
662,Waste,Pending,3,2,0.04628566705008313,478,1,23.26430291475874,77.43111246001881,0
663,Drainage,Pending,0,2,0.3292394132856553,223,1,23.272297531400746,77.43091177554417,2
664,Waste,Pending,3,2,0.07493718066506305,478,1,23.26652057244244,77.43433000468981,1
665,Waste,Pending,3,2,0.3583616063661173,478,1,23.269275118117193,77.42871296353924,1
666,Drainage,Pending,0,2,0.17625514709678586,223,1,23.267760660210747,77.43185568025616,1
667,Waste,Pending,3,2,0.19536820024959853,478,1,23.267410637048556,77.4301140262498,1
668,Waste,Cancelled,3,0,0.26671095986829263,478,0,23.272321653574757,77.43053718455774,0
669,Waste,Pending,3,2,0.18977308638871762,478,1,23.269064597597374,77.43305693685284,1
670,Drainage,Pending,0,2,0.44235276509925503,223,1,23.270693007763462,77.43101567151258,2
671,Pothole,Pending,1,2,0.37480861039721736,422,1,23.26990615884224,77.4310765921581,2
672,Streetlight,Completed,2,1,0.29844397292461894,319,0,23.270954081654445,77.43214501467463,0
673,Waste,Pending,3,2,0.19929904971463624,478,1,23.27015364378212,77.42927009454093,1
674,Drainage,Completed,0,1,0.11469979811139785,223,0,23.267434015551625,77.42832158066533,0
675,Drainage,Pending,0,2,0.20354978298477705,223,1,23.271992533638898,77.42791038161197,2
676,Pothole,Completed,1,1,0.10362819000670363,422,0,23.269012486833677,77.42606728682125,0
677,Pothole,Completed,1,1,0.09579332248800028,422,0,23.26688683620268,77.43411241425989,0
678,Waste,Pending,3,2,0.25080954843654335,478,1,23.269143769678067,77.42779358326857,1
679,Water Supply,Pending,4,2,0.15798999147781936,158,1,23.273001519581268,77.42955749275283,2
680,Streetlight,Pending,2,2,0.3874478587653256,319,1,23.271700443484228,77.42944637340022,1
681,Water Supply,Completed,4,1,0.20765948760142444,158,0,23.269302695731184,77.43061481339562,1
682,Pothole,Pending,1,2,0.3668483968219872,422,1,23.269301484591363,77.43163147442509,2
683,Drainage,Pending,0,2,0.3357424973892665,223,1,23.269356729897567,77.43172094697672,2
684,Drainage,Cancelled,0,0,0.07769739807019657,223,0,23.27415349596712,77.42883384512287,1
685,Streetlight,Pending,2,2,0.35507214539037,319,1,23.270763870904464,77.42966575657243,1
686,Water Supply,Completed,4,1,0.43160170882377585,158,0,23.27086008329438,77.43056515990098,1
687,Pothole,Completed,1,1,0.19896011725601576,422,0,23.272060566908063,77.42950261774764,1
688,Waste,Pending,3,2,0.13276524399534706,478,1,23.27047757831805,77.43321469115205,1
689,Streetlight,Pending,2,2,0.3007470894989496,319,1,23.26948191570836,77.43098194990328,1
690,Streetlight,Pending,2,2,0.2810853924392341,319,1,23.26960730030183,77.43146975557211,1
691,Streetlight,Completed,2,1,0.26898596686310555,319,0,23.26985679748117,77.43132576253734,0
692,Waste,Completed,3,1,0.16739861327155878,478,0,23.26992555552698,77.43234694771498,0
693,Pothole,Completed,1,1,0.18756954022337866,422,0,23.271455259087272,77.43036204311741,1
694,Pothole,Cancelled,1,0,0.30483016651099637,422,0,23.270103891771615,77.4274063361041,1
695,Pothole,Completed,1,1,0.39195605386874605,422,0,23.27146528015443,77.43079937590352,1
696,Streetlight,Pending,2,2,0.33986454578703784,319,1,23.269838566839784,77.42869728621243,1
697,Streetlight,Pending,2,2,0.3120034174727709,319,1,23.270157270380633,77.42894276663651,1
698,Waste,Completed,3,1,0.0635721047070147,478,0,23.266003598630935,77.43117272803752,0
699,Pothole,Pending,1,2,0.18863645820598804,422,1,23.271832655349403,77.43247656614287,1
700,Waste,Pending,3,2,0.4896177960942149,478,1,23.270692976951796,77.43004254315348,1
701,Waste,Completed,3,1,0.21813804132287723,478,0,23.271996020219717,77.4306176660252,0
702,Drainage,Pending,0,2,0.031806994753213566,223,1,23.264207489243613,77.43340442988928,1
703,Water Supply,Cancelled,4,0,0.15335687238123472,158,0,23.274176749409563,77.43048150635899,1
704,Pothole,Completed,1,1,0.06747015290420552,422,0,23.26972082074369,77.43520336622836,0
705,Drainage,Pending,0,2,0.33349471025967914,223,1,23.272216365633476,77.43113101929127,2
706,Drainage,Cancelled,0,0,0.165628092825555,223,0,23.267920188145748,77.4264784744817,1
707,Drainage,Pending,0,2,0.1876850331309395,223,1,23.27122554781013,77.43150668324222,2
708,Waste,Pending,3,2,0.14744705708081132,478,1,23.267893168873652,77.43076231676977,1
709,Water Supply,Completed,4,1,0.28072851684727856,158,0,23.26875246207861,77.43257950550817,1
710,Pothole,Pending,1,2,0.09500383673641312,422,1,23.273828062707732,77.43134636270254,1
711,Pothole,Completed,1,1,0.21371337618512534,422,0,23.269618635198473,77.42972308803203,1
712,Waste,Pending,3,2,0.45664705031890285,478,1,23.27043486574636,77.42755140352743,1
713,Pothole,Completed,1,1,0.3250768437454374,422,0,23.27174013546138,77.42958195348544,1
714,Waste,Pending,3,2,0.29523787065474827,478,1,23.270991363775945,77.42829895909159,1
715,Waste,Completed,3,1,0.3479591433955095,478,0,23.27030083781029,77.4288389531004,0
716,Pothole,Completed,1,1,0.3748778175605232,422,0,23.270729922004932,77.43117715680884,1
717,Drainage,Pending,0,2,0.049122147645119005,223,1,23.274806831170476,77.43333980900871,1
718,Drainage,Pending,0,2,0.2516907115045983,223,1,23.269884762405933,77.43078934305966,2
719,Pothole,Pending,1,2,0.5033909270662901,422,1,23.27040219809343,77.42760823387593,1
720,Drainage,Pending,0,2,0.3039633556132614,223,1,23.272101308792013,77.43088920533644,2
721,Drainage,Completed,0,1,0.26057062761817873,223,0,23.272211051865916,77.43239326297329,0
722,Drainage,Completed,0,1,0.20892780217013263,223,0,23.27237406061112,77.42878043419137,1
723,Waste,Pending,3,2,0.40277453469480745,478,1,23.271277460444058,77.42973196566666,1
724,Streetlight,Pending,2,2,0.19489575145568944,319,1,23.26771399017454,77.43002937638947,1
725,Water Supply,Pending,4,2,0.22881040002464456,158,1,23.2732668630646,77.42843020337384,2
726,Streetlight,Completed,2,1,0.16127717632506866,319,0,23.26770730921396,77.4312965608677,0
727,Pothole,Pending,1,2,0.39610721538273297,422,1,23.27060527093048,77.4297581037028,2
728,Pothole,Cancelled,1,0,0.387964108834285,422,0,23.26849144829996,77.43083906488782,1
729,Streetlight,Completed,2,1,0.19952265065801997,319,0,23.269871723306817,77.4282250156444,0
730,Pothole,Pending,1,2,0.21188479433274976,422,1,23.270657524820606,77.42912508339936,2
731,Waste,Pending,3,2,0.25868506973385064,478,1,23.2706427144309,77.43144476271566,1
732,Pothole,Cancelled,1,0,0.34021791289349973,422,0,23.27084384150847,77.42925433369582,1
733,Drainage,Pending,0,2,0.09274268100733761,223,1,23.273227422538117,77.43345392770247,1
734,Drainage,Pending,0,2,0.31790671456096203,223,1,23.270907068603027,77.42920072762878,2
735,Waste,Pending,3,2,0.21552234678880494,478,1,23.26951168672942,77.43044936945151,1
736,Water Supply,Completed,4,1,0.20653762018447827,158,0,23.271928174336576,77.43186518166375,1
737,Pothole,Completed,1,1,0.14671430011972017,422,0,23.27237894097785,77.42716326853414,0
738,Streetlight,Completed,2,1,0.10592655365177348,319,0,23.26754478436973,77.42647838237605,0
739,Drainage,Completed,0,1,0.14248558444077974,223,0,23.2711948001397,77.42694868737087,0
740,Drainage,Completed,0,1,0.1996376121438099,223,0,23.27140234548462,77.43252516820687,1
741,Water Supply,Cancelled,4,0,0.3708612364842311,158,0,23.26940487299328,77.42889628370823,1
742,Pothole,Pending,1,2,0.07520182782152125,422,1,23.272751413626622,77.43511639857134,1
743,Drainage,Pending,0,2,0.29575055517058146,223,1,23.269699888825933,77.42887150480269,2
744,Waste,Completed,3,1,0.3423006544338896,478,0,23.270251152906944,77.4303691026064,0
745,Streetlight,Completed,2,1,0.18473742557003206,319,0,23.269653856351432,77.43308421990514,0
746,Streetlight,Completed,2,1,0.0780586886436376,319,0,23.27003115809516,77.43401218577633,0
747,Streetlight,Pending,2,2,0.08192787900124918,319,1,23.267807449826208,77.43412300715327,1
748,Waste,Completed,3,1,0.14004413364329799,478,0,23.26711989823481,77.43241673246119,0
749,Drainage,Completed,0,1,0.1464674059443103,223,0,23.27318901012645,77.43204812505164,0
750,Waste,Pending,3,2,0.19606831830380675,478,1,23.268306077303365,77.4311850538984,1
751,Waste,Pending,3,2,0.08700202879133502,478,1,23.251556722152333,77.4038023813715,1
752,Streetlight,Pending,2,2,0.38160661802471524,319,1,23.24889762856734,77.39987867837237,1
753,Pothole,Pending,1,2,0.34527554601671107,422,1,23.248363602233155,77.39858318646618,2
754,Drainage,Pending,0,2,0.21471971214822064,223,1,23.24999325108518,77.39697257121477,1
755,Pothole,Completed,1,1,0.21400622158584864,422,0,23.24965963075495,77.3963937206475,0
756,Waste,Pending,3,2,0.19678341662659263,478,1,23.249093543901346,77.396831728114,1
757,Drainage,Completed,0,1,0.19291714281959613,223,0,23.251392774894914,77.40053425330203,1
758,Pothole,Completed,1,1,0.1860548018653148,422,0,23.25191061041714,77.40101745004647,0
759,Waste,Completed,3,1,0.20909862963484085,478,0,23.250176813772583,77.39683761859594,0
760,Streetlight,Pending,2,2,0.15568072757632298,319,1,23.252955060162112,77.40179007662816,1
761,Pothole,Pending,1,2,0.2025844641441268,422,1,23.247716621771733,77.39903387789664,1
762,Streetlight,Completed,2,1,0.37688279931991625,319,0,23.24961268108144,77.40029358602398,0
763,Pothole,Pending,1,2,0.11438912432806066,422,1,23.248566355358793,77.40322444125651,1
764,Drainage,Cancelled,0,0,0.06963377737782445,223,0,23.246266926765855,77.40179367863173,0
765,Drainage,Completed,0,1,0.2916613478575857,223,0,23.249834638628315,77.39946293870419,1
766,Streetlight,Completed,2,1,0.1842954065354878,319,0,23.24975650498323,77.39821761554917,0
767,Waste,Cancelled,3,0,0.061778973465430514,478,0,23.253026899486485,77.39569636919735,0
768,Drainage,Pending,0,2,0.19262378312292272,223,1,23.25126162336911,77.39856169336151,2
769,Streetlight,Pending,2,2,0.25393245342958887,319,1,23.24795162635134,77.39957773952236,1
770,Streetlight,Completed,2,1,0.1433269230609381,319,0,23.25370818513267,77.3980256409457,0
771,Pothole,Pending,1,2,0.2634686112547851,422,1,23.25244206739105,77.39973748606582,1
772,Drainage,Cancelled,0,0,0.31083268141653814,223,0,23.251164195406936,77.40015370376592,1
773,Streetlight,Pending,2,2,0.2608778400613604,319,1,23.2495470318023,77.3995502880364,1
774,Waste,Pending,3,2,0.2919880202773476,478,1,23.248081121526553,77.39869999483835,1
775,Pothole,Completed,1,1,0.2988558269638407,422,0,23.24925558644786,77.40033730934394,1
776,Drainage,Completed,0,1,0.2389594404455576,223,0,23.25217749723941,77.40088388129915,1
777,Waste,Pending,3,2,0.11938068323454107,478,1,23.253769172611868,77.39781920184512,1
778,Water Supply,Pending,4,2,0.11003811305649727,158,1,23.253086487056542,77.4028218647595,2
779,Streetlight,Completed,2,1,0.7340084839888836,319,0,23.249022301156423,77.39980282373544,0
780,Streetlight,Pending,2,2,0.2812743658086244,319,1,23.24776076513342,77.4000376992459,1
781,Waste,Completed,3,1,0.18928692989300408,478,0,23.25028177249382,77.40141642884652,0
782,Waste,Pending,3,2,0.14057831423353667,478,1,23.24646312126887,77.40046643226253,1
783,Water Supply,Completed,4,1,0.2815873802859987,158,0,23.25064633542837,77.40190627326783,1
784,Waste,Completed,3,1,0.5164380619147861,478,0,23.2497047948274,77.40057424833041,0
785,Drainage,Pending,0,2,0.21157488582595682,223,1,23.249067926996265,77.39877512525072,2
786,Pothole,Completed,1,1,0.13034117367393644,422,0,23.246810593865465,77.40072300705042,0
787,Waste,Completed,3,1,0.26870677418282124,478,0,23.25102720021314,77.39771254758537,0
788,Waste,Pending,3,2,0.3603563290215094,478,1,23.248934598320677,77.40021711941156,1
789,Pothole,Cancelled,1,0,0.24946431347498327,422,0,23.24766016632858,77.39993354001872,1
790,Water Supply,Completed,4,1,0.08190769152070458,158,0,23.244255475573436,77.39958376628546,1
791,Pothole,Pending,1,2,0.38610889216790956,422,1,23.249944970189897,77.39974292497713,2
792,Pothole,Pending,1,2,0.07288188254967984,422,1,23.25354450319334,77.39623630190901,1
793,Pothole,Cancelled,1,0,0.1220518153111257,422,0,23.253322518429098,77.39890255018453,0
794,Pothole,Pending,1,2,0.2957099314774668,422,1,23.24908580748683,77.40018568980229,2
795,Pothole,Completed,1,1,0.3624952958052882,422,0,23.24879557587928,77.400319712784,1
796,Drainage,Completed,0,1,0.23928706609382294,223,0,23.25093754851215,77.39794464971816,1
797,Pothole,Pending,1,2,0.11508127693896522,422,1,23.248003229121625,77.40253141568174,1
798,Pothole,Pending,1,2,0.3208185252188532,422,1,23.25060358379964,77.39826765030358,2
799,Waste,Completed,3,1,0.1956230180480134,478,0,23.25153216055677,77.40193891440106,0
800,Water Supply,Pending,4,2,0.25266278921819596,158,1,23.25245386644777,77.40085438872374,2
801,Waste,Completed,3,1,0.2986773857111774,478,0,23.24979969184704,77.39870754538032,0
802,Waste,Pending,3,2,0.11573957704523835,478,1,23.249592652499647,77.40355062178523,1
803,Streetlight,Completed,2,1,0.14270191251558953,319,0,23.248244034826488,77.39761272633649,0
804,Streetlight,Completed,2,1,0.18416511903433533,319,0,23.24834623929192,77.40183830834722,0
805,Pothole,Pending,1,2,0.14220124251083413,422,1,23.249547042216197,77.40200116463609,1
806,Pothole,Completed,1,1,0.47844554271605305,422,0,23.250734731013633,77.39865875958185,1
807,Drainage,Pending,0,2,0.19546758278230025,223,1,23.251827169252465,77.40278493060013,1
808,Waste,Pending,3,2,0.2591692269300614,478,1,23.24839364209864,77.3994999069708,1
809,Drainage,Pending,0,2,0.1556256873666597,223,1,23.25298537713792,77.40057738725856,2
810,Streetlight,Completed,2,1,0.701030412239807,319,0,23.249457752797916,77.40052064367755,0
811,Pothole,Pending,1,2,0.38254309889828747,422,1,23.249957265411304,77.39973138251706,2
812,Pothole,Completed,1,1,0.18733419332960696,422,0,23.248505576641705,77.40162161654632,0
813,Waste,Completed,3,1,0.0699966755098547,478,0,23.245151519479453,77.40158697744111,0
814,Drainage,Pending,0,2,0.1081248903517418,223,1,23.251768090792723,77.39650293605352,1
815,Pothole,Pending,1,2,0.28921622618812615,422,1,23.251473687794185,77.40260868048576,1
816,Pothole,Cancelled,1,0,0.2768433301649632,422,0,23.249437344885763,77.39667501602393,0
817,Streetlight,Completed,2,1,0.35217706540468857,319,0,23.25013398143445,77.40206509240869,0
818,Water Supply,Completed,4,1,0.2298953090684425,158,0,23.25103187843541,77.40225341027366,1
819,Pothole,Completed,1,1,0.08752365552234723,422,0,23.246874908286227,77.39781806713958,0
820,Water Supply,Pending,4,2,0.2382196811109403,158,1,23.248941894645306,77.3991783714241,2
821,Pothole,Completed,1,1,0.21702953007078266,422,0,23.251588529359243,77.39778859066304,0
822,Waste,Pending,3,2,0.18596782162755235,478,1,23.24749142115366,77.39957015793942,1
823,Waste,Pending,3,2,0.33343643343592616,478,1,23.250587115864334,77.39938393143163,1
824,Pothole,Pending,1,2,0.20302538252999616,422,1,23.247286836390753,77.40155932106454,1
825,Waste,Pending,3,2,0.186789742321825,478,1,23.250932859964863,77.40262061749225,1
826,Waste,Pending,3,2,0.1607607162842411,478,1,23.24992871703541,77.40279136762159,1
827,Water Supply,Cancelled,4,0,0.08524216133844968,158,0,23.24676973636819,77.39887566394685,1
828,Drainage,Pending,0,2,0.2946145335585979,223,1,23.252329478708916,77.39958155625251,2
829,Streetlight,Completed,2,1,0.09053170949591964,319,0,23.248530816846404,77.39663312361556,0
830,Waste,Pending,3,2,0.2706134838819197,478,1,23.24837949512597,77.39838825986702,1
831,Waste,Pending,3,2,0.30250676474577015,478,1,23.250401138394466,77.4019297032662,1
832,Waste,Completed,3,1,0.09732872474191054,478,0,23.252297274698854,77.4032311656471,0
833,Streetlight,Completed,2,1,0.11350772674794919,319,0,23.247968356362044,77.39753130225624,0
834,Water Supply,Completed,4,1,0.31958664344835996,158,0,23.250123359699696,77.3988150714817,1
835,Pothole,Pending,1,2,0.3131020158966137,422,1,23.25085763300066,77.39994718848608,2
836,Waste,Completed,3,1,0.1853545708795949,478,0,23.251386211214527,77.40056032231765,0
837,Pothole,Pending,1,2,0.361770178747206,422,1,23.250352883110555,77.39838079296017,2
838,Pothole,Pending,1,2,0.3326997217304949,422,1,23.24926594432183,77.40084812208893,2
839,Pothole,Completed,1,1,0.2624471019865955,422,0,23.248344819558703,77.39905232130586,1
840,Streetlight,Pending,2,2,0.21239161117417057,319,1,23.25017228776609,77.39997109545826,1
841,Streetlight,Pending,2,2,0.2462976188412558,319,1,23.24785572197603,77.40109256849601,1
842,Waste,Completed,3,1,0.07246208297125985,478,0,23.24415729903301,77.40001284453963,0
843,Waste,Completed,3,1,0.3276355252690891,478,0,23.250873119608315,77.39912722821896,0
844,Water Supply,Completed,4,1,0.34622400693371674,158,0,23.25180786968217,77.39978078039215,1
845,Waste,Pending,3,2,0.06400375844842432,478,1,23.245274135128916,77.3998232740816,1
846,Waste,Pending,3,2,0.2305529498646516,478,1,23.24798053859058,77.39925997794025,1
847,Waste,Pending,3,2,0.2240888771566544,478,1,23.25123830852201,77.39948240787467,1
848,Waste,Cancelled,3,0,0.06608077632302946,478,0,23.254114990939424,77.40319729434101,0
849,Pothole,Completed,1,1,0.30602422107811555,422,0,23.25004158741535,77.40112183889589,1
850,Drainage,Completed,0,1,0.259599915240739,223,0,23.24854399411754,77.39940903936395,1
851,Pothole,Pending,1,2,0.40930439525432466,422,1,23.24963420711779,77.40139390880903,2
852,Pothole,Completed,1,1,0.22486486289044133,422,0,23.252749752838294,77.3993323610205,0
853,Streetlight,Pending,2,2,0.10593546928138813,319,1,23.24870807164175,77.40234624927518,1
854,Pothole,Completed,1,1,0.219878215674952,422,0,23.2484016159867,77.4007392843844,1
855,Drainage,Cancelled,0,0,0.7550094849725664,223,0,23.249034512955635,77.399785395712,1
856,Drainage,Cancelled,0,0,0.27234097910404803,223,0,23.248093342783484,77.40089543385163,1
857,Waste,Pending,3,2,0.19032700569387942,478,1,23.250245340631988,77.39685824769587,1
858,Drainage,Pending,0,2,0.10780891252496154,223,1,23.25324935691694,77.39774646506218,1
859,Pothole,Cancelled,1,0,0.18277685185200251,422,0,23.250646158546232,77.39761214998721,1
860,Water Supply,Completed,4,1,0.41433926298988616,158,0,23.249495292995743,77.40028588618954,1
861,Pothole,Pending,1,2,0.12960722752631051,422,1,23.24941637746217,77.40346502999897,1
862,Water Supply,Completed,4,1,0.060749243653520246,158,0,23.246873618382608,77.40446260029239,1
863,Drainage,Pending,0,2,0.17548001461386592,223,1,23.251766219554295,77.40127610220289,2
864,Waste,Pending,3,2,0.36035527023357045,478,1,23.249844325605977,77.40100168894989,1
865,Pothole,Completed,1,1,0.2179936772669628,422,0,23.24963904017282,77.3963978845317,0
866,Water Supply,Completed,4,1,0.026602871942220115,158,0,23.25638621513569,77.39891465240053,1
867,Drainage,Pending,0,2,0.338106610624334,223,1,23.25059750581673,77.39842443249618,2
868,Waste,Pending,3,2,0.4770007478185713,478,1,23.24849641789981,77.39875830480351,1
869,Streetlight,Completed,2,1,0.5410902526779711,319,0,23.249147284807588,77.39966371236284,0
870,Pothole,Completed,1,1,0.1607848944794886,422,0,23.252296891418393,77.39905581884462,0
871,Waste,Completed,3,1,0.16779066496695624,478,0,23.250226540821075,77.39604140037926,0
872,Pothole,Pending,1,2,0.16274912406067998,422,1,23.247123444043364,77.40149582051224,1
873,Waste,Cancelled,3,0,0.1982543055345734,478,0,23.25183845786915,77.39785451394853,0
874,Drainage,Cancelled,0,0,0.23937292100551064,223,0,23.24866371182892,77.40047849372823,1
875,Pothole,Pending,1,2,0.043940678818945776,422,1,23.253746595552435,77.4041481653395,1
876,Drainage,Pending,0,2,0.15933699117306263,223,1,23.25216009613143,77.39816123081684,2
877,Waste,Completed,3,1,0.05034067067326143,478,0,23.249105356208684,77.39493942495452,0
878,Pothole,Completed,1,1,0.26276687066245447,422,0,23.25256203272347,77.39942799155625,0
879,Waste,Cancelled,3,0,0.2989503023620921,478,0,23.250135711021056,77.40220191927,0
880,Waste,Completed,3,1,0.08168353947565632,478,0,23.251705547350245,77.40391669490845,0
881,Waste,Completed,3,1,0.2889635778617029,478,0,23.25096946563459,77.3975409008111,0
882,Waste,Pending,3,2,0.21060899390666218,478,1,23.248307286690014,77.40099339844647,1
883,Streetlight,Pending,2,2,0.2803862209665252,319,1,23.248712900335367,77.39906937908644,1
884,Waste,Pending,3,2,0.3428416381519692,478,1,23.25205992163516,77.3997881032914,1
885,Pothole,Completed,1,1,0.04090999372756687,422,0,23.249330449335787,77.40528868669404,0
886,Pothole,Completed,1,1,0.19777201007860937,422,0,23.249192703073515,77.39699405934321,0
887,Drainage,Pending,0,2,0.24332982930688382,223,1,23.248089754841303,77.400507479323,1
888,Water Supply,Completed,4,1,0.12880453183973486,158,0,23.250847198131183,77.40093538634353,1
889,Pothole,Pending,1,2,0.09415974307115949,422,1,23.254125049838485,77.40217157264989,1
890,Pothole,Completed,1,1,0.2637210737136794,422,0,23.247864934171492,77.40019596630695,1
891,Waste,Pending,3,2,0.3746384311648731,478,1,23.250048438913343,77.40061610107901,1
892,Water Supply,Completed,4,1,0.1857721130713398,158,0,23.252824441110832,77.39921670286516,1
893,Waste,Completed,3,1,0.4099743622407646,478,0,23.24984071721751,77.4005382538825,0
894,Waste,Completed,3,1,0.35126085169209,478,0,23.2509047435925,77.39931361544902,0
895,Waste,Cancelled,3,0,0.19798389226135585,478,0,23.247875212943708,77.40124314377972,0
896,Pothole,Pending,1,2,0.4015791153789804,422,1,23.250856614194415,77.39926077932792,2
897,Waste,Pending,3,2,0.359886521718451,478,1,23.249625711469992,77.40075420078782,1
898,Drainage,Pending,0,2,0.5722894600391226,223,1,23.25197145999136,77.39994147437264,2
899,Waste,Pending,3,2,0.13965424180675948,478,1,23.252374772103128,77.40225210050156,1
900,Streetlight,Completed,2,1,0.033605265640574956,319,0,23.25517912728404,77.39989721255283,0
901,Waste,Completed,3,1,0.1030477980653294,478,0,23.251159266346427,77.39645393506359,0
902,Waste,Completed,3,1,0.1882207985664534,478,0,23.250651592633165,77.40252384300143,0
903,Water Supply,Pending,4,2,0.28724043897729923,158,1,23.250388768603155,77.39818853539828,2
904,Waste,Completed,3,1,0.19331012902856656,478,0,23.249293667414378,77.3986924673227,0
905,Drainage,Pending,0,2,0.40903434385407633,223,1,23.250676967686925,77.39880867741192,2
906,Pothole,Completed,1,1,0.1108510743546635,422,0,23.249409197179723,77.40274887618635,0
907,Waste,Pending,3,2,0.13170608408218937,478,1,23.250336921952535,77.39572865157204,1
908,Water Supply,Pending,4,2,0.025816432895647917,158,1,23.252635195071218,77.40627549706733,2
909,Waste,Pending,3,2,0.1981762912960565,478,1,23.24798691486944,77.40211211361813,1
910,Drainage,Cancelled,0,0,0.3236083485950505,223,0,23.25227975712226,77.40044647782827,1
911,Waste,Pending,3,2,0.18231943229007586,478,1,23.25263423013468,77.39989021199877,1
912,Drainage,Pending,0,2,0.4889046552052803,223,1,23.24976386294602,77.40057110814972,2
913,Waste,Completed,3,1,0.08692453062259851,478,0,23.24575629020198,77.40104224485677,0
914,Pothole,Pending,1,2,0.2702222985248781,422,1,23.248784356025812,77.4012904311719,2
915,Drainage,Pending,0,2,0.18006393520827088,223,1,23.25259398909312,77.40111120893201,2
916,Water Supply,Completed,4,1,0.20446524124152676,158,0,23.2499542638754,77.40017916136252,1
917,Water Supply,Pending,4,2,0.2645402627315093,158,1,23.24800139553541,77.39960532315939,2
918,Drainage,Cancelled,0,0,0.5927898238827902,223,0,23.248990450157542,77.3996974534327,1
919,Drainage,Completed,0,1,0.24029545943182612,223,0,23.25168124005301,77.39961018343931,1
920,Waste,Pending,3,2,0.21951381897745156,478,1,23.251093467136403,77.40226754019373,1
921,Waste,Cancelled,3,0,0.3642116015137925,478,0,23.249522135801666,77.40118711344456,0
922,Waste,Pending,3,2,0.04568018667476492,478,1,23.24926635117637,77.39411922273068,1
923,Pothole,Pending,1,2,0.32687924757376957,422,1,23.24921648370191,77.40131180155306,2
924,Pothole,Pending,1,2,0.21890045629588373,422,1,23.248155179631,77.40038947238945,2
925,Pothole,Completed,1,1,0.11348015286842617,422,0,23.25323075137894,77.39996258248712,0
926,Waste,Pending,3,2,0.2674448297195237,478,1,23.24935535906158,77.39922296309383,1
927,Streetlight,Cancelled,2,0,0.13654244579525615,319,0,23.25243431704165,77.40224822543998,0
928,Waste,Completed,3,1,0.1637599393491069,478,0,23.253042632103845,77.40189505292425,0
929,Pothole,Pending,1,2,0.14248798789994988,422,1,23.251996621796295,77.39845424466436,1
930,Pothole,Completed,1,1,0.24541219883539386,422,0,23.249136759374565,77.40081410457425,1
931,Drainage,Completed,0,1,0.23368682024512494,223,0,23.25080746018067,77.39805668653092,1
932,Streetlight,Cancelled,2,0,0.14971807637844262,319,0,23.249951608787217,77.39724076367042,0
933,Streetlight,Completed,2,1,0.37900967526129,319,0,23.24819259627854,77.39874656555082,0
934,Waste,Pending,3,2,0.21702157466787486,478,1,23.250648718563443,77.40172478694477,1
935,Pothole,Completed,1,1,0.15634970994011083,422,0,23.24764192041768,77.40190625009076,0
936,Waste,Pending,3,2,0.26905585790357145,478,1,23.252375358776924,77.4010261708402,1
937,Pothole,Completed,1,1,0.37193404616980263,422,0,23.249070765405403,77.4014501915737,1
938,Pothole,Pending,1,2,0.20193370960151272,422,1,23.250402319311743,77.40103235657423,2
939,Waste,Pending,3,2,0.4022144298871291,478,1,23.250566575743093,77.39871703680956,1
940,Waste,Pending,3,2,0.3493234422046817,478,1,23.249482190052593,77.40086384508935,1
941,Water Supply,Pending,4,2,0.17548753408222437,158,1,23.25117338760295,77.40160081905046,2
942,Water Supply,Pending,4,2,0.35845401593078596,158,1,23.249050192686756,77.40150858265963,2
943,Pothole,Completed,1,1,0.24776697446599666,422,0,23.251742594594916,77.40237782674295,0
944,Waste,Pending,3,2,0.19650554092145595,478,1,23.247308040639503,77.4014166076944,1
945,Waste,Pending,3,2,0.38827623491763436,478,1,23.250252759159093,77.40070289641508,1
946,Pothole,Completed,1,1,0.1190272559359384,422,0,23.253877857998116,77.40214030047665,0
947,Water Supply,Cancelled,4,0,0.24913942820238846,158,0,23.247999337350787,77.3999469574815,1
948,Waste,Pending,3,2,0.1816803782430864,478,1,23.248644510058952,77.39823625069755,1
949,Drainage,Pending,0,2,0.3131721688854787,223,1,23.251027815699317,77.39967386607212,2
950,Waste,Pending,3,2,0.3061240754021644,478,1,23.25035916356388,77.3985101947104,1
951,Water Supply,Completed,4,1,0.5198312339623316,158,0,23.250701260198547,77.39864964345006,1
952,Pothole,Cancelled,1,0,0.32414263844218877,422,0,23.250978374260296,77.39971096265857,1
953,Drainage,Pending,0,2,0.21373977187820922,223,1,23.25126944293712,77.39841516015801,2
954,Pothole,Pending,1,2,0.22824886148271417,422,1,23.252219399683913,77.39938407694073,1
955,Streetlight,Cancelled,2,0,0.13320266200417907,319,0,23.250819637313857,77.3962127706661,0
956,Waste,Pending,3,2,0.6291263618250904,478,1,23.249517484690763,77.40042658741476,1
957,Waste,Completed,3,1,0.247003975614551,478,0,23.251345147402404,77.40000241095073,0
958,Water Supply,Completed,4,1,0.12868291823016814,158,0,23.25379976386979,77.39836582273787,1
959,Water Supply,Pending,4,2,0.4975307051061973,158,1,23.249734732507235,77.40131849133687,2
960,Drainage,Pending,0,2,0.2044900283134135,223,1,23.24805094139066,77.40187514027527,1
961,Streetlight,Pending,2,2,0.09937704611570565,319,1,23.252214161338575,77.39678488027127,1
962,Drainage,Completed,0,1,0.2691362168553946,223,0,23.249759237672095,77.39847455044287,1
963,Waste,Cancelled,3,0,0.05147097414911787,478,0,23.24565466090797,77.39846171530043,0
964,Pothole,Pending,1,2,0.20512765821970755,422,1,23.2516948433543,77.3981201937978,1
965,Pothole,Completed,1,1,0.23950994476964638,422,0,23.24892934362809,77.40165894968386,1
966,Streetlight,Pending,2,2,0.42638139829180416,319,1,23.249818933435392,77.39961234772247,1
967,Pothole,Completed,1,1,0.3055555197647726,422,0,23.25066396066114,77.39947097031738,1
968,Waste,Pending,3,2,0.17111788220054244,478,1,23.250380999359557,77.3959922752712,1
969,Streetlight,Cancelled,2,0,0.1502313526477869,319,0,23.25141890363428,77.40127083606042,0
970,Drainage,Completed,0,1,0.112790408091941,223,0,23.24912902725886,77.3975214832103,0
971,Pothole,Completed,1,1,0.35528749335564136,422,0,23.25102621159635,77.40011986526054,1
972,Waste,Completed,3,1,0.7109588984012531,478,0,23.24948090664483,77.40055475387592,0
973,Waste,Completed,3,1,0.2573170970803939,478,0,23.251477620961776,77.40272131719168,0
974,Waste,Cancelled,3,0,0.23832674328861636,478,0,23.251230734968026,77.39738235920177,0
975,Waste,Completed,3,1,0.029815990639716464,478,0,23.248129122595913,77.39396097568836,0
976,Streetlight,Cancelled,2,0,0.3383249519751743,319,0,23.25217196423235,77.40036769908951,0
977,Streetlight,Completed,2,1,0.12443850765426429,319,0,23.248928073109777,77.40360102236303,0
978,Streetlight,Pending,2,2,0.30810567184288895,319,1,23.25161611559656,77.40247789270589,1
979,Pothole,Completed,1,1,0.16994527899475675,422,0,23.250734574626804,77.40041931883056,1
980,Drainage,Pending,0,2,0.09948922360810696,223,1,23.25367636735359,77.39901672762875,1
981,Waste,Pending,3,2,0.2326526623826145,478,1,23.249553068035254,77.40161424519329,1
982,Pothole,Completed,1,1,0.1272237720634589,422,0,23.249301366407764,77.3980529076006,0
983,Drainage,Completed,0,1,0.36110596939694867,223,0,23.249961160788224,77.40095271553872,1
984,Waste,Pending,3,2,0.33297012025311085,478,1,23.24939364043433,77.40101094031834,1
985,Waste,Pending,3,2,0.22812322461725523,478,1,23.251599883803884,77.402120419815,1
986,Drainage,Pending,0,2,0.06814835452179195,223,1,23.24676737878313,77.40551932007783,1
987,Pothole,Cancelled,1,0,0.2262054928434452,422,0,23.24789263516171,77.40078483193436,1
988,Streetlight,Pending,2,2,0.24952596546467276,319,1,23.24786439415684,77.3989820727486,1
989,Waste,Pending,3,2,0.5506904341751566,478,1,23.251900615183946,77.39994885137563,1
990,Streetlight,Completed,2,1,0.07628688632727029,319,0,23.253421226745164,77.39646184819023,0
991,Pothole,Completed,1,1,0.2990713540557425,422,0,23.249791101562924,77.39861057373783,1
992,Waste,Pending,3,2,0.2692803575802547,478,1,23.24966235655362,77.39918143512378,1
993,Streetlight,Completed,2,1,0.2933364114892763,319,0,23.250140104326228,77.39895182320414,0
994,Waste,Pending,3,2,0.32177551590843717,478,1,23.252323756605215,77.40030470974408,1
995,Pothole,Cancelled,1,0,0.2336145026621851,422,0,23.248145293731618,77.39835516013524,1
996,Waste,Pending,3,2,0.2605332609429079,478,1,23.25047673796547,77.40224206133466,1
997,Waste,Pending,3,2,0.4859941115418599,478,1,23.251950395259566,77.40000041412985,1
998,Waste,Pending,3,2,0.38570303706090586,478,1,23.25100218833988,77.39998139935773,1
999,Waste,Pending,3,2,0.2252403368294118,478,1,23.2503791632332,77.39934421056698,1
1000,Water Supply,Completed,4,1,0.27091832943106037,158,0,23.252002092185133,77.40031038136772,1
1001,Waste,Pending,3,2,0.05018088120581296,478,1,23.244593535414,77.40165019652935,1
1002,Pothole,Pending,1,2,0.21913997594818732,422,1,23.25135575063906,77.39826573956859,1
1003,Waste,Pending,3,2,0.26878772265811934,478,1,23.248691848633744,77.39868376702185,1
1004,Pothole,Pending,1,2,0.08446642030884664,422,1,23.246338734206287,77.39939254794245,1
1005,Water Supply,Pending,4,2,0.2245178702303977,158,1,23.25102240519905,77.39730825815306,2
1006,Waste,Completed,3,1,0.09681872879169003,478,0,23.252747317090325,77.39836148428056,0
1007,Water Supply,Completed,4,1,0.24186836709633194,158,0,23.249725102970743,77.39904755825292,1
1008,Waste,Cancelled,3,0,0.14478159648286568,478,0,23.251905749094405,77.40174877836144,0
1009,Streetlight,Completed,2,1,0.13018837699210736,319,0,23.253224556515978,77.40052512265801,0
1010,Pothole,Completed,1,1,0.196149148290061,422,0,23.252629828907168,77.40038717982274,0
1011,Drainage,Pending,0,2,0.13624916333759668,223,1,23.253279929058746,77.40170179592434,1
1012,Streetlight,Completed,2,1,0.25064608723486187,319,0,23.251484254982145,77.39972525642321,0
1013,Pothole,Completed,1,1,0.39692961098307994,422,0,23.250150867277803,77.40078092969986,1
1014,Waste,Completed,3,1,0.12093143760468711,478,0,23.24679606837621,77.39979355649415,0
1015,Waste,Pending,3,2,0.7867350870783666,478,1,23.249507875023745,77.40053072469881,1
1016,Water Supply,Pending,4,2,0.3937977961335827,158,1,23.248313506809367,77.39883448268478,2
1017,Pothole,Completed,1,1,0.038441631116005154,422,0,23.254341885434997,77.39512236568345,0
1018,Pothole,Completed,1,1,0.2990820262643325,422,0,23.249648228375136,77.39973144167563,1
1019,Drainage,Cancelled,0,0,0.1459412455080736,223,0,23.25024640961357,77.4028454962722,1
1020,Pothole,Pending,1,2,0.19777288650268648,422,1,23.251102970752083,77.4018524308045,1
1021,Water Supply,Pending,4,2,0.2966029359687946,158,1,23.250087204892743,77.40193079496919,2
1022,Streetlight,Pending,2,2,0.11624901844660612,319,1,23.25339010208086,77.40247226144362,1
1023,Streetlight,Completed,2,1,0.31278690608371634,319,0,23.248754701276532,77.40017731518194,0
1024,Drainage,Pending,0,2,0.22405277620130493,223,1,23.250389214910474,77.40039463141481,2
1025,Waste,Pending,3,2,0.4645901132576373,478,1,23.248515058828605,77.39876469620914,1
1026,Waste,Cancelled,3,0,0.14911161630706557,478,0,23.24735995497756,77.39936785428795,0
1027,Pothole,Pending,1,2,0.24023702174950143,422,1,23.24877646181819,77.40123154229954,2
1028,Waste,Completed,3,1,0.18985824095607248,478,0,23.249925926405904,77.40240776887434,0
1029,Streetlight,Pending,2,2,0.6450638051173392,319,1,23.249141395550964,77.39972110744864,1
1030,Water Supply,Completed,4,1,0.29648205217520057,158,0,23.248615158040252,77.3990996214703,1
1031,Pothole,Completed,1,1,0.16183739764038024,422,0,23.247187365072655,77.40000105591771,0
1032,Pothole,Cancelled,1,0,0.4182532157022683,422,0,23.249833788854744,77.40120241349787,1
1033,Water Supply,Cancelled,4,0,0.07818986729842142,158,0,23.246990559251937,77.39711229036774,1
1034,Pothole,Pending,1,2,0.05985867102518007,422,1,23.25152011192738,77.39540763809373,1
1035,Pothole,Pending,1,2,0.306105154766169,422,1,23.25016487950587,77.39889892630102,2
1036,Pothole,Pending,1,2,0.10157893618418151,422,1,23.24708489700107,77.39755857514818,1
1037,Water Supply,Completed,4,1,0.24529314200069632,158,0,23.2493815818459,77.39898371960471,1
1038,Streetlight,Completed,2,1,0.27456398546900235,319,0,23.248495687188814,77.39970443936237,0
1039,Drainage,Pending,0,2,0.27857857278091563,223,1,23.25063834902084,77.39909350318196,2
1040,Drainage,Completed,0,1,0.12514957409162134,223,0,23.252680900892045,77.40290493506895,0
1041,Pothole,Pending,1,2,0.12392122265671518,422,1,23.24624965506071,77.4006534895292,1
1042,Pothole,Completed,1,1,0.4138207314459596,422,0,23.250230052158297,77.40060094871923,1
1043,Drainage,Cancelled,0,0,0.53646781161606,223,0,23.24967973440887,77.40124441428809,1
1044,Pothole,Pending,1,2,0.22530274178809248,422,1,23.251342680152906,77.39772233376445,1
1045,Drainage,Pending,0,2,0.3430331957808283,223,1,23.250426393256475,77.40207822357485,2
1046,Water Supply,Pending,4,2,0.22791023976421246,158,1,23.24849606133652,77.39984847142694,2
1047,Streetlight,Completed,2,1,0.3192537140000866,319,0,23.249361892128668,77.40134096123448,0
1048,Streetlight,Completed,2,1,0.1636926712996688,319,0,23.248407948286392,77.39785628553392,0
1049,Drainage,Pending,0,2,0.10599284138656852,223,1,23.252152014277197,77.39689248246798,1
1050,Drainage,Pending,0,2,0.2002034837287411,223,1,23.250042623297343,77.40163577931605,2
1051,Pothole,Pending,1,2,0.12618555888884966,422,1,23.240752819052194,77.42211987276809,1
1052,Waste,Pending,3,2,0.30654335207822336,478,1,23.238195896891284,77.42123401189916,1
1053,Pothole,Completed,1,1,0.2720917530063674,422,0,23.23826067383745,77.4213671386464,0
1054,Streetlight,Pending,2,2,0.18484068474539062,319,1,23.242250869568828,77.4172680885776,1
1055,Pothole,Completed,1,1,0.13174964290991092,422,0,23.237621176214265,77.42242388797078,0
1056,Streetlight,Completed,2,1,0.15929242237567529,319,0,23.24328534590651,77.42052250106246,0
1057,Pothole,Pending,1,2,0.23427719368706656,422,1,23.238198758530704,77.4192614457215,1
1058,Streetlight,Pending,2,2,0.22670227221450912,319,1,23.241276783851216,77.42028677693469,1
1059,Waste,Completed,3,1,0.07762597841145824,478,0,23.2393427630485,77.41644752953421,0
1060,Streetlight,Cancelled,2,0,0.4247266540189275,319,0,23.241206374862163,77.42081730562296,0
1061,Pothole,Pending,1,2,0.18703467595480952,422,1,23.23891177199577,77.41794125698364,1
1062,Waste,Pending,3,2,0.1806505953542479,478,1,23.239674414187853,77.41729465942831,1
1063,Waste,Pending,3,2,0.1622073211294675,478,1,23.24008183835079,77.41695528162757,1
1064,Streetlight,Completed,2,1,0.14625061685890428,319,0,23.23799562508843,77.42222537674998,0
1065,Pothole,Pending,1,2,0.26133402305829967,422,1,23.24148164869084,77.41874147321262,1
1066,Waste,Pending,3,2,0.14996722850005242,478,1,23.238973572867057,77.42306745541984,1
1067,Water Supply,Completed,4,1,0.18377210343594877,158,0,23.23954280016932,77.4189283970739,1
1068,Streetlight,Completed,2,1,0.0836450060321434,319,0,23.238011301250783,77.41658528408482,0
1069,Water Supply,Pending,4,2,0.04551314419806887,158,1,23.234875332682407,77.4177669511201,2
1070,Pothole,Completed,1,1,0.19727684967024578,422,0,23.2396179444748,77.42247162324001,0
1071,Pothole,Completed,1,1,0.04839106154937366,422,0,23.244825230843222,77.41968820364413,0
1072,Drainage,Pending,0,2,0.21323932124975337,223,1,23.241569208575793,77.41890342540702,1
1073,Pothole,Pending,1,2,0.2265248563968501,422,1,23.23996147924053,77.42032003645171,2
1074,Streetlight,Completed,2,1,0.38969295721784947,319,0,23.23947421834158,77.42100356547233,0
1075,Waste,Pending,3,2,0.14725670818547865,478,1,23.240044931785626,77.4222347976318,1
1076,Pothole,Completed,1,1,0.2034106246199333,422,0,23.24109423823035,77.42289699845979,0
1077,Waste,Cancelled,3,0,0.22854876493126738,478,0,23.237638374369386,77.41928046270843,0
1078,Waste,Pending,3,2,0.1834549967671722,478,1,23.242228643389335,77.41734790462783,1
1079,Waste,Pending,3,2,0.16513369869317143,478,1,23.24143076263088,77.41917306967775,1
1080,Waste,Pending,3,2,0.35566336237744695,478,1,23.241436371451417,77.42052056101316,1
1081,Water Supply,Completed,4,1,0.213317644082431,158,0,23.240876951477617,77.41807248214758,1
1082,Waste,Cancelled,3,0,0.2727874693189996,478,0,23.240039233315382,77.41808569817022,0
1083,Streetlight,Completed,2,1,0.4617996098907333,319,0,23.241345722471937,77.4206875757631,0
1084,Drainage,Pending,0,2,0.29266169200446923,223,1,23.24118362826748,77.41990269529686,1
1085,Streetlight,Completed,2,1,0.26436185805975904,319,0,23.23929191857812,77.42006559399083,0
1086,Waste,Pending,3,2,0.2637092644779746,478,1,23.238852796454204,77.4184830093306,1
1087,Streetlight,Completed,2,1,0.5721639091282908,319,0,23.24020371259052,77.41953919857158,0
1088,Streetlight,Pending,2,2,0.11840763252738544,319,1,23.24309804030299,77.41815153371147,1
1089,Streetlight,Pending,2,2,0.18571225258437615,319,1,23.237521785848692,77.42178039682226,1
1090,Drainage,Completed,0,1,0.10645087223779728,223,0,23.237064949468493,77.42207049866946,0
1091,Water Supply,Completed,4,1,0.08960502373134246,158,0,23.240329521682472,77.41630762427553,1
1092,Streetlight,Pending,2,2,0.29874516442833443,319,1,23.240101775403712,77.41814097827962,1
1093,Pothole,Pending,1,2,0.1614822499063848,422,1,23.240346683328735,77.41700694148982,1
1094,Streetlight,Completed,2,1,0.17337488186298203,319,0,23.240487906395817,77.41869995213119,0
1095,Waste,Completed,3,1,0.32416556455432866,478,0,23.23955359549073,77.41983312406042,0
1096,Drainage,Pending,0,2,0.09835374426526741,223,1,23.2429797268772,77.4171007095606,1
1097,Waste,Pending,3,2,0.07839051110259258,478,1,23.236798192043047,77.41815628037375,1
1098,Pothole,Pending,1,2,0.16205265405368,422,1,23.238343005950437,77.41799208525583,1
1099,Drainage,Cancelled,0,0,0.22468526402474073,223,0,23.239793490479705,77.4204145346588,1
1100,Streetlight,Completed,2,1,0.1478452413808624,319,0,23.23671362237769,77.42013868867407,0
1101,Pothole,Completed,1,1,0.22879526448195692,422,0,23.239648291191138,77.41855652489333,0
1102,Pothole,Completed,1,1,0.20241641557961124,422,0,23.243322940331453,77.42035364174428,0
1103,Drainage,Pending,0,2,0.24460936983267106,223,1,23.24004177297659,77.41890663983082,1
1104,Pothole,Completed,1,1,0.22067719111887188,422,0,23.240461401811437,77.41945668977935,1
1105,Drainage,Pending,0,2,0.09806648595414667,223,1,23.237479670469657,77.4233469041806,1
1106,Waste,Pending,3,2,0.1956890608502992,478,1,23.23876727718392,77.42268092210358,1
1107,Drainage,Pending,0,2,0.19886368910041843,223,1,23.23924960723935,77.41740083752615,1
1108,Drainage,Pending,0,2,0.3378129887737042,223,1,23.239364569806487,77.42165946483576,1
1109,Waste,Cancelled,3,0,0.16858590208695726,478,0,23.24256328759001,77.42162279310898,0
1110,Pothole,Pending,1,2,0.33416498498629593,422,1,23.24111538212145,77.41770347342249,1
1111,Waste,Completed,3,1,0.22446229972199647,478,0,23.23777708408613,77.42163755528752,0
1112,Streetlight,Completed,2,1,0.11276239884680737,319,0,23.24049300955686,77.42307586383683,0
1113,Pothole,Pending,1,2,0.3470721989305765,422,1,23.240996443496993,77.41775491038752,1
1114,Streetlight,Pending,2,2,0.10398232742582215,319,1,23.24228029807704,77.41816499435798,1
1115,Waste,Pending,3,2,0.14513815334800312,478,1,23.243161081373135,77.4220353229337,1
1116,Waste,Completed,3,1,0.1647389273699927,478,0,23.237969811616345,77.42054299062166,0
1117,Waste,Pending,3,2,0.22578776844163503,478,1,23.23837828497758,77.42110295255048,1
1118,Pothole,Pending,1,2,0.16839378236564093,422,1,23.237484844282168,77.4206811784328,1
1119,Streetlight,Completed,2,1,0.32257038106646546,319,0,23.239531960281784,77.42078139184186,0
1120,Drainage,Completed,0,1,0.3050902299353528,223,0,23.24093271674889,77.41734705574338,0
1121,Streetlight,Pending,2,2,0.1918530473293221,319,1,23.241974669033176,77.42209463541325,1
1122,Pothole,Completed,1,1,0.1807373657514326,422,0,23.239848097952713,77.42233917998486,0
1123,Water Supply,Completed,4,1,0.22607393252351482,158,0,23.23936030495349,77.41954121851187,1
1124,Streetlight,Completed,2,1,0.3274744072945979,319,0,23.240303515984497,77.41991304610038,0
1125,Water Supply,Completed,4,1,0.09709481130516329,158,0,23.238329714196738,77.41693778499489,1
1126,Pothole,Pending,1,2,0.08044081458099762,422,1,23.244179077443388,77.42102850951204,1
1127,Waste,Completed,3,1,0.1111749835195505,478,0,23.236784677945764,77.42114411488343,0
1128,Waste,Completed,3,1,0.30453326339294795,478,0,23.24036948115779,77.419875617966,0
1129,Streetlight,Completed,2,1,0.08587516168750531,319,0,23.244047212438456,77.42224870671974,0
1130,Waste,Completed,3,1,0.4728771957228395,478,0,23.240013599689117,77.41933184553804,0
1131,Pothole,Completed,1,1,0.3205871587525049,422,0,23.239619921929997,77.42112921185179,0
1132,Pothole,Pending,1,2,0.2117131033356588,422,1,23.239285109154377,77.41796067132262,1
1133,Streetlight,Completed,2,1,0.37191393307982773,319,0,23.239639216636473,77.41995289569826,0
1134,Streetlight,Completed,2,1,0.16827605638730306,319,0,23.242745696949353,77.4196512914842,0
1135,Waste,Completed,3,1,0.06128022845480828,478,0,23.23557627617734,77.42045061584409,0
1136,Pothole,Pending,1,2,0.16886038454302305,422,1,23.24306686740259,77.41926094614233,1
1137,Streetlight,Cancelled,2,0,0.19533463400931844,319,0,23.237152085695097,77.41973705480866,0
1138,Water Supply,Completed,4,1,0.35015745548578137,158,0,23.23946669534153,77.42165209434289,1
1139,Streetlight,Pending,2,2,0.30335840780388734,319,1,23.239141511159403,77.41912647152553,1
1140,Water Supply,Completed,4,1,0.12886727270386558,158,0,23.24117710653954,77.41678684579853,1
1141,Drainage,Completed,0,1,0.09901167027028611,223,0,23.236803751296232,77.42349916780842,0
1142,Streetlight,Completed,2,1,0.19853467920628992,319,0,23.24092434533216,77.42276290815738,0
1143,Waste,Pending,3,2,0.07654473105753908,478,1,23.244048619246573,77.4174154746098,1
1144,Streetlight,Completed,2,1,0.14505448389855838,319,0,23.23727365199081,77.42137941561049,0
1145,Streetlight,Pending,2,2,0.19506786184266225,319,1,23.24037941233522,77.4189940504589,1
1146,Streetlight,Completed,2,1,0.25285986231522667,319,0,23.238676035644406,77.42052697443066,0
1147,Pothole,Completed,1,1,0.35953291832653494,422,0,23.240851774412384,77.42058844825803,1
1148,Pothole,Completed,1,1,0.5606769746590814,422,0,23.24003829555483,77.41953118439937,1
1149,Pothole,Completed,1,1,0.24967042370516312,422,0,23.23871702618191,77.41843246866883,0
1150,Pothole,Completed,1,1,0.2402571799944148,422,0,23.24097574456974,77.41861891789537,0
1151,Waste,Pending,3,2,0.13949087637778496,478,1,23.24360869621957,77.41816761616904,1
1152,Drainage,Completed,0,1,0.23447708439807646,223,0,23.239618192416543,77.41833635558353,0
1153,Waste,Pending,3,2,0.23143459795442434,478,1,23.241439515884295,77.4198656434199,1
1154,Waste,Pending,3,2,0.11167653251079555,478,1,23.237413454084255,77.41856848002178,1
1155,Pothole,Pending,1,2,0.26533887038460224,422,1,23.238087127246363,77.42136410413143,1
1156,Streetlight,Completed,2,1,0.19822524910255682,319,0,23.24094481255576,77.42297449231067,0
1157,Pothole,Pending,1,2,0.15888858922998422,422,1,23.24296823205707,77.41883989351726,1
1158,Waste,Pending,3,2,0.3186127927565893,478,1,23.24071122669757,77.42047880900107,1
1159,Streetlight,Pending,2,2,0.33839971297758586,319,1,23.239373883938953,77.42099937022061,1
1160,Pothole,Pending,1,2,0.20724619990064824,422,1,23.239998582810845,77.42094400454184,2
1161,Water Supply,Completed,4,1,0.15601514985125473,158,0,23.23749918453206,77.42015191053584,1
1162,Water Supply,Completed,4,1,0.14379672609705552,158,0,23.24120903065271,77.42148536483673,1
1163,Pothole,Pending,1,2,0.17470559098345803,422,1,23.241764666124645,77.42096449790536,1
1164,Pothole,Completed,1,1,0.2126813220735695,422,0,23.23909581933433,77.41752467515535,0
1165,Streetlight,Completed,2,1,0.2829346442543609,319,0,23.23905991570448,77.42173831212878,0
1166,Waste,Completed,3,1,0.1357718623238689,478,0,23.2405317564593,77.42177458167454,0
1167,Pothole,Pending,1,2,0.19795740566519604,422,1,23.23912656052792,77.41847342779164,1
1168,Pothole,Completed,1,1,0.2740911225441676,422,0,23.239867734770748,77.4200758756709,1
1169,Water Supply,Pending,4,2,0.07846699327491442,158,1,23.24419944357833,77.42136665798563,2
1170,Waste,Pending,3,2,0.24357552666159135,478,1,23.239505948598502,77.41958137236084,1
1171,Streetlight,Pending,2,2,0.3016956863568014,319,1,23.239283319695957,77.42214595609553,1
1172,Streetlight,Completed,2,1,0.06725281815941096,319,0,23.238704916388727,77.42472774498924,0
1173,Pothole,Pending,1,2,0.2418131222858021,422,1,23.241488383942997,77.41842802793474,1
1174,Waste,Pending,3,2,0.1842154593873663,478,1,23.23963755165356,77.41723791079369,1
1175,Water Supply,Pending,4,2,0.24533372357215666,158,1,23.238701253923356,77.42060763719121,2
1176,Pothole,Completed,1,1,0.18485610634487387,422,0,23.242642608064543,77.42144312501026,0
1177,Streetlight,Completed,2,1,0.1757824436402776,319,0,23.242839206009027,77.4195382672523,0
1178,Waste,Pending,3,2,0.17963612663029963,478,1,23.23879915286852,77.42290652132664,1
1179,Pothole,Completed,1,1,0.050113591802682815,422,0,23.23626692009728,77.41732278840055,0
1180,Pothole,Completed,1,1,0.14698608740188362,422,0,23.242015027379672,77.42138583724606,0
1181,Waste,Completed,3,1,0.172254060203413,478,0,23.23863074034848,77.41878827835848,0
1182,Waste,Pending,3,2,0.12311883165854454,478,1,23.241581251198323,77.42343875581241,1
1183,Drainage,Completed,0,1,0.06848835021726885,223,0,23.236059792364575,77.42398503070633,0
1184,Waste,Pending,3,2,0.17970646003033083,478,1,23.2417851946766,77.41846668682443,1
1185,Waste,Completed,3,1,0.14861400954581852,478,0,23.237577656141436,77.41890088572818,0
1186,Pothole,Pending,1,2,0.23310019595673814,422,1,23.24146152823813,77.42171917577396,1
1187,Drainage,Pending,0,2,0.346739463959604,223,1,23.240028546135672,77.41922573870042,1
1188,Waste,Pending,3,2,0.14947021021709733,478,1,23.238092121161205,77.41990917756414,1
1189,Streetlight,Completed,2,1,0.2467007237441796,319,0,23.239185927374145,77.42005077684108,0
1190,Waste,Pending,3,2,0.0789742078602375,478,1,23.241372636913912,77.41616065368761,1
1191,Waste,Completed,3,1,0.29131554459726333,478,0,23.24021178890623,77.41997232450781,0
1192,Waste,Pending,3,2,0.2963015882321445,478,1,23.241168825960944,77.41862054445187,1
1193,Drainage,Completed,0,1,0.08797340853191071,223,0,23.24395288116903,77.4190137543552,0
1194,Waste,Completed,3,1,0.09204971326642299,478,0,23.236871516776574,77.42288726400695,0
1195,Waste,Pending,3,2,0.10562378344254918,478,1,23.243234425149936,77.41748698621144,1
1196,Pothole,Completed,1,1,0.13085036379978585,422,0,23.240208711875045,77.42162641037349,0
1197,Drainage,Completed,0,1,0.2692171124600672,223,0,23.238202431903353,77.41944207413934,0
1198,Waste,Pending,3,2,0.21232319221063176,478,1,23.23733937274852,77.41944047966301,1
1199,Pothole,Completed,1,1,0.2586122640032173,422,0,23.239621759218444,77.4215807437921,0
1200,Waste,Pending,3,2,0.1762850934885834,478,1,23.24184330022385,77.42068010258915,1
1201,Pothole,Completed,1,1,0.2694675309281654,422,0,23.239744901759245,77.42114122599445,0
1202,Streetlight,Completed,2,1,0.16237395534144647,319,0,23.243022309860493,77.42193636932107,0
1203,Streetlight,Pending,2,2,0.16744754930956976,319,1,23.237097648619898,77.41933738323364,1
1204,Pothole,Pending,1,2,0.22043429761112623,422,1,23.239975822104302,77.418775526531,1
1205,Pothole,Completed,1,1,0.09496335698755617,422,0,23.23749521311117,77.41782969894689,0
1206,Waste,Completed,3,1,0.20955891440008212,478,0,23.240727263765248,77.41834917894005,0
1207,Pothole,Cancelled,1,0,0.02749395627902917,422,0,23.241773774780192,77.42589818885062,0
1208,Waste,Pending,3,2,0.21656943131913103,478,1,23.239158476412637,77.42248935916147,1
1209,Drainage,Completed,0,1,0.04008092226727229,223,0,23.234791572286746,77.41729785126759,0
1210,Water Supply,Cancelled,4,0,0.16102891877657793,158,0,23.24039789629359,77.41735508408651,1
1211,Water Supply,Pending,4,2,0.2846005602468814,158,1,23.240873477103467,77.42096373212344,2
1212,Drainage,Pending,0,2,0.2156670226673047,223,1,23.24080858950992,77.42109452959475,1
1213,Streetlight,Completed,2,1,0.20752986040612328,319,0,23.24247156438364,77.42109776767063,0
1214,Streetlight,Completed,2,1,0.26884707178716555,319,0,23.2378578926407,77.4194900884129,0
1215,Waste,Completed,3,1,0.22757399439777407,478,0,23.2413604322109,77.41974909148,0
1216,Streetlight,Completed,2,1,0.1377245517376372,319,0,23.24238501502495,77.42065575904832,0
1217,Pothole,Pending,1,2,0.11761545312596529,422,1,23.236442824831983,77.42017178601259,1
1218,Pothole,Completed,1,1,0.07166773257613707,422,0,23.240639303651836,77.4155613992545,0
1219,Drainage,Pending,0,2,0.18179170076874726,223,1,23.238991640337986,77.41954040073885,1
1220,Waste,Pending,3,2,0.29743133822958456,478,1,23.239836954653796,77.41829718713149,1
1221,Pothole,Completed,1,1,0.28129484509410874,422,0,23.240695352967077,77.42035042283781,1
1222,Water Supply,Pending,4,2,0.05916030162508773,158,1,23.239025542871772,77.42597051800522,2
1223,Waste,Completed,3,1,0.23467398174660864,478,0,23.238648583841677,77.42073496333094,0
1224,Pothole,Completed,1,1,0.5178482697353994,422,0,23.240068304834978,77.41937294062765,1
1225,Water Supply,Completed,4,1,0.20272210103941418,158,0,23.23782550812227,77.42184360300395,1
1226,Streetlight,Pending,2,2,0.18457225207372605,319,1,23.237828349742227,77.42096537577441,1
1227,Pothole,Pending,1,2,0.3395822857170328,422,1,23.24135874656591,77.4208401889809,1
1228,Waste,Pending,3,2,0.18990339457416885,478,1,23.23770241192968,77.42121370118643,1
1229,Pothole,Cancelled,1,0,0.07189407648936236,422,0,23.241332625001817,77.42411308712965,0
1230,Drainage,Completed,0,1,0.30937343085422864,223,0,23.240925182585705,77.41773822312935,0
1231,Streetlight,Completed,2,1,0.10459443321377662,319,0,23.236548386542417,77.42094726415363,0
1232,Pothole,Pending,1,2,0.2214292326307964,422,1,23.238644870695328,77.41814723774004,1
1233,Waste,Cancelled,3,0,0.21237065479006192,478,0,23.24238821880609,77.42111102529269,0
1234,Waste,Pending,3,2,0.12605183722628518,478,1,23.23803766893772,77.41816262697704,1
1235,Water Supply,Pending,4,2,0.2903796164763039,158,1,23.23907119147538,77.41916526637279,2
1236,Pothole,Completed,1,1,0.2900858576325354,422,0,23.240924121786502,77.41940982017152,1
1237,Streetlight,Cancelled,2,0,0.27940496531788134,319,0,23.24156678101856,77.4219516334387,0
1238,Waste,Pending,3,2,0.30362012604819416,478,1,23.23949692222791,77.42183690888788,1
1239,Streetlight,Pending,2,2,0.16066701140570813,319,1,23.238804979610617,77.4175085652471,1
1240,Water Supply,Cancelled,4,0,0.1389071791861946,158,0,23.242844739723395,77.420109868222,1
1241,Streetlight,Pending,2,2,0.13494216073330187,319,1,23.243477799327593,77.4185808402905,1
1242,Waste,Pending,3,2,0.16439778037668842,478,1,23.241957716101563,77.41748299017866,1
1243,Streetlight,Completed,2,1,0.6523859583794804,319,0,23.24017063628513,77.41956596589915,0
1244,Drainage,Completed,0,1,0.19794825761308293,223,0,23.238383468556716,77.41938303442309,0
1245,Pothole,Completed,1,1,0.06755208321466019,422,0,23.238339111186885,77.4248534329727,0
1246,Drainage,Cancelled,0,0,0.34363820432707376,223,0,23.24104502821053,77.42086591965072,1
1247,Streetlight,Completed,2,1,0.2338738419014576,319,0,23.240836796441776,77.4172447649985,0
1248,Drainage,Pending,0,2,0.1448778778896651,223,1,23.242803197185893,77.41887045199167,1
1249,Streetlight,Cancelled,2,0,0.20759249640190766,319,0,23.24130090018507,77.42204276659086,0
1250,Waste,Pending,3,2,0.07074675428023608,478,1,23.23699383939648,77.42417688554575,1
1251,Pothole,Pending,1,2,0.12865677726508398,422,1,23.242103895235445,77.41682803337552,1
1252,Waste,Pending,3,2,0.06961127666523961,478,1,23.23800387874537,77.41624015122973,1
1253,Water Supply,Pending,4,2,0.07023477661914082,158,1,23.239232057456093,77.42374193035074,2
1254,Drainage,Pending,0,2,0.18469344630052828,223,1,23.2405004004125,77.42077922835475,1
1255,Streetlight,Pending,2,2,0.11166754135152905,319,1,23.243991334979565,77.41826341453626,1
1256,Pothole,Completed,1,1,0.026978482143707013,422,0,23.246219837112008,77.42106925817225,0
1257,Waste,Completed,3,1,0.061423927315877494,478,0,23.24121344611827,77.41472850452197,0
1258,Drainage,Pending,0,2,0.36730205753384354,223,1,23.239633606762556,77.42000675101319,1
1259,Pothole,Cancelled,1,0,0.37769010543104153,422,0,23.24106901129696,77.4206556423457,1
1260,Waste,Pending,3,2,0.24622925921819055,478,1,23.241775310851747,77.42184854027907,1
1261,Streetlight,Pending,2,2,0.20236289856754097,319,1,23.239358664748885,77.41797220809542,1
1262,Waste,Pending,3,2,0.1563887423737729,478,1,23.243590422711826,77.4201713743228,1
1263,Pothole,Pending,1,2,0.19506982938579803,422,1,23.24046014151838,77.41814915074788,1
1264,Pothole,Pending,1,2,0.32154217464284807,422,1,23.240995486178186,77.42051076751135,2
1265,Waste,Completed,3,1,0.19465686791323925,478,0,23.241331848504107,77.41820930735527,0
1266,Water Supply,Cancelled,4,0,0.2947077147257524,158,0,23.240843173221226,77.41918379832168,1
1267,Waste,Cancelled,3,0,0.1713696972125427,478,0,23.24167788100094,77.41800836921043,0
1268,Waste,Pending,3,2,0.1562934444499445,478,1,23.238765493626904,77.42130227248364,1
1269,Waste,Completed,3,1,0.20645988082768715,478,0,23.238883396492103,77.42171690223331,0
1270,Drainage,Pending,0,2,0.2427390640624327,223,1,23.237799691534057,77.41953075886009,1
1271,Pothole,Pending,1,2,0.23131634682239546,422,1,23.24087900246124,77.42007647598992,2
1272,Streetlight,Completed,2,1,0.12923061437307376,319,0,23.24155787300702,77.41710281717073,0
1273,Waste,Completed,3,1,0.29883091007915524,478,0,23.240915545732303,77.41940064670399,0
1274,Waste,Pending,3,2,0.14895697771574415,478,1,23.243348984866692,77.41989959076592,1
1275,Pothole,Completed,1,1,0.04357806577976752,422,0,23.23998880796234,77.42524158618207,0
1276,Drainage,Pending,0,2,0.21553050898232032,223,1,23.241337483311185,77.41777606594846,1
1277,Drainage,Completed,0,1,0.105012180561185,223,0,23.23781659824772,77.4229283544775,0
1278,Waste,Pending,3,2,0.3784082516996848,478,1,23.23922580059505,77.42199371754694,1
1279,Pothole,Cancelled,1,0,0.3978375256127192,422,0,23.24139107551513,77.42056127280898,1
1280,Water Supply,Pending,4,2,0.11005970227810305,158,1,23.241698204221485,77.4235172409684,2
1281,Pothole,Pending,1,2,0.2803671092013903,422,1,23.23941206610467,77.42074421094522,2
1282,Drainage,Pending,0,2,0.2346064532331985,223,1,23.239856801496284,77.42077831839134,1
1283,Waste,Pending,3,2,0.17011721318766648,478,1,23.23696425250664,77.41989375869397,1
1284,Water Supply,Pending,4,2,0.24777442806783287,158,1,23.239285941598386,77.42244713776483,2
1285,Drainage,Completed,0,1,0.22774002677527688,223,0,23.24178076632704,77.42219293846762,0
1286,Water Supply,Completed,4,1,0.270838376084943,158,0,23.241150410032212,77.41874864542501,1
1287,Streetlight,Cancelled,2,0,0.30058468975843566,319,0,23.24100133144276,77.4173615056108,0
1288,Pothole,Completed,1,1,0.6122274926717614,422,0,23.24009954737436,77.41959403872521,1
1289,Water Supply,Completed,4,1,0.2598017044812808,158,0,23.240014126317256,77.4183999228712,1
1290,Waste,Pending,3,2,0.15405369393379179,478,1,23.23867935772105,77.41987295085077,1
1291,Pothole,Completed,1,1,0.19883196140944057,422,0,23.241397656840405,77.42247487626938,0
1292,Streetlight,Pending,2,2,0.2503761355339497,319,1,23.24084194588878,77.41908539668982,1
1293,Drainage,Pending,0,2,0.2403432719350201,223,1,23.240984037695984,77.41991435323737,1
1294,Water Supply,Pending,4,2,0.20808772437750842,158,1,23.238947930314666,77.42011604546961,2
1295,Waste,Pending,3,2,0.05274688211263547,478,1,23.235693314160255,77.42169686176442,1
1296,Drainage,Pending,0,2,0.05731448410178177,223,1,23.242194305423507,77.41550622133204,1
1297,Streetlight,Cancelled,2,0,0.2286789246219948,319,0,23.239042325087983,77.41878659941047,0
1298,Waste,Pending,3,2,0.1765306374031637,478,1,23.238274448471913,77.42042256738456,1
1299,Pothole,Pending,1,2,0.2204834233015715,422,1,23.241386957823828,77.42240015791286,1
1300,Waste,Pending,3,2,0.3164235595811943,478,1,23.23921597472016,77.41901619510499,1
1301,Pothole,Pending,1,2,0.014829764460443168,422,1,23.255908333965337,77.39107341260238,1
1302,Water Supply,Pending,4,2,0.007573841425724199,158,1,23.289730941234176,77.41685264501037,2
1303,Streetlight,Pending,2,2,0.019924326117023865,319,1,23.263443557096796,77.39371622132299,1
1304,Streetlight,Completed,2,1,0.24931904328316837,319,0,23.24916972915815,77.3993185837869,0
1305,Water Supply,Completed,4,1,0.021284548203536476,158,0,23.243106679554284,77.39572258801941,1
1306,Pothole,Completed,1,1,0.028407512543162584,422,0,23.25093123205717,77.39357026679212,0
1307,Drainage,Completed,0,1,0.022997143298554193,223,0,23.25225199642557,77.43214265709364,0
1308,Pothole,Completed,1,1,0.011608147991645158,422,0,23.234022820663434,77.39974245405965,0
1309,Drainage,Pending,0,2,0.024273970681745385,223,1,23.252074451965605,77.43822742691187,1
1310,Waste,Pending,3,2,0.013380008290241161,478,1,23.257754311184353,77.44079559152071,0
1311,Water Supply,Completed,4,1,0.01751260952981142,158,0,23.27326426513433,77.41687562819622,1
1312,Waste,Pending,3,2,0.015059087771099308,478,1,23.269303769083297,77.39118006735994,0
1313,Pothole,Pending,1,2,0.034154463942867794,422,1,23.27242593931375,77.40507289460277,1
1314,Drainage,Completed,0,1,0.012908807499611258,223,0,23.230401820912608,77.43046393580089,0
1315,Pothole,Completed,1,1,0.03300535938974569,422,0,23.24296004397483,77.40464344372182,0
1316,Streetlight,Pending,2,2,0.03694571372723016,319,1,23.26960105730399,77.38782103309816,1
1317,Pothole,Pending,1,2,0.3703801652741603,422,1,23.258939362090786,77.41600709465568,1
1318,Streetlight,Cancelled,2,0,0.010337398079989967,319,0,23.230218808540094,77.43330725108976,0
1319,Waste,Completed,3,1,0.018058057072220086,478,0,23.278169678545908,77.4303555832286,0
1320,Waste,Completed,3,1,0.024076316334877237,478,0,23.27626857439742,77.39310738840781,0
1321,Waste,Pending,3,2,0.013064365472444302,478,1,23.262805149779613,77.42296587686475,0
1322,Pothole,Completed,1,1,0.025511821363690262,422,0,23.233887799546572,77.39583025580613,0
1323,Waste,Cancelled,3,0,0.02064474753506284,478,0,23.275890902971955,77.39569245207312,0
1324,Pothole,Cancelled,1,0,0.030752020376684567,422,0,23.26492281526388,77.43504430639831,0
1325,Pothole,Pending,1,2,0.020753527086476896,422,1,23.27681759862948,77.39758013716441,1
1326,Waste,Completed,3,1,0.022861069671635103,478,0,23.27500481954375,77.39839484079108,0
1327,Streetlight,Pending,2,2,0.010902969827623898,319,1,23.27808012431747,77.38263920344568,1
1328,Drainage,Pending,0,2,0.01696994037317001,223,1,23.260980483984277,77.43484014204753,1
1329,Waste,Completed,3,1,0.010223771101241745,478,0,23.238319471091607,77.43015568879255,0
1330,Streetlight,Completed,2,1,0.00849939023848896,319,0,23.27016944840278,77.42023973610544,0
1331,Streetlight,Cancelled,2,0,0.11158398408286174,319,0,23.267128427103117,77.42761594583632,0
1332,Pothole,Pending,1,2,0.022149769702585476,422,1,23.274435191231944,77.39172291404546,1
1333,Streetlight,Completed,2,1,0.032677522853081196,319,0,23.24009286036304,77.41009941567525,0
1334,Pothole,Cancelled,1,0,0.026527784450067305,422,0,23.241598511994013,77.40367316324092,0
1335,Pothole,Cancelled,1,0,0.022731130463605108,422,0,23.28332457103316,77.38822659157542,0
1336,Waste,Pending,3,2,0.021070057691873926,478,1,23.274898667907124,77.41176782911289,0
1337,Streetlight,Pending,2,2,0.0038024932086127,319,1,23.284393709322018,77.43784437902056,1
1338,Streetlight,Completed,2,1,0.00956860663653942,319,0,23.275422919269833,77.38500354714304,0
1339,Waste,Pending,3,2,0.03481189418478091,478,1,23.265729318359416,77.40008765480962,0
1340,Pothole,Cancelled,1,0,0.013852129716437064,422,0,23.26914796422167,77.39505245617234,0
1341,Water Supply,Cancelled,4,0,0.022976788789037084,158,0,23.2832476754364,77.39688879921994,1
1342,Pothole,Pending,1,2,0.017456466553530076,422,1,23.264628405270717,77.43710607311276,1
1343,Pothole,Pending,1,2,0.01828378426341671,422,1,23.267843479459703,77.41068414325406,1
1344,Water Supply,Pending,4,2,0.034023514517523154,158,1,23.239288602960215,77.41057796477638,2
1345,Streetlight,Cancelled,2,0,0.007943167575597236,319,0,23.258335273206963,77.42823453854731,0
1346,Streetlight,Pending,2,2,0.016828115096194956,319,1,23.27288382671749,77.39186953224029,1
1347,Drainage,Pending,0,2,0.01882726192026221,223,1,23.246156561898975,77.411835921246,1
1348,Drainage,Pending,0,2,0.026241660983024585,223,1,23.24203525083147,77.40839911284726,1
1349,Pothole,Completed,1,1,0.012890336117284188,422,0,23.248729608493463,77.4184146414328,0
1350,Pothole,Pending,1,2,0.00654610323495157,422,1,23.24439003767957,77.44257346219503,1
1351,Pothole,Pending,1,2,0.016807629797242606,422,1,23.242794758222185,77.42876693364492,1
1352,Water Supply,Cancelled,4,0,0.017388031618689567,158,0,23.255391050572083,77.40647194218104,1
1353,Streetlight,Cancelled,2,0,0.01842500828232361,319,0,23.284370310833012,77.43225318313644,0
1354,Waste,Completed,3,1,0.02183546066662927,478,0,23.26032357880432,77.39284250179874,0
1355,Drainage,Pending,0,2,0.011918157123589172,223,1,23.241175222848916,77.38442782117853,1
1356,Pothole,Pending,1,2,0.0236265310175753,422,1,23.23451830016285,77.39486690234786,1
1357,Waste,Completed,3,1,0.03931930302177192,478,0,23.27166936870827,77.40302469336686,0
1358,Pothole,Pending,1,2,0.02949410253951735,422,1,23.25286792586618,77.41323484544758,1
1359,Pothole,Cancelled,1,0,0.07165614366582389,422,0,23.27920985679512,77.41950774843247,0
1360,Drainage,Completed,0,1,0.03356149036103508,223,0,23.26947064611845,77.43723634303286,0
1361,Waste,Pending,3,2,0.011691826665263616,478,1,23.27767448703248,77.41319124057303,0
1362,Drainage,Cancelled,0,0,0.015407608056486496,223,0,23.246216762365105,77.41267653867754,0
1363,Streetlight,Cancelled,2,0,0.020208577640461915,319,0,23.271441535347662,77.38561458058938,0
1364,Waste,Pending,3,2,0.009823095926795318,478,1,23.24574371908162,77.38469469315937,0
1365,Water Supply,Completed,4,1,0.021725238978136004,158,0,23.28624410876702,77.41566959771498,1
1366,Pothole,Pending,1,2,0.01980710592792205,422,1,23.268082456892,77.4088907167949,1
1367,Waste,Pending,3,2,0.0678302110488749,478,1,23.249370708010517,77.43295082369882,0
1368,Pothole,Pending,1,2,0.01758451814025643,422,1,23.246070711737534,77.39224077508271,1
1369,Drainage,Pending,0,2,0.01164564512306049,223,1,23.241355595104295,77.38409829972701,1
1370,Pothole,Cancelled,1,0,0.0249265703475938,422,0,23.27157845753362,77.40954232607581,0
1371,Waste,Pending,3,2,0.02291529701951217,478,1,23.243022936779873,77.39684871340513,0
1372,Waste,Pending,3,2,0.029853447161938242,478,1,23.265618195955646,77.38557686240033,0
1373,Waste,Completed,3,1,0.012235793404286065,478,0,23.245778101615517,77.42607589721085,0
1374,Drainage,Pending,0,2,0.02980109174964925,223,1,23.26961813668763,77.38929557999744,1
1375,Pothole,Completed,1,1,0.05634738005500148,422,0,23.278796383712432,77.41909917000046,0
1376,Waste,Pending,3,2,0.01740603990008613,478,1,23.27658151458868,77.39946298501,0
1377,Waste,Pending,3,2,0.029231316377561628,478,1,23.275551079855845,77.3930097630213,0
1378,Pothole,Pending,1,2,0.03162836449583749,422,1,23.241163344341533,77.40538509137515,1
1379,Water Supply,Completed,4,1,0.013471872233225868,158,0,23.235203096819067,77.43068674657337,1
1380,Pothole,Pending,1,2,0.030900049186968773,422,1,23.27183692970924,77.40612561461427,1
1381,Water Supply,Completed,4,1,0.008805612846408625,158,0,23.252000832827655,77.42764617895266,1
1382,Pothole,Pending,1,2,0.014599568700992277,422,1,23.2558407735842,77.39012917780795,1
1383,Waste,Pending,3,2,0.01299831162554812,478,1,23.2317689455676,77.4289662851799,0
1384,Drainage,Pending,0,2,0.0371158599213131,223,1,23.2454745869565,77.3968159994944,1
1385,Pothole,Cancelled,1,0,0.01759421484331477,422,0,23.231920584232466,77.42324358779334,0
1386,Streetlight,Cancelled,2,0,0.022205393753660582,319,0,23.282651146356073,77.41654689329046,0
1387,Water Supply,Pending,4,2,0.019800070027405272,158,1,23.244503800993108,77.4383486830327,2
1388,Waste,Pending,3,2,0.02471537035193469,478,1,23.26334023017438,77.40583935107851,0
1389,Waste,Pending,3,2,0.007345731773256553,478,1,23.232238759239664,77.38656991133006,0
1390,Streetlight,Completed,2,1,0.0183518620834139,319,0,23.26991084347834,77.38374932913307,0
1391,Waste,Pending,3,2,0.0791570793884556,478,1,23.249281640745245,77.43221151365836,0
1392,Waste,Cancelled,3,0,0.017359069143521946,478,0,23.28377515121746,77.41408413825968,0
1393,Waste,Cancelled,3,0,0.018296442377629656,478,0,23.283187091336043,77.4291146431101,0
1394,Waste,Pending,3,2,0.27776107759108376,478,1,23.2494174371017,77.39666553600068,1
1395,Drainage,Pending,0,2,0.005247913698044046,223,1,23.283957653741428,77.4033050247308,1
1396,Waste,Completed,3,1,0.008353880245975392,478,0,23.289669460409925,77.38440623233268,0
1397,Pothole,Completed,1,1,0.017735658631161437,422,0,23.27942493984743,77.44028953947445,0
1398,Streetlight,Pending,2,2,0.020833527002010473,319,1,23.280592280865314,77.42267207440204,1
1399,Pothole,Pending,1,2,0.02269526616475668,422,1,23.244840524166545,77.43859230526556,1
1400,Waste,Pending,3,2,0.02013885773645936,478,1,23.264502143931463,77.39852978444574,0
1401,Drainage,Pending,0,2,0.026520912505360383,223,1,23.23393535483804,77.41928781667353,1
1402,Waste,Pending,3,2,0.053126418521836236,478,1,23.235595076209297,77.42330999809755,1
1403,Drainage,Pending,0,2,0.006828941655142498,223,1,23.289833556722,77.40165298201545,1
1404,Drainage,Completed,0,1,0.045813406309525656,223,0,23.249498354965553,77.43348655410094,0
1405,Pothole,Pending,1,2,0.01852681519052108,422,1,23.27479103472293,77.43942968777401,1
1406,Pothole,Pending,1,2,0.016109151707379945,422,1,23.27829990318161,77.43569130706176,1
1407,Pothole,Pending,1,2,0.021809188113470917,422,1,23.281381396260432,77.42694401855636,1
1408,Pothole,Completed,1,1,0.010566030571131802,422,0,23.289757697844127,77.39924788078349,0
1409,Drainage,Completed,0,1,0.08572968930731623,223,0,23.24438978911541,77.39949696252633,0
1410,Drainage,Pending,0,2,0.009390227379250344,223,1,23.232321049611578,77.44040161922676,1
1411,Pothole,Completed,1,1,0.0007750128082211672,422,0,23.254571491079673,77.38321706975614,0
1412,Streetlight,Cancelled,2,0,0.050796690930366754,319,0,23.237704840189735,77.42556299839453,0
1413,Water Supply,Pending,4,2,0.013588382488099479,158,1,23.23124555334972,77.42497476975332,2
1414,Water Supply,Pending,4,2,0.011518037186388426,158,1,23.251525609628487,77.41996137245698,2
1415,Pothole,Pending,1,2,0.013752698326753786,422,1,23.27692429506451,77.44200653076521,1
1416,Pothole,Pending,1,2,0.027032074622876837,422,1,23.2638708414735,77.40131276614582,1
1417,Waste,Pending,3,2,0.12509790257607706,478,1,23.24866667935262,77.40299831182759,1
1418,Water Supply,Cancelled,4,0,0.03892512414012946,158,0,23.26916052032956,77.38733636417679,1
1419,Waste,Completed,3,1,0.026832463983598127,478,0,23.243821090818525,77.40916788819263,0
1420,Streetlight,Completed,2,1,0.00802565368842967,319,0,23.23076288676432,77.3982629115741,0
1421,Waste,Cancelled,3,0,0.012060195835687262,478,0,23.275761203186185,77.40320320213065,0
1422,Waste,Pending,3,2,0.1705442281501318,478,1,23.26732458509184,77.43267430741534,1
1423,Pothole,Pending,1,2,0.02845621886735519,422,1,23.275638157470055,77.43872907081165,1
1424,Water Supply,Completed,4,1,0.015130382001118563,158,0,23.232236281001256,77.39374398432031,1
1425,Waste,Completed,3,1,0.006628888979935984,478,0,23.280127177669836,77.4049505358932,0
1426,Streetlight,Pending,2,2,0.018279176274850074,319,1,23.267071572002177,77.43831783372693,1
1427,Waste,Pending,3,2,0.02849536433721186,478,1,23.263703721042756,77.38630850764135,0
1428,Waste,Completed,3,1,0.03654226184765574,478,0,23.267376842886872,77.38814163168668,0
1429,Pothole,Completed,1,1,0.03711463544336679,422,0,23.2817659948121,77.39236745935237,0
1430,Pothole,Completed,1,1,0.01898695196489949,422,0,23.265116190393535,77.4183127700476,0
1431,Waste,Pending,3,2,0.014387595350835825,478,1,23.26475702279329,77.39162833626035,0
1432,Pothole,Pending,1,2,0.0,422,1,23.289340749423943,77.44068458288704,1
1433,Waste,Pending,3,2,0.018231877484690538,478,1,23.275303810024113,77.4094028716355,0
1434,Pothole,Pending,1,2,0.15084329959502998,422,1,23.256437628327067,77.412691077621,1
1435,Water Supply,Cancelled,4,0,0.012485856965692725,158,0,23.272343820001975,77.39739951694833,1
1436,Water Supply,Completed,4,1,0.021001263002471356,158,0,23.253253828301503,77.41085761514609,1
1437,Pothole,Pending,1,2,0.10450449782445281,422,1,23.243632527749007,77.42231481795822,1
1438,Streetlight,Completed,2,1,0.04941488735860668,319,0,23.265711112613264,77.42767062821724,0
1439,Water Supply,Completed,4,1,0.017842062894469594,158,0,23.285590925886837,77.42783208496259,1
1440,Waste,Pending,3,2,0.02755381137259089,478,1,23.285648371200928,77.41727346676164,0
1441,Drainage,Completed,0,1,0.018436086267151906,223,0,23.250414316686328,77.43686158649963,0
1442,Water Supply,Completed,4,1,0.018614853307715205,158,0,23.2615606479733,77.43164447083836,1
1443,Waste,Completed,3,1,0.02036226885889142,478,0,23.24259815391419,77.42802288688192,0
1444,Waste,Pending,3,2,0.007636499182291778,478,1,23.289637866569933,77.38593633130083,0
1445,Water Supply,Completed,4,1,0.007225768372541025,158,0,23.288767074472077,77.38301267773318,1
1446,Pothole,Completed,1,1,0.012492549662266818,422,0,23.268870535782444,77.39534683663173,0
1447,Waste,Pending,3,2,0.02425367439356851,478,1,23.278164843580647,77.42241141563481,0
1448,Waste,Pending,3,2,0.03003497353286774,478,1,23.27280600967702,77.40727184933294,0
1449,Pothole,Completed,1,1,0.029609505993311823,422,0,23.265489493142365,77.40674437555796,0
1450,Streetlight,Pending,2,2,0.007441442526898983,319,1,23.233100879819332,77.43567521329378,1
1451,Streetlight,Completed,2,1,0.02258886008100256,319,0,23.257185860553157,77.43633377088791,0
1452,Water Supply,Completed,4,1,0.03499727362440758,158,0,23.270387178130044,77.43715051584321,1
1453,Waste,Pending,3,2,0.023345983207694862,478,1,23.27055189683302,77.4014326845909,0
1454,Pothole,Pending,1,2,0.01159281131100384,422,1,23.25228735710534,77.42406334876435,1
1455,Pothole,Completed,1,1,0.013684020632124243,422,0,23.28640151919948,77.39889799087646,0
1456,Pothole,Pending,1,2,0.025373327977254737,422,1,23.239941421934205,77.39403658998447,1
1457,Waste,Pending,3,2,0.022922430439594178,478,1,23.25992156677293,77.39367794744084,0
1458,Water Supply,Completed,4,1,0.0376918818871407,158,0,23.27135303859305,77.40312645725182,1
1459,Drainage,Completed,0,1,0.03662589188372278,223,0,23.271728148353507,77.40839745718678,0
1460,Pothole,Cancelled,1,0,0.29331435156312824,422,0,23.268818337406127,77.4324569502633,1
1461,Streetlight,Completed,2,1,0.010968516047397002,319,0,23.24641729280711,77.38979346560836,0
1462,Waste,Pending,3,2,0.03954584220810018,478,1,23.23927239412119,77.42669555084369,0
1463,Pothole,Cancelled,1,0,0.016962051259482306,422,0,23.2680564196096,77.41448729485136,0
1464,Streetlight,Completed,2,1,0.03238378365474021,319,0,23.265858126968364,77.39987672056056,0
1465,Pothole,Pending,1,2,0.02682434896521982,422,1,23.240661360617352,77.41216917507197,1
1466,Water Supply,Pending,4,2,0.020796665476344248,158,1,23.27220834873423,77.40059652418662,2
1467,Streetlight,Completed,2,1,0.04441408060606577,319,0,23.25721031950402,77.41836491731429,0
1468,Pothole,Pending,1,2,0.02712568969095814,422,1,23.269965635496188,77.40863063537131,1
1469,Drainage,Completed,0,1,0.03271268741281388,223,0,23.28014202478621,77.39246433174473,0
1470,Waste,Pending,3,2,0.01738521840546746,478,1,23.240083705714618,77.38959498447333,0
1471,Pothole,Pending,1,2,0.00653656798442677,422,1,23.231048692079806,77.41540174092432,1
1472,Pothole,Completed,1,1,0.024920751492258468,422,0,23.276646155183744,77.43674478199716,0
1473,Pothole,Pending,1,2,0.015416037544627536,422,1,23.266481845509155,77.40323746119346,1
1474,Drainage,Pending,0,2,0.13095632062280063,223,1,23.271878374177327,77.42658000643335,1
1475,Pothole,Completed,1,1,0.027130252084601715,422,0,23.280189298499316,77.42211968129638,0
1476,Drainage,Pending,0,2,0.032882229905013695,223,1,23.27806865608947,77.43849329485857,1
1477,Streetlight,Completed,2,1,0.03147268194522022,319,0,23.28755520881573,77.43185886103795,0
1478,Pothole,Completed,1,1,0.0868760838941482,422,0,23.262056104731126,77.41659631553432,0
1479,Drainage,Completed,0,1,0.01007804669058465,223,0,23.25920973795959,77.42202182989405,0
1480,Waste,Pending,3,2,0.021879286873522193,478,1,23.25401323199344,77.43650318799504,0
1481,Waste,Pending,3,2,0.01609612660394138,478,1,23.23912146257065,77.40657112707521,0
1482,Pothole,Completed,1,1,0.02563783808573229,422,0,23.26425643397292,77.40220768235146,0
1483,Waste,Cancelled,3,0,0.006518099448818001,478,0,23.246520751459556,77.38324866501812,0
1484,Waste,Completed,3,1,0.022125968436749525,478,0,23.28517845073278,77.43219306445148,0
1485,Streetlight,Completed,2,1,0.06586642091017093,319,0,23.264891448256623,77.4306588420242,0
1486,Pothole,Pending,1,2,0.022387794521827483,422,1,23.265470410830485,77.388867271086,1
1487,Pothole,Completed,1,1,0.016971077574915828,422,0,23.25119547965262,77.41721144286797,0
1488,Water Supply,Completed,4,1,0.009777202128988942,158,0,23.23301936111866,77.41043890189002,1
1489,Streetlight,Pending,2,2,0.007955685746473921,319,1,23.231804625922376,77.38972254573055,1
1490,Drainage,Pending,0,2,0.010462704552621462,223,1,23.25530010864919,77.44143409362364,1
1491,Waste,Cancelled,3,0,0.02307966174631347,478,0,23.234973922685832,77.3954817532478,0
1492,Streetlight,Pending,2,2,0.03726200338218831,319,1,23.266310817332407,77.38663405080543,1
1493,Drainage,Pending,0,2,0.016075201379254382,223,1,23.28275838033838,77.41829084277012,1
1494,Streetlight,Pending,2,2,0.023931691499095634,319,1,23.282874888991124,77.42693200062799,1
1495,Streetlight,Cancelled,2,0,0.02394664299751501,319,0,23.269442724607934,77.38454660676283,0
1496,Pothole,Completed,1,1,0.1350944139088,422,0,23.242573909888375,77.42212305832362,0
1497,Waste,Completed,3,1,0.015099705785531806,478,0,23.28167980988153,77.41453751255709,0
1498,Pothole,Cancelled,1,0,0.02003015774290978,422,0,23.283065606118793,77.3887959005325,0
1499,Pothole,Pending,1,2,0.031059615128397226,422,1,23.241699215097174,77.39295143261678,1
1500,Drainage,Completed,0,1,0.018883842226600635,223,0,23.27414556514624,77.41667845783897,0
1501,Waste,Pending,3,2,0.13875904534184005,478,1,23.247091172935622,77.40038145681079,1
1502,Water Supply,Pending,4,2,0.03285322959988952,158,1,23.278058418741175,77.43889894371908,2
1503,Water Supply,Completed,4,1,0.022540673622570347,158,0,23.289734273994217,77.43172441376905,1
1504,Waste,Completed,3,1,0.0062948876802744,478,0,23.23170156031976,77.44161403239082,0
1505,Pothole,Pending,1,2,0.021094015947152423,422,1,23.283741951947455,77.39818025033702,1
1506,Drainage,Pending,0,2,0.010970930678998982,223,1,23.26725783201592,77.44078341796788,1
1507,Water Supply,Completed,4,1,0.0034720659010227255,158,0,23.288302957149888,77.40847403218748,1
1508,Pothole,Pending,1,2,0.015347200678465735,422,1,23.257800571051582,77.40345112771882,1
1509,Pothole,Pending,1,2,0.020648167777853443,422,1,23.280743275834283,77.38562097161815,1
1510,Pothole,Pending,1,2,0.008055388022667158,422,1,23.233643644115897,77.38576591547157,1
1511,Streetlight,Pending,2,2,0.013877886976304812,319,1,23.250016743004696,77.4241206753568,1
1512,Waste,Completed,3,1,0.011771039031066749,478,0,23.23392099226507,77.41007573966604,0
1513,Streetlight,Pending,2,2,0.008373254775911566,319,1,23.288420588008744,77.39619129756217,1
1514,Waste,Pending,3,2,0.06949115402141451,478,1,23.27891843443631,77.41943821837951,0
1515,Waste,Pending,3,2,0.017764134109512095,478,1,23.28105284527476,77.397771487095,0
1516,Pothole,Completed,1,1,0.02396645443302752,422,0,23.286177913886032,77.41725790526067,0
1517,Pothole,Pending,1,2,0.018788001495717965,422,1,23.235006209167185,77.40415252481895,1
1518,Pothole,Pending,1,2,0.016397834731736005,422,1,23.2530358555508,77.43201313359671,1
1519,Pothole,Pending,1,2,0.013624458984582087,422,1,23.234162093342636,77.431841769646,1
1520,Pothole,Completed,1,1,0.025207703099607483,422,0,23.242547586093,77.41124102388734,0
1521,Waste,Pending,3,2,0.02924289638377602,478,1,23.243661946622257,77.4036491465601,0
1522,Pothole,Completed,1,1,0.020163487838877083,422,0,23.25804643266285,77.40435358779354,0
1523,Water Supply,Cancelled,4,0,0.013492442142808363,158,0,23.246013730047217,77.4309428715401,1
1524,Pothole,Completed,1,1,0.017662494194671557,422,0,23.235958686409063,77.40229076896786,0
1525,Pothole,Completed,1,1,0.021199585779986003,422,0,23.23994946534564,77.3951435624224,0
1526,Streetlight,Completed,2,1,0.01444145844528758,319,0,23.238736533813125,77.38768130051251,0
1527,Water Supply,Pending,4,2,0.005828316108789263,158,1,23.288284607874736,77.41060158725307,2
1528,Waste,Cancelled,3,0,0.021883392890076767,478,0,23.27545755041511,77.41152792593519,0
1529,Streetlight,Pending,2,2,0.02973720820592561,319,1,23.287965687916177,77.43305452262418,1
1530,Streetlight,Pending,2,2,0.02090882670660995,319,1,23.256284429190472,77.39587432178676,1
1531,Streetlight,Completed,2,1,0.06721428473127043,319,0,23.24660210889976,77.4054594764201,0
1532,Waste,Pending,3,2,0.01973421568742164,478,1,23.27779759183255,77.43110434433362,0
1533,Streetlight,Completed,2,1,0.06929649654215912,319,0,23.249475235082468,77.43201741664494,0
1534,Waste,Pending,3,2,0.05338649913752056,478,1,23.247863002422317,77.40567666455873,0
1535,Streetlight,Completed,2,1,0.02909874201444914,319,0,23.243850359532463,77.4101474413972,0
1536,Streetlight,Completed,2,1,0.010551284621026866,319,0,23.237680738693452,77.40079715345095,0
1537,Waste,Pending,3,2,0.022488285802102964,478,1,23.245287783661,77.43855329270515,0
1538,Drainage,Pending,0,2,0.0072382445274157235,223,1,23.251219184908432,77.3897186259445,1
1539,Waste,Pending,3,2,0.021867640633179104,478,1,23.270339652488744,77.43862496538009,0
1540,Drainage,Completed,0,1,0.025248763891693202,223,0,23.23365389053317,77.42363198711011,0
1541,Pothole,Completed,1,1,0.03828640983987298,422,0,23.24253041637992,77.4144943291612,0
1542,Waste,Pending,3,2,0.017459445139520018,478,1,23.2784414184175,77.38455954364707,0
1543,Waste,Completed,3,1,0.02713285556482388,478,0,23.238715315415025,77.41113577150932,0
1544,Water Supply,Pending,4,2,0.028604939040314345,158,1,23.25045870879135,77.40706488630016,2
1545,Waste,Cancelled,3,0,0.03634535126000571,478,0,23.28177953531149,77.3922731287185,0
1546,Waste,Pending,3,2,0.36912693208901326,478,1,23.239195518668605,77.42198457621004,1
1547,Pothole,Completed,1,1,0.005437549886461259,422,0,23.23486421013709,77.44086905444209,0
1548,Streetlight,Pending,2,2,0.30968944500131856,319,1,23.2589722797048,77.41633132866387,1
1549,Pothole,Pending,1,2,0.012851619190208526,422,1,23.24804517067671,77.42548519658664,1
1550,Waste,Pending,3,2,0.02929898767098878,478,1,23.26370450186903,77.38670702715396,0
1551,Waste,Completed,3,1,0.009036062407028917,478,0,23.27812829342901,77.40766001974902,0
1552,Waste,Pending,3,2,0.01335816826347672,478,1,23.238128909289163,77.38958150910986,0
1553,Waste,Cancelled,3,0,0.015740181086520127,478,0,23.264741945073258,77.41936775013218,0
1554,Pothole,Completed,1,1,0.012165045577842282,422,0,23.26023052562339,77.43890892949285,0
1555,Streetlight,Completed,2,1,0.12856295209851568,319,0,23.23854472716079,77.42230666394829,0
1556,Waste,Pending,3,2,0.0402453177796451,478,1,23.26733990913174,77.38720818289886,0
1557,Pothole,Completed,1,1,0.04093163956432135,422,0,23.24631842507164,77.40387997229911,0
1558,Pothole,Pending,1,2,0.24956537906757673,422,1,23.25917005911264,77.41563980276645,1
1559,Water Supply,Completed,4,1,0.015172043355315308,158,0,23.23483633945662,77.406792465368,1
1560,Water Supply,Cancelled,4,0,0.010399039564199776,158,0,23.257475043432816,77.4326186406285,1
1561,Drainage,Cancelled,0,0,0.03708254065206916,223,0,23.24828780808257,77.4314802602826,0
1562,Waste,Pending,3,2,0.06885646727585967,478,1,23.27924287267112,77.41930986120619,0
1563,Waste,Completed,3,1,0.013900623711991763,478,0,23.23331872361984,77.40500747670796,0
1564,Pothole,Completed,1,1,0.04686645901369288,422,0,23.255016436495097,77.39792018242579,0
1565,Waste,Pending,3,2,0.011209744273648728,478,1,23.257405885447884,77.38895245909278,0
1566,Pothole,Completed,1,1,0.02883952841179584,422,0,23.273400364577945,77.4038938610092,0
1567,Drainage,Pending,0,2,0.05149505083553247,223,1,23.264357254505413,77.40739035103246,1
1568,Drainage,Pending,0,2,0.024108770637357863,223,1,23.26993274023165,77.42314937550624,1
1569,Drainage,Pending,0,2,0.019849048186146464,223,1,23.276522957139104,77.42208958945785,1
1570,Pothole,Pending,1,2,0.027065042679487672,422,1,23.28163217841949,77.38680648837847,1
1571,Streetlight,Pending,2,2,0.040334111707893756,319,1,23.248732529803345,77.40631555892587,1
1572,Pothole,Completed,1,1,0.026172685225816478,422,0,23.262181362321833,77.39350673203303,0
1573,Waste,Completed,3,1,0.032144721988428146,478,0,23.28030648470635,77.39200876231901,0
1574,Streetlight,Pending,2,2,0.029032619799349048,319,1,23.289267067857903,77.43223812898424,1
1575,Waste,Pending,3,2,0.016774108098614796,478,1,23.283271158662625,77.38511491300297,0
1576,Pothole,Pending,1,2,0.021035003741124894,422,1,23.25218803575746,77.40775097255413,1
1577,Pothole,Completed,1,1,0.03023373214558572,422,0,23.241609991033116,77.39269221934599,0
1578,Streetlight,Completed,2,1,0.020127835901790767,319,0,23.259263552244395,77.4353598129407,0
1579,Drainage,Pending,0,2,0.01928353258930318,223,1,23.27439848711016,77.4160224307965,1
1580,Pothole,Completed,1,1,0.01284037350659268,422,0,23.259454144245197,77.3964828381826,0
1581,Drainage,Pending,0,2,0.8217200886627929,223,1,23.258890851798817,77.41274563722997,2
1582,Waste,Completed,3,1,0.016599517511101843,478,0,23.280193825264902,77.42648918158218,0
1583,Pothole,Completed,1,1,0.01671760147672002,422,0,23.25158422674403,77.44008708053516,0
1584,Streetlight,Completed,2,1,0.01916945957434136,319,0,23.2814876804887,77.39582676025472,0
1585,Streetlight,Completed,2,1,0.020225697161539383,319,0,23.2543082880571,77.43577090632776,0
1586,Water Supply,Pending,4,2,0.01793310910791516,158,1,23.2495939863407,77.43865824685005,2
1587,Waste,Completed,3,1,0.01882428708888954,478,0,23.25713939467198,77.43758523267192,0
1588,Streetlight,Completed,2,1,0.016820111414990065,319,0,23.275646817520492,77.42072486141171,0
1589,Streetlight,Pending,2,2,0.17072651522361382,319,1,23.237460121671837,77.42038923926609,1
1590,Water Supply,Pending,4,2,0.02834131761037156,158,1,23.24168515295232,77.40679263799103,2
1591,Waste,Pending,3,2,0.012749148142784763,478,1,23.286986689539784,77.42774387293822,0
1592,Drainage,Cancelled,0,0,0.04549442807371274,223,0,23.24042949764288,77.41447764110106,0
1593,Streetlight,Completed,2,1,0.013225997905006944,319,0,23.26396363907586,77.4232462842737,0
1594,Waste,Pending,3,2,0.05970314130886929,478,1,23.264658867999714,77.40830747423092,1
1595,Pothole,Pending,1,2,0.008309167728267617,422,1,23.259277467723013,77.42648978784258,1
1596,Pothole,Completed,1,1,0.18368102914724813,422,0,23.268584714914606,77.43206829105627,0
1597,Streetlight,Completed,2,1,0.019449237530241296,319,0,23.243689603547853,77.39138617539616,0
1598,Drainage,Pending,0,2,0.030785850622189775,223,1,23.2630597360666,77.43257578293445,1
1599,Streetlight,Pending,2,2,0.022598688477156622,319,1,23.25223039531481,77.41501779190742,1
1600,Streetlight,Completed,2,1,0.17837448003817258,319,0,23.26960003557775,77.43327995454541,0
