ID,Latitude,Longitude,Category,Status,priority_level,cluster_id,risk_level
1,23.26089342830602,77.40941114468241,Pothole,Completed,LOW,0,LOW
2,23.259623471397656,77.4114012499541,Pothole,Pending,HIGH,0,LOW
3,23.2611953770762,77.41261048739943,Water Supply,Pending,HIGH,0,LOW
4,23.262946059712817,77.41269396118753,Waste,Pending,MEDIUM,0,LOW
5,23.25943169325055,77.41169986905705,Drainage,Pending,HIGH,0,LOW
6,23.2594317260861,77.4138456998647,Pothole,Pending,HIGH,0,LOW
7,23.263058425631012,77.41046475914123,Pothole,Completed,LOW,0,LOW
8,23.261434869458306,77.41231524102996,Pothole,Pending,HIGH,0,LOW
9,23.258961051228127,77.41284059126342,Streetlight,Pending,MEDIUM,0,LOW
10,23.26098512008717,77.41362887766812,Pothole,Completed,MEDIUM,0,LOW
11,23.258973164614375,77.41402322975618,Waste,Pending,HIGH,0,LOW
12,23.25896854049286,77.41035071581632,Waste,Cancelled,LOW,0,LOW
13,23.26038392454313,77.40953177165852,Waste,Completed,LOW,0,LOW
14,23.256073439510683,77.4151553536438,Water Supply,Completed,MEDIUM,0,LOW
15,23.25645016433497,77.41326462802395,Water Supply,Pending,HIGH,0,LOW
16,23.258775424941515,77.41110302692688,Pothole,Completed,MEDIUM,0,LOW
17,23.25787433775933,77.41570230395104,Streetlight,Completed,LOW,0,LOW
18,23.260528494665188,77.41283134926859,Pothole,Completed,MEDIUM,0,LOW
19,23.258083951848956,77.41495859436813,Streetlight,Pending,MEDIUM,0,LOW
20,23.25707539259733,77.41273503696281,Drainage,Completed,LOW,0,LOW
21,23.26283129753784,77.41672149584976,Water Supply,Completed,MEDIUM,0,LOW
22,23.259448447399024,77.41611068168488,Pothole,Completed,LOW,0,LOW
23,23.260035056409375,77.41210207170305,Drainage,Completed,MEDIUM,0,LOW
24,23.25705050362757,77.4145431419019,Waste,Pending,MEDIUM,0,LOW
25,23.258811234550947,77.41389075189917,Water Supply,Completed,MEDIUM,0,LOW
26,23.26012184517942,77.41533726311506,Waste,Pending,MEDIUM,0,LOW
27,23.25759801284515,77.41067015307884,Streetlight,Completed,LOW,0,LOW
28,23.26065139603669,77.41397210292,Streetlight,Pending,MEDIUM,0,LOW
29,23.25869872262016,77.4147168489737,Streetlight,Completed,LOW,0,LOW
30,23.259316612500413,77.40908252102714,Waste,Pending,LOW,0,LOW
31,23.25869658677554,77.41023348297466,Water Supply,Completed,MEDIUM,0,LOW
32,23.263604556369017,77.40852153564448,Waste,Pending,MEDIUM,0,LOW
33,23.25987300555052,77.41206118633112,Streetlight,Completed,LOW,0,LOW
34,23.25778457814209,77.4140350845116,Waste,Completed,LOW,0,LOW
35,23.261545089824203,77.41560471410419,Pothole,Pending,MEDIUM,0,LOW
36,23.257458312700056,77.41274818956084,Pothole,Pending,HIGH,0,LOW
37,23.260317727190007,77.41585723109114,Pothole,Pending,MEDIUM,0,LOW
38,23.25598065975224,77.40983979708356,Waste,Completed,LOW,0,LOW
39,23.2572436279022,77.4091932351213,Waste,Pending,MEDIUM,0,LOW
40,23.260293722471737,77.4124889046022,Pothole,Completed,MEDIUM,0,LOW
41,23.26137693315999,77.41336813089788,Drainage,Pending,HIGH,0,LOW
42,23.26024273656238,77.41253461050381,Drainage,Completed,MEDIUM,0,LOW
43,23.25966870343522,77.40846511579991,Waste,Completed,LOW,0,LOW
44,23.25929779260882,77.41242175992097,Pothole,Completed,MEDIUM,0,LOW
45,23.256942956019262,77.40999106099899,Waste,Completed,LOW,0,LOW
46,23.25846031158321,77.41393934509766,Waste,Pending,MEDIUM,0,LOW
47,23.25897872245808,77.41333319649219,Streetlight,Pending,MEDIUM,0,LOW
48,23.26201424445244,77.41072024042734,Streetlight,Pending,MEDIUM,0,LOW
49,23.260587236579138,77.41157226616532,Waste,Pending,MEDIUM,0,LOW
50,23.25637391968927,77.41048157295621,Waste,Pending,MEDIUM,0,LOW
51,23.260548167938783,77.41247464180545,Waste,Pending,MEDIUM,0,LOW
52,23.259129835439165,77.414510284641,Drainage,Pending,HIGH,0,LOW
53,23.258546155999387,77.41062854790732,Water Supply,Cancelled,MEDIUM,0,LOW
54,23.26112335257768,77.41360809303103,Waste,Completed,LOW,0,LOW
55,23.26196199904499,77.41153948476325,Waste,Completed,LOW,0,LOW
56,23.261762560238232,77.41101425433547,Drainage,Completed,LOW,0,LOW
57,23.25822156495355,77.41238593928009,Water Supply,Pending,HIGH,0,LOW
58,23.259281575248295,77.41052951535517,Pothole,Completed,MEDIUM,0,LOW
59,23.26056252686281,77.4114927013893,Waste,Pending,HIGH,0,LOW
60,23.261851090254243,77.41020424421482,Waste,Completed,LOW,0,LOW
61,23.258941651524307,77.41652945026583,Streetlight,Pending,MEDIUM,0,LOW
62,23.25952868204667,77.41267052710394,Pothole,Cancelled,MEDIUM,0,LOW
63,23.257687330051983,77.41120054898401,Waste,Pending,MEDIUM,0,LOW
64,23.25750758675184,77.41302795982146,Streetlight,Pending,MEDIUM,0,LOW
65,23.261525051644785,77.41237534390062,Waste,Cancelled,LOW,0,LOW
66,23.26261248005714,77.41215806080093,Drainage,Pending,MEDIUM,0,LOW
67,23.259755979756836,77.41382833340009,Pothole,Completed,MEDIUM,0,LOW
68,23.261907065795786,77.4141150154201,Waste,Completed,LOW,0,LOW
69,23.260623272050093,77.41153899770478,Streetlight,Completed,LOW,0,LOW
70,23.25860976049079,77.4114483635187,Pothole,Cancelled,MEDIUM,0,LOW
71,23.260622791211016,77.4120498966057,Water Supply,Cancelled,MEDIUM,0,LOW
72,23.26297607313293,77.40799615767052,Pothole,Pending,MEDIUM,0,LOW
73,23.25982834792178,77.4095696178756,Waste,Completed,MEDIUM,0,LOW
74,23.263029287311625,77.41533374853489,Streetlight,Completed,LOW,0,LOW
75,23.25466050979182,77.415889935427,Waste,Completed,LOW,0,LOW
76,23.26154380500875,77.41210192792089,Water Supply,Pending,HIGH,0,LOW
77,23.26007409413647,77.4137531139261,Pothole,Completed,MEDIUM,0,LOW
78,23.259301985299068,77.41322250030909,Pothole,Cancelled,MEDIUM,0,LOW
79,23.26008352155307,77.4187577616169,Waste,Cancelled,LOW,0,LOW
80,23.255924862170797,77.41483914982287,Pothole,Completed,LOW,0,LOW
81,23.259460656224324,77.41234416481704,Drainage,Pending,HIGH,0,LOW
82,23.260614225143023,77.4106889191188,Drainage,Pending,HIGH,0,LOW
83,23.26285578808948,77.40938710735948,Waste,Completed,LOW,0,LOW
84,23.25886345956345,77.41300692727174,Waste,Completed,LOW,0,LOW
85,23.258283012794212,77.41108729850943,Drainage,Pending,HIGH,0,LOW
86,23.258896485912828,77.4097554925808,Water Supply,Pending,HIGH,0,LOW
87,23.2617308042354,77.41130685423151,Waste,Pending,MEDIUM,0,LOW
88,23.260557502219317,77.41043690399277,Pothole,Completed,MEDIUM,0,LOW
89,23.258840479592465,77.41597428327015,Pothole,Cancelled,MEDIUM,0,LOW
90,23.260926534866226,77.41436327951389,Drainage,Completed,MEDIUM,0,LOW
91,23.260094155098695,77.41258405471737,Waste,Pending,MEDIUM,0,LOW
92,23.261837289981063,77.41555988827778,Waste,Pending,MEDIUM,0,LOW
93,23.25849589381224,77.4127547366153,Drainage,Pending,HIGH,0,LOW
94,23.259244675706803,77.41087743159734,Waste,Cancelled,LOW,0,LOW
95,23.259115783693733,77.41564624815453,Pothole,Pending,MEDIUM,0,LOW
96,23.256972970103735,77.41367782008737,Pothole,Completed,LOW,0,LOW
97,23.26049224055413,77.41052550769135,Pothole,Pending,HIGH,0,LOW
98,23.26042211054436,77.41221932264384,Pothole,Completed,MEDIUM,0,LOW
99,23.259910226913284,77.41084876349323,Pothole,Completed,LOW,0,LOW
100,23.259430825733247,77.40983440053807,Waste,Completed,LOW,0,LOW
101,23.257069258515894,77.41445235509507,Streetlight,Pending,HIGH,0,LOW
102,23.259058709354463,77.41641883328094,Drainage,Pending,MEDIUM,0,LOW
103,23.259214570966943,77.40980286485235,Drainage,Pending,HIGH,0,LOW
104,23.258295445461556,77.41372593847338,Waste,Completed,LOW,0,LOW
105,23.259577428576662,77.41129871486176,Waste,Pending,MEDIUM,0,LOW
106,23.26070810171363,77.41162574923247,Waste,Pending,MEDIUM,0,LOW
107,23.263672371802414,77.41141521215152,Pothole,Completed,LOW,0,LOW
108,23.26024915562566,77.41087201846064,Pothole,Completed,MEDIUM,0,LOW
109,23.260415100781444,77.41269704325589,Streetlight,Completed,LOW,0,LOW
110,23.259751108168462,77.41093809976718,Waste,Pending,MEDIUM,0,LOW
111,23.2560624575694,77.41314091365156,Waste,Pending,MEDIUM,0,LOW
112,23.2598469722491,77.4124995237811,Pothole,Completed,MEDIUM,0,LOW
113,23.26002046041988,77.41212210390627,Streetlight,Completed,LOW,0,LOW
114,23.26482648422497,77.41078487267592,Waste,Pending,MEDIUM,0,LOW
115,23.259515278070435,77.41144645733885,Streetlight,Completed,LOW,0,LOW
116,23.260503094684665,77.41411078245164,Waste,Completed,LOW,0,LOW
117,23.259830576460587,77.41360183437524,Drainage,Completed,MEDIUM,0,LOW
118,23.25756264392476,77.4106448895104,Drainage,Pending,MEDIUM,0,LOW
119,23.262185645629028,77.41279866461086,Waste,Pending,MEDIUM,0,LOW
120,23.261403866065372,77.41410277424674,Waste,Pending,MEDIUM,0,LOW
121,23.26148206389409,77.40926118943776,Pothole,Pending,MEDIUM,0,LOW
122,23.258081225090407,77.41368672038476,Waste,Cancelled,LOW,0,LOW
123,23.26270558862187,77.4112747524821,Streetlight,Completed,LOW,0,LOW
124,23.257096297874412,77.41374119733719,Drainage,Completed,LOW,0,LOW
125,23.2610737141876,77.41107348168691,Streetlight,Pending,MEDIUM,0,LOW
126,23.264280911251618,77.40899023579867,Drainage,Completed,LOW,0,LOW
127,23.25791892734974,77.40934491512424,Pothole,Completed,LOW,0,LOW
128,23.25876740454079,77.41269616989332,Waste,Pending,MEDIUM,0,LOW
129,23.260099302730172,77.41311944500345,Streetlight,Completed,LOW,0,LOW
130,23.258893048691768,77.41079136674979,Pothole,Pending,HIGH,0,LOW
131,23.256798673137865,77.41387718491755,Streetlight,Completed,LOW,0,LOW
132,23.26003712594961,77.40927695987546,Waste,Pending,MEDIUM,0,LOW
133,23.257775392572547,77.4124678404027,Waste,Pending,MEDIUM,0,LOW
134,23.26084718486127,77.41017796760048,Water Supply,Pending,HIGH,0,LOW
135,23.258061151531532,77.4112963277844,Waste,Pending,MEDIUM,0,LOW
136,23.26299986881003,77.41269479734262,Water Supply,Pending,HIGH,0,LOW
137,23.258333493415325,77.41087917326944,Water Supply,Completed,MEDIUM,0,LOW
138,23.259255876967583,77.41183088891154,Drainage,Completed,MEDIUM,0,LOW
139,23.26152703443474,77.41461258561843,Streetlight,Pending,MEDIUM,0,LOW
140,23.257438271367132,77.41144621626096,Streetlight,Pending,MEDIUM,0,LOW
141,23.260354919869208,77.41427138422412,Drainage,Pending,HIGH,0,LOW
142,23.26251428550856,77.41034058629069,Waste,Completed,LOW,0,LOW
143,23.256685033530875,77.41365960835583,Pothole,Pending,MEDIUM,0,LOW
144,23.260269267717064,77.41548313724131,Streetlight,Pending,MEDIUM,0,LOW
145,23.260419765588495,77.40765671099975,Pothole,Completed,LOW,0,LOW
146,23.261463645743554,77.41100620948906,Pothole,Pending,LOW,0,LOW
147,23.257426098578243,77.41375414425436,Pothole,Pending,HIGH,0,LOW
148,23.25725908677383,77.41219390922791,Streetlight,Completed,LOW,0,LOW
149,23.260943883131233,77.41334229174674,Drainage,Completed,MEDIUM,0,LOW
150,23.260493969346463,77.41139202962657,Waste,Pending,MEDIUM,0,LOW
151,23.26040098570069,77.41277317957494,Water Supply,Completed,MEDIUM,0,LOW
152,23.26059289641899,77.41228864552922,Streetlight,Completed,LOW,0,LOW
153,23.25853995055684,77.41493556412331,Drainage,Pending,HIGH,0,LOW
154,23.26036450739432,77.4131088416866,Streetlight,Pending,MEDIUM,0,LOW
155,23.260486144946597,77.41327520532415,Drainage,Pending,HIGH,0,LOW
156,23.258471297163947,77.41177624606776,Waste,Pending,MEDIUM,0,LOW
157,23.26363154902229,77.41162478755186,Drainage,Completed,LOW,0,LOW
158,23.260847665841823,77.41173488362436,Waste,Completed,LOW,0,LOW
159,23.257517393005593,77.41338890428476,Drainage,Cancelled,MEDIUM,0,LOW
160,23.261213107217262,77.41175803103836,Water Supply,Completed,MEDIUM,0,LOW
161,23.257950636659544,77.41317954971379,Waste,Pending,MEDIUM,0,LOW
162,23.26147416920748,77.41675080159729,Waste,Pending,MEDIUM,0,LOW
163,23.262217191158012,77.41434224940686,Drainage,Completed,LOW,0,LOW
164,23.258258635363298,77.41194795293566,Waste,Pending,MEDIUM,0,LOW
165,23.26182675225849,77.41500242784433,Drainage,Completed,LOW,0,LOW
166,23.26072556185387,77.41178384925395,Waste,Completed,LOW,0,LOW
167,23.261544120319986,77.40852375092965,Waste,Completed,LOW,0,LOW
168,23.263693585965303,77.41058382737816,Water Supply,Completed,MEDIUM,0,LOW
169,23.259409223767992,77.40885841615794,Streetlight,Pending,MEDIUM,0,LOW
170,23.258392527671283,77.41189697303192,Drainage,Completed,MEDIUM,0,LOW
171,23.258120971140748,77.41263683675838,Pothole,Completed,MEDIUM,0,LOW
172,23.258268379430067,77.41595287462455,Streetlight,Pending,LOW,0,LOW
173,23.25974579658117,77.41325385474752,Streetlight,Completed,LOW,0,LOW
174,23.260582303949633,77.41216179894238,Streetlight,Pending,MEDIUM,0,LOW
175,23.26045338159866,77.41425881116237,Streetlight,Cancelled,MEDIUM,0,LOW
176,23.26155436649807,77.40817772938198,Streetlight,Pending,MEDIUM,0,LOW
177,23.25992600378375,77.41307122911621,Pothole,Completed,MEDIUM,0,LOW
178,23.262807068154313,77.41414173038777,Waste,Pending,MEDIUM,0,LOW
179,23.25937068633352,77.40964282750843,Drainage,Completed,LOW,0,LOW
180,23.26534033833318,77.41488750808641,Waste,Pending,LOW,0,LOW
181,23.26115133469553,77.41327699281499,Streetlight,Pending,MEDIUM,0,LOW
182,23.258185684887167,77.41176942417219,Waste,Pending,MEDIUM,0,LOW
183,23.257758215003875,77.41386556373222,Streetlight,Cancelled,LOW,0,LOW
184,23.260864944830484,77.41714138571561,Streetlight,Pending,MEDIUM,0,LOW
185,23.259453074429345,77.41296373251012,Waste,Pending,MEDIUM,0,LOW
186,23.261328000988183,77.4130964411726,Waste,Completed,LOW,0,LOW
187,23.260846475249146,77.41168127820092,Waste,Pending,MEDIUM,0,LOW
188,23.259754342174684,77.41090031126107,Streetlight,Cancelled,MEDIUM,0,LOW
189,23.25820641256386,77.41426067163309,Drainage,Pending,HIGH,0,LOW
190,23.256870305550628,77.41088783234818,Waste,Completed,LOW,0,LOW
191,23.259006970095864,77.41274313247443,Streetlight,Pending,MEDIUM,0,LOW
192,23.261612797588644,77.41164468510647,Pothole,Pending,HIGH,0,LOW
193,23.26032818748826,77.41355795965148,Pothole,Completed,MEDIUM,0,LOW
194,23.257408522442574,77.41326732421057,Water Supply,Completed,MEDIUM,0,LOW
195,23.2602463618517,77.41467507988851,Pothole,Completed,MEDIUM,0,LOW
196,23.260670634759457,77.41157996720229,Pothole,Pending,HIGH,0,LOW
197,23.25813228512759,77.41206025012941,Waste,Pending,MEDIUM,0,LOW
198,23.26020745021189,77.41064247256843,Waste,Pending,MEDIUM,0,LOW
199,23.26001641743689,77.41171141347985,Waste,Cancelled,MEDIUM,0,LOW
200,23.257614059404336,77.41335460098608,Waste,Pending,MEDIUM,0,LOW
201,23.260615574720696,77.41411397723328,Streetlight,Pending,MEDIUM,0,LOW
202,23.261021569052733,77.41075566935164,Pothole,Pending,HIGH,0,LOW
203,23.262066102486347,77.41433921184021,Pothole,Completed,LOW,0,LOW
204,23.262007604104067,77.41531127571761,Waste,Pending,MEDIUM,0,LOW
205,23.25714466126409,77.41342686980644,Waste,Cancelled,LOW,0,LOW
206,23.258024349920166,77.41635359162511,Streetlight,Pending,HIGH,0,LOW
207,23.260930070534418,77.4110524216018,Water Supply,Completed,MEDIUM,0,LOW
208,23.260927571901824,77.41011069059337,Waste,Pending,MEDIUM,0,LOW
209,23.26093009537261,77.40904255950218,Drainage,Completed,LOW,0,LOW
210,23.267605462981308,77.41559208862297,Streetlight,Cancelled,LOW,-1,LOW
211,23.261041781021383,77.4139087313127,Streetlight,Pending,MEDIUM,0,LOW
212,23.26217113128036,77.41248883065818,Pothole,Cancelled,MEDIUM,0,LOW
213,23.261808003526983,77.41315993725264,Waste,Pending,MEDIUM,0,LOW
214,23.26120278250261,77.4103490219054,Waste,Cancelled,LOW,0,LOW
215,23.25926946151072,77.41749150395923,Streetlight,Completed,LOW,0,LOW
216,23.261417938440985,77.41285844236396,Pothole,Pending,HIGH,0,LOW
217,23.25835434957092,77.41281878958921,Water Supply,Pending,HIGH,0,LOW
218,23.259426362786517,77.4140515332478,Pothole,Pending,HIGH,0,LOW
219,23.25892927290434,77.41356201846347,Waste,Pending,MEDIUM,0,LOW
220,23.26006374827877,77.41304776804856,Streetlight,Pending,MEDIUM,0,LOW
221,23.264529317133345,77.41101905108911,Waste,Pending,MEDIUM,0,LOW
222,23.256165469614817,77.41354293671426,Pothole,Completed,LOW,0,LOW
223,23.261272520380743,77.41636404899295,Streetlight,Completed,LOW,0,LOW
224,23.25667456825762,77.41529084009231,Water Supply,Pending,HIGH,0,LOW
225,23.25895613626842,77.41578637325328,Drainage,Pending,MEDIUM,0,LOW
226,23.262077901193933,77.41157756864713,Streetlight,Completed,LOW,0,LOW
227,23.26002856003819,77.41062079035947,Streetlight,Pending,MEDIUM,0,LOW
228,23.25774451044414,77.4123484261598,Water Supply,Pending,HIGH,0,LOW
229,23.25846939258148,77.41271144982457,Waste,Pending,MEDIUM,0,LOW
230,23.261259195497868,77.41478838303694,Waste,Cancelled,LOW,0,LOW
231,23.258439266736563,77.40921507074057,Waste,Completed,LOW,0,LOW
232,23.260332917179163,77.41565910063892,Waste,Pending,MEDIUM,0,LOW
233,23.259991143679805,77.41228398420284,Streetlight,Completed,LOW,0,LOW
234,23.258596799304787,77.4117462378601,Streetlight,Completed,LOW,0,LOW
235,23.26418788817865,77.41057579124947,Streetlight,Completed,LOW,0,LOW
236,23.261167838044635,77.40929028665627,Waste,Completed,LOW,0,LOW
237,23.255849714826685,77.41424634116792,Streetlight,Completed,LOW,0,LOW
238,23.26027290862954,77.41274663593437,Pothole,Pending,MEDIUM,0,LOW
239,23.258576427070462,77.41002007820052,Streetlight,Pending,MEDIUM,0,LOW
240,23.26160486666959,77.41000984245586,Streetlight,Completed,LOW,0,LOW
241,23.258314958523133,77.41192843060142,Pothole,Completed,MEDIUM,0,LOW
242,23.259670527117063,77.41593804305057,Waste,Pending,MEDIUM,0,LOW
243,23.26090997455796,77.41208081729727,Waste,Completed,LOW,0,LOW
244,23.261631510388337,77.40959371409376,Drainage,Cancelled,MEDIUM,0,LOW
245,23.25749940718589,77.41210851387183,Water Supply,Pending,MEDIUM,0,LOW
246,23.259230997528316,77.4120545528605,Streetlight,Completed,LOW,0,LOW
247,23.258950109377675,77.40720622671411,Waste,Completed,LOW,0,LOW
248,23.25859334153485,77.41249141026697,Pothole,Cancelled,MEDIUM,0,LOW
249,23.26343090848056,77.41213813093958,Streetlight,Cancelled,LOW,0,LOW
250,23.26070996342192,77.41399241272963,Drainage,Completed,MEDIUM,0,LOW
251,23.257378232091327,77.41629791218989,Waste,Pending,MEDIUM,0,LOW
252,23.26173572389411,77.41485313005909,Waste,Completed,LOW,0,LOW
253,23.264144312394023,77.41206222261889,Streetlight,Pending,MEDIUM,0,LOW
254,23.2619649305211,77.41038694818252,Pothole,Completed,LOW,0,LOW
255,23.25686126006809,77.4177467196065,Waste,Cancelled,LOW,0,LOW
256,23.258931531854262,77.41271843686803,Waste,Pending,MEDIUM,0,LOW
257,23.262433822298373,77.41262785858382,Pothole,Completed,MEDIUM,0,LOW
258,23.25848466106876,77.41255174982578,Drainage,Pending,HIGH,0,LOW
259,23.26078763885629,77.41299616952153,Water Supply,Completed,MEDIUM,0,LOW
260,23.26144926810686,77.41231127917615,Streetlight,Pending,MEDIUM,0,LOW
261,23.25804613905684,77.41145267598624,Pothole,Completed,MEDIUM,0,LOW
262,23.259780949287876,77.41150628211751,Waste,Cancelled,MEDIUM,0,LOW
263,23.25341746531986,77.41253449345956,Pothole,Cancelled,LOW,1,LOW
264,23.257851224717328,77.41151315045774,Pothole,Pending,HIGH,0,LOW
265,23.259394863697217,77.41117430843464,Streetlight,Completed,LOW,0,LOW
266,23.25740443363607,77.41281286045538,Pothole,Completed,MEDIUM,0,LOW
267,23.263164822607862,77.41209004556515,Waste,Pending,MEDIUM,0,LOW
268,23.257039717244076,77.41560798597716,Waste,Pending,MEDIUM,0,LOW
269,23.25901991102661,77.40729806038321,Pothole,Pending,MEDIUM,0,LOW
270,23.26016148115457,77.41478301370384,Waste,Cancelled,LOW,0,LOW
271,23.26278254657813,77.415092170385,Waste,Completed,LOW,0,LOW
272,23.25702827569764,77.40845321953518,Water Supply,Completed,MEDIUM,0,LOW
273,23.262226327504308,77.41191462481184,Pothole,Pending,HIGH,0,LOW
274,23.259920466122036,77.411857118268,Pothole,Completed,MEDIUM,0,LOW
275,23.257936982697903,77.40978497661057,Drainage,Pending,MEDIUM,0,LOW
276,23.260824206948524,77.41104436662482,Water Supply,Pending,HIGH,0,LOW
277,23.260298119391145,77.41037884830907,Streetlight,Completed,LOW,0,LOW
278,23.25869956624568,77.41610454088685,Drainage,Pending,MEDIUM,0,LOW
279,23.26003960416998,77.4144713567863,Pothole,Completed,MEDIUM,0,LOW
280,23.25912937280627,77.41514311018999,Pothole,Pending,HIGH,0,LOW
281,23.260127034690505,77.41404334412809,Pothole,Completed,MEDIUM,0,LOW
282,23.26122426134904,77.41034189645757,Streetlight,Completed,LOW,0,LOW
283,23.263072033632287,77.41155095946743,Streetlight,Completed,LOW,0,LOW
284,23.257424369002344,77.41357874912245,Pothole,Pending,HIGH,0,LOW
285,23.26416606674931,77.41015574438221,Waste,Pending,MEDIUM,0,LOW
286,23.25599582440095,77.41402599686035,Streetlight,Cancelled,HIGH,0,LOW
287,23.25959642980993,77.41211934920368,Waste,Pending,MEDIUM,0,LOW
288,23.26107663441297,77.4118503583849,Streetlight,Completed,LOW,0,LOW
289,23.260461983735468,77.4140219199364,Streetlight,Cancelled,MEDIUM,0,LOW
290,23.25865460096036,77.41348852662297,Streetlight,Pending,MEDIUM,0,LOW
291,23.25948375549928,77.41187806766835,Drainage,Pending,MEDIUM,0,LOW
292,23.25891399813068,77.41491865960673,Drainage,Completed,LOW,0,LOW
293,23.25872127048611,77.4104378733448,Pothole,Cancelled,MEDIUM,0,LOW
294,23.26159920419404,77.41383187121389,Streetlight,Cancelled,MEDIUM,0,LOW
295,23.26061403097193,77.41378620251594,Streetlight,Completed,LOW,0,LOW
296,23.25851418080948,77.41198090712138,Waste,Completed,LOW,0,LOW
297,23.261699199750865,77.41325226604448,Waste,Pending,MEDIUM,0,LOW
298,23.260514599041752,77.41009777284722,Waste,Cancelled,LOW,0,LOW
299,23.261525724237675,77.41444805403842,Pothole,Cancelled,MEDIUM,0,LOW
300,23.261159257683847,77.4122301957271,Streetlight,Pending,MEDIUM,0,LOW
301,23.25824200997815,77.41155455395896,Drainage,Pending,HIGH,0,LOW
302,23.25877963791961,77.41469801845167,Waste,Pending,MEDIUM,0,LOW
303,23.261394587210244,77.41119131261891,Waste,Pending,MEDIUM,0,LOW
304,23.261120740530867,77.40978307740727,Water Supply,Completed,MEDIUM,0,LOW
305,23.25985819681207,77.40948674165296,Waste,Pending,MEDIUM,0,LOW
306,23.260134654766617,77.4138120199027,Pothole,Pending,HIGH,0,LOW
307,23.262455329791575,77.410039141295,Streetlight,Pending,MEDIUM,0,LOW
308,23.258716857222325,77.41610958836397,Pothole,Cancelled,MEDIUM,0,LOW
309,23.26099419476234,77.40843614118423,Waste,Completed,LOW,0,LOW
310,23.25949561469513,77.41599291273658,Waste,Pending,MEDIUM,0,LOW
311,23.259464637593545,77.4130220349344,Waste,Pending,MEDIUM,0,LOW
312,23.262097553703978,77.41240657377625,Streetlight,Cancelled,MEDIUM,0,LOW
313,23.261550832697974,77.41151016182639,Pothole,Completed,MEDIUM,0,LOW
314,23.261527019272,77.4133982722287,Waste,Pending,MEDIUM,0,LOW
315,23.262510957614307,77.41252473059515,Streetlight,Pending,MEDIUM,0,LOW
316,23.259942007683264,77.41480660376403,Drainage,Pending,HIGH,0,LOW
317,23.261263905942588,77.41282845529732,Waste,Pending,MEDIUM,0,LOW
318,23.259279466486813,77.41290060352293,Pothole,Completed,MEDIUM,0,LOW
319,23.260548332704975,77.41187277557557,Streetlight,Cancelled,MEDIUM,0,LOW
320,23.259639713891264,77.41248610875256,Waste,Pending,MEDIUM,0,LOW
321,23.260093991929985,77.41321560353778,Pothole,Completed,MEDIUM,0,LOW
322,23.261090314050872,77.40917966321469,Streetlight,Completed,LOW,0,LOW
323,23.25826355863353,77.40990362915579,Drainage,Completed,LOW,0,LOW
324,23.264084774551367,77.41408652818804,Drainage,Completed,LOW,0,LOW
325,23.257887965237,77.41294173087626,Streetlight,Pending,MEDIUM,0,LOW
326,23.25747162277442,77.41223203332729,Streetlight,Pending,MEDIUM,0,LOW
327,23.262216221747,77.41263686786613,Pothole,Completed,MEDIUM,0,LOW
328,23.261483325387925,77.41329516341072,Streetlight,Pending,MEDIUM,0,LOW
329,23.261148239634103,77.41152048063938,Pothole,Pending,HIGH,0,LOW
330,23.261156691018527,77.4110433905492,Waste,Pending,MEDIUM,0,LOW
331,23.259875506454303,77.4129916905102,Streetlight,Cancelled,MEDIUM,0,LOW
332,23.258105491257027,77.41064325444476,Streetlight,Completed,LOW,0,LOW
333,23.260051609116385,77.41341650551142,Pothole,Completed,HIGH,0,LOW
334,23.258545676576976,77.40919483279153,Water Supply,Completed,MEDIUM,0,LOW
335,23.261850239466835,77.41465831127465,Waste,Completed,MEDIUM,0,LOW
336,23.259605885236994,77.41354519496483,Pothole,Completed,MEDIUM,0,LOW
337,23.258249005606412,77.41311205946863,Waste,Completed,LOW,0,LOW
338,23.25925722831669,77.41456538196789,Drainage,Pending,HIGH,0,LOW
339,23.26072586290855,77.41593094888893,Streetlight,Completed,LOW,0,LOW
340,23.258772550894392,77.41462874013003,Pothole,Completed,MEDIUM,0,LOW
341,23.258255559208862,77.40891825153733,Streetlight,Completed,LOW,0,LOW
342,23.260387374422983,77.41004084606652,Pothole,Pending,HIGH,0,LOW
343,23.260389933142218,77.4113503628446,Drainage,Pending,HIGH,0,LOW
344,23.258886113649258,77.41265218210042,Pothole,Pending,HIGH,0,LOW
345,23.258957923388763,77.41363531804093,Pothole,Completed,MEDIUM,0,LOW
346,23.26036409987471,77.41114851237369,Water Supply,Pending,HIGH,0,LOW
347,23.257003831317004,77.41297353352896,Waste,Pending,MEDIUM,0,LOW
348,23.257085072451247,77.41108923413529,Waste,Completed,MEDIUM,0,LOW
349,23.258463111557493,77.41137696439401,Streetlight,Pending,MEDIUM,0,LOW
350,23.259473105696575,77.4097866778063,Water Supply,Completed,MEDIUM,0,LOW
351,23.260521815131195,77.41075353350777,Pothole,Pending,HIGH,0,LOW
352,23.2628507124339,77.40989663078877,Waste,Cancelled,LOW,0,LOW
353,23.261615319246403,77.41064825349405,Pothole,Completed,MEDIUM,0,LOW
354,23.259580122940072,77.41470728359322,Pothole,Completed,MEDIUM,0,LOW
355,23.259861967584193,77.41070120222233,Waste,Pending,MEDIUM,0,LOW
356,23.257894941270724,77.41786476412967,Streetlight,Completed,LOW,0,LOW
357,23.259862973728012,77.41358663580176,Water Supply,Pending,HIGH,0,LOW
358,23.259322682722157,77.41296967224739,Pothole,Pending,HIGH,0,LOW
359,23.260545437120676,77.41088328443963,Pothole,Pending,HIGH,0,LOW
360,23.258245538112895,77.41400061975881,Pothole,Completed,MEDIUM,0,LOW
361,23.26093869302848,77.41144872434752,Waste,Pending,MEDIUM,0,LOW
362,23.262965477826004,77.41284401962929,Drainage,Pending,MEDIUM,0,LOW
363,23.259682479703084,77.41772016907653,Pothole,Pending,MEDIUM,0,LOW
364,23.260703423444195,77.41240788020055,Pothole,Completed,MEDIUM,0,LOW
365,23.26128028798342,77.41489854665257,Streetlight,Completed,LOW,0,LOW
366,23.259097559056222,77.41119364714974,Pothole,Completed,MEDIUM,0,LOW
367,23.260348184963615,77.412530023019,Streetlight,Completed,LOW,0,LOW
368,23.259925184801563,77.41614160127126,Waste,Pending,MEDIUM,0,LOW
369,23.260095352197094,77.41134606588442,Drainage,Completed,MEDIUM,0,LOW
370,23.25835398043229,77.416224897116,Water Supply,Completed,MEDIUM,0,LOW
371,23.259949020348515,77.41401550387091,Streetlight,Pending,MEDIUM,0,LOW
372,23.26089599658249,77.4114750664482,Water Supply,Pending,MEDIUM,0,LOW
373,23.26280228721559,77.4138648154781,Waste,Completed,LOW,0,LOW
374,23.26181854165217,77.41454510889925,Pothole,Completed,MEDIUM,0,LOW
375,23.264206364915022,77.41384361992444,Streetlight,Completed,LOW,0,LOW
376,23.25836530487422,77.40945955056021,Streetlight,Pending,MEDIUM,0,LOW
377,23.26164464127344,77.41114572564835,Pothole,Completed,MEDIUM,0,LOW
378,23.260266684011476,77.41210496272889,Pothole,Completed,MEDIUM,0,LOW
379,23.264279605866435,77.4124511331418,Waste,Pending,MEDIUM,0,LOW
380,23.25828340342929,77.4138413441951,Pothole,Completed,MEDIUM,0,LOW
381,23.258220556315635,77.41295540200187,Waste,Pending,MEDIUM,0,LOW
382,23.25870121470911,77.40992931128258,Streetlight,Completed,LOW,0,LOW
383,23.25565220855138,77.41336039570201,Waste,Pending,MEDIUM,0,LOW
384,23.258848489956637,77.41382117149057,Waste,Cancelled,LOW,0,LOW
385,23.25838173467689,77.41371958089586,Streetlight,Completed,LOW,0,LOW
386,23.260200787572952,77.4147615614511,Streetlight,Completed,LOW,0,LOW
387,23.260583511951552,77.4142678443091,Drainage,Pending,HIGH,0,LOW
388,23.26365234167843,77.41351836015845,Streetlight,Cancelled,LOW,0,LOW
389,23.26180084767637,77.41245966857709,Pothole,Completed,MEDIUM,0,LOW
390,23.258746192688672,77.40927807813297,Drainage,Pending,MEDIUM,0,LOW
391,23.2581031706573,77.41345923643826,Pothole,Completed,MEDIUM,0,LOW
392,23.260883838343013,77.41301537537433,Waste,Pending,MEDIUM,0,LOW
393,23.257259533585955,77.41314315767438,Streetlight,Completed,LOW,0,LOW
394,23.263562917531708,77.41004650284836,Water Supply,Pending,HIGH,0,LOW
395,23.26225888024144,77.41043788691918,Pothole,Completed,LOW,0,LOW
396,23.258961648695788,77.41470630570666,Waste,Pending,MEDIUM,0,LOW
397,23.256473730941817,77.41252088969229,Waste,Cancelled,LOW,0,LOW
398,23.26260774474833,77.41396300139475,Waste,Pending,MEDIUM,0,LOW
399,23.259670920309492,77.41265663675226,Pothole,Cancelled,MEDIUM,0,LOW
400,23.262375632623947,77.41265951227899,Streetlight,Completed,LOW,0,LOW
401,23.27187656761195,77.4280172153011,Waste,Completed,LOW,2,LOW
402,23.26896791054357,77.4256932197728,Water Supply,Completed,MEDIUM,2,LOW
403,23.27019224155388,77.42872207650463,Drainage,Pending,HIGH,2,LOW
404,23.26907544942259,77.42735382041319,Streetlight,Pending,MEDIUM,2,LOW
405,23.269131007545138,77.43328403032028,Drainage,Pending,MEDIUM,2,LOW
406,23.26938165575306,77.43201963417869,Waste,Completed,LOW,2,LOW
407,23.270444267543265,77.42862369930965,Pothole,Completed,MEDIUM,2,LOW
408,23.269042502756673,77.4345048716107,Streetlight,Completed,LOW,2,LOW
409,23.272511512251143,77.43196353097399,Drainage,Pending,MEDIUM,2,LOW
410,23.26821078539556,77.42935033723299,Drainage,Pending,HIGH,2,LOW
411,23.26962625671168,77.42500118857026,Waste,Pending,MEDIUM,2,LOW
412,23.269120537883452,77.43458188514519,Water Supply,Cancelled,MEDIUM,2,LOW
413,23.27289395576871,77.42722085506648,Waste,Completed,LOW,2,LOW
414,23.270393109553023,77.42670920250609,Drainage,Pending,MEDIUM,2,LOW
415,23.272063689078937,77.43204514086402,Water Supply,Completed,MEDIUM,2,LOW
416,23.267028879253925,77.43487950481268,Waste,Pending,MEDIUM,2,LOW
417,23.270534100531737,77.43276854563703,Streetlight,Cancelled,LOW,2,LOW
418,23.271779261591245,77.43112781824011,Waste,Completed,LOW,2,LOW
419,23.27016456797855,77.43118950868333,Pothole,Pending,HIGH,2,LOW
420,23.27213096075013,77.43170683111757,Pothole,Completed,LOW,2,LOW
421,23.2689654230998,77.43151785717959,Streetlight,Pending,MEDIUM,2,LOW
422,23.27281869488037,77.43056238284795,Water Supply,Cancelled,MEDIUM,2,LOW
423,23.27459779624724,77.43020840220791,Streetlight,Pending,MEDIUM,2,LOW
424,23.26927432287912,77.4298748137442,Pothole,Completed,MEDIUM,2,LOW
425,23.269108994957197,77.42849207082227,Drainage,Pending,HIGH,2,LOW
426,23.272906768954236,77.42943864984628,Water Supply,Completed,MEDIUM,2,LOW
427,23.273159144291466,77.42661408637161,Waste,Completed,LOW,2,LOW
428,23.268954279945692,77.42980332074642,Water Supply,Completed,MEDIUM,2,LOW
429,23.26915962636581,77.4280228177857,Waste,Completed,LOW,2,LOW
430,23.26943643078228,77.42779282136557,Drainage,Completed,MEDIUM,2,LOW
431,23.26731109897793,77.43035978830231,Waste,Pending,MEDIUM,2,LOW
432,23.26816269610703,77.4327840045727,Waste,Pending,MEDIUM,2,LOW
433,23.267991718466497,77.43183663321201,Pothole,Pending,MEDIUM,2,LOW
434,23.268464404869793,77.42685899879277,Streetlight,Cancelled,LOW,2,LOW
435,23.269930630225225,77.42802074372686,Pothole,Pending,MEDIUM,2,LOW
436,23.270468429465073,77.43188154237599,Waste,Completed,LOW,2,LOW
437,23.273101000985623,77.42803502521294,Streetlight,Completed,LOW,2,LOW
438,23.26800329191852,77.42955073370001,Water Supply,Pending,HIGH,2,LOW
439,23.271968644796953,77.43110010419805,Pothole,Pending,HIGH,2,LOW
440,23.26957202231155,77.42806331109028,Waste,Pending,MEDIUM,2,LOW
441,23.269901072580694,77.4302107510123,Pothole,Completed,MEDIUM,2,LOW
442,23.271349638984333,77.42733194901017,Waste,Pending,MEDIUM,2,LOW
443,23.267754555956873,77.4287972647121,Drainage,Pending,MEDIUM,2,LOW
444,23.270764819492367,77.4306395638683,Drainage,Completed,MEDIUM,2,LOW
445,23.270332904416424,77.42681401253294,Streetlight,Cancelled,LOW,2,LOW
446,23.270984902528017,77.43088094947593,Pothole,Pending,HIGH,2,LOW
447,23.270578337287816,77.42996072440215,Drainage,Pending,HIGH,2,LOW
448,23.27491060027982,77.43110497990884,Streetlight,Pending,MEDIUM,2,LOW
449,23.268724520031498,77.43044782826814,Drainage,Completed,MEDIUM,2,LOW
450,23.268938006089996,77.43272828085995,Streetlight,Completed,LOW,2,LOW
451,23.26875371894715,77.4302504490053,Drainage,Pending,HIGH,2,LOW
452,23.26888904576168,77.42914118891775,Streetlight,Pending,MEDIUM,2,LOW
453,23.268725225745385,77.43024459500607,Pothole,Completed,MEDIUM,2,LOW
454,23.272378033062218,77.43108659605808,Water Supply,Completed,MEDIUM,2,LOW
455,23.27284100849598,77.43009772014067,Pothole,Pending,MEDIUM,2,LOW
456,23.2688585074125,77.43008118338241,Streetlight,Completed,LOW,2,LOW
457,23.26833528885379,77.4285960166244,Waste,Pending,HIGH,2,LOW
458,23.270942831112773,77.4286741981649,Streetlight,Pending,MEDIUM,2,LOW
459,23.26889555391144,77.42719478945641,Streetlight,Completed,LOW,2,LOW
460,23.27126586363551,77.43349915348638,Waste,Completed,LOW,2,LOW
461,23.2704058460417,77.42751227352922,Waste,Pending,MEDIUM,2,LOW
462,23.266968511770006,77.42861418960442,Streetlight,Cancelled,LOW,2,LOW
463,23.27309501040266,77.42856318546887,Drainage,Pending,MEDIUM,2,LOW
464,23.27359175534619,77.4317898487539,Pothole,Completed,LOW,2,LOW
465,23.268774422619032,77.42941010064342,Waste,Pending,MEDIUM,2,LOW
466,23.26922459688013,77.43249548414535,Streetlight,Completed,LOW,2,LOW
467,23.270571730781448,77.42865301875152,Waste,Cancelled,LOW,2,LOW
468,23.270668913579975,77.43055798832445,Pothole,Pending,HIGH,2,LOW
469,23.271317088545345,77.42832930589348,Waste,Cancelled,LOW,2,LOW
470,23.274020409077533,77.43429029825555,Waste,Completed,LOW,2,LOW
471,23.26964610554501,77.42762480316195,Waste,Completed,MEDIUM,2,LOW
472,23.268403405510924,77.43061964142046,Pothole,Pending,HIGH,2,LOW
473,23.26724136154397,77.43126755376187,Waste,Completed,HIGH,2,LOW
474,23.26853813992011,77.43082759819491,Pothole,Completed,MEDIUM,2,LOW
475,23.269933746054253,77.42962942468225,Pothole,Pending,HIGH,2,LOW
476,23.27358911572703,77.42974035860054,Pothole,Cancelled,MEDIUM,2,LOW
477,23.268964777401926,77.43008762294396,Pothole,Pending,HIGH,2,LOW
478,23.270447575903276,77.42970599599676,Drainage,Pending,HIGH,2,LOW
479,23.269967154207855,77.4319277582336,Waste,Pending,MEDIUM,2,LOW
480,23.272376786546896,77.4344210460032,Pothole,Completed,LOW,2,LOW
481,23.275053864851746,77.42888501642999,Waste,Completed,LOW,2,LOW
482,23.26893826245416,77.42726039404084,Waste,Pending,MEDIUM,2,LOW
483,23.269021121114964,77.4298234359033,Streetlight,Cancelled,LOW,2,LOW
484,23.272088321754136,77.43515941867531,Streetlight,Pending,MEDIUM,2,LOW
485,23.271363782979257,77.42839265086407,Drainage,Pending,HIGH,2,LOW
486,23.273693414651472,77.43327823361089,Streetlight,Pending,MEDIUM,2,LOW
487,23.271167856370653,77.43335540162816,Water Supply,Completed,MEDIUM,2,LOW
488,23.269281415818423,77.42889282351659,Waste,Cancelled,LOW,2,LOW
489,23.271181309661383,77.43113796615837,Waste,Completed,LOW,2,LOW
490,23.272217407161165,77.43325679324626,Waste,Completed,LOW,2,LOW
491,23.27164096436239,77.42924174451804,Waste,Pending,MEDIUM,2,LOW
492,23.271014548062215,77.4295928392798,Pothole,Completed,MEDIUM,2,LOW
493,23.272133349379175,77.42883663817211,Streetlight,Completed,LOW,2,LOW
494,23.27233859118089,77.42797048653863,Waste,Pending,MEDIUM,2,LOW
495,23.272764317982073,77.42870144490988,Water Supply,Pending,HIGH,2,LOW
496,23.27129741977518,77.42755211946648,Drainage,Completed,MEDIUM,2,LOW
497,23.269665763839367,77.43006816693652,Waste,Pending,MEDIUM,2,LOW
498,23.270293427372867,77.42846005353789,Waste,Completed,LOW,2,LOW
499,23.272413017933015,77.43046757182358,Waste,Pending,MEDIUM,2,LOW
500,23.268366128658027,77.4268882087076,Waste,Pending,MEDIUM,2,LOW
501,23.270737346617747,77.43066176046443,Waste,Completed,LOW,2,LOW
502,23.269213322375347,77.43166705792322,Pothole,Pending,HIGH,2,LOW
503,23.27005748964587,77.42601252871486,Waste,Completed,LOW,2,LOW
504,23.272556903725217,77.4307481131397,Pothole,Completed,MEDIUM,2,LOW
505,23.27038219813604,77.43245533798495,Water Supply,Pending,HIGH,2,LOW
506,23.270092873096313,77.42758071796263,Streetlight,Cancelled,LOW,2,LOW
507,23.26728028771804,77.43334514477368,Water Supply,Completed,MEDIUM,2,LOW
508,23.271492507132056,77.43083803801873,Waste,Pending,MEDIUM,2,LOW
509,23.271290968362283,77.42858997628849,Pothole,Completed,MEDIUM,2,LOW
510,23.27432650944661,77.4298884618447,Streetlight,Pending,MEDIUM,2,LOW
511,23.269384443530093,77.43111665382504,Waste,Completed,LOW,2,LOW
512,23.27043830065533,77.43015201078283,Waste,Completed,LOW,2,LOW
513,23.27049876736742,77.4310775119849,Streetlight,Cancelled,LOW,2,LOW
514,23.27315490655953,77.42815865281385,Streetlight,Completed,LOW,2,LOW
515,23.269809408935227,77.43033872164808,Pothole,Completed,MEDIUM,2,LOW
516,23.27055804305154,77.4271725710062,Pothole,Completed,MEDIUM,2,LOW
517,23.271215793019433,77.42977754787731,Pothole,Pending,HIGH,2,LOW
518,23.270373218246313,77.42819218471708,Waste,Pending,MEDIUM,2,LOW
519,23.2691071327709,77.42852894011483,Pothole,Completed,MEDIUM,2,LOW
520,23.270388179985797,77.43247218635042,Waste,Pending,MEDIUM,2,LOW
521,23.27214726349972,77.43218262024119,Waste,Pending,MEDIUM,2,LOW
522,23.267946969401176,77.43121827624182,Water Supply,Completed,MEDIUM,2,LOW
523,23.270265939348292,77.42781537447067,Streetlight,Completed,LOW,2,LOW
524,23.26859975837012,77.42936718310062,Streetlight,Pending,MEDIUM,2,LOW
525,23.27239009325785,77.43242619539997,Pothole,Pending,MEDIUM,2,LOW
526,23.266953626190432,77.43028343382728,Pothole,Pending,MEDIUM,2,LOW
527,23.268882156305455,77.43463865907997,Waste,Completed,LOW,2,LOW
528,23.27075442375013,77.4307866356788,Waste,Pending,MEDIUM,2,LOW
529,23.273131048058467,77.43038409823299,Waste,Completed,LOW,2,LOW
530,23.269868499477855,77.4293817670716,Drainage,Pending,HIGH,2,LOW
531,23.268889600946615,77.43026708180957,Streetlight,Completed,LOW,2,LOW
532,23.27376231413888,77.42969506032725,Pothole,Pending,MEDIUM,2,LOW
533,23.26710397219917,77.43141621735339,Pothole,Completed,LOW,2,LOW
534,23.26560238808676,77.43191340463359,Water Supply,Pending,HIGH,2,LOW
535,23.270880028900105,77.42842802107899,Waste,Completed,LOW,2,LOW
536,23.268995891551295,77.42733753409289,Waste,Pending,MEDIUM,2,LOW
537,23.26795753436574,77.4263275892538,Pothole,Completed,LOW,2,LOW
538,23.2714167128946,77.43101598265383,Drainage,Completed,MEDIUM,2,LOW
539,23.270487601427543,77.42779326678766,Water Supply,Pending,HIGH,2,LOW
540,23.268871842738527,77.4256942188141,Waste,Completed,LOW,2,LOW
541,23.267439391202657,77.43077715720906,Drainage,Pending,MEDIUM,2,LOW
542,23.27174491465656,77.43498599903488,Drainage,Pending,MEDIUM,2,LOW
543,23.271300402355916,77.42998785817693,Waste,Pending,MEDIUM,2,LOW
544,23.26980164827244,77.4316769815489,Pothole,Pending,HIGH,2,LOW
545,23.273693273992095,77.4301636587171,Pothole,Completed,LOW,2,LOW
546,23.267859830467348,77.42980222069363,Water Supply,Completed,MEDIUM,2,LOW
547,23.26694894965815,77.43183815296598,Waste,Pending,MEDIUM,2,LOW
548,23.26861618386024,77.42941945091162,Drainage,Pending,HIGH,2,LOW
549,23.26990882796729,77.43053478462815,Pothole,Completed,MEDIUM,2,LOW
550,23.27048667889865,77.43064339561239,Streetlight,Cancelled,LOW,2,LOW
551,23.26951752788429,77.42866381909272,Pothole,Completed,MEDIUM,2,LOW
552,23.270704110793027,77.43198408469908,Streetlight,Cancelled,LOW,2,LOW
553,23.26749692115162,77.42965008048661,Drainage,Pending,MEDIUM,2,LOW
554,23.272887529208145,77.42848850968102,Drainage,Pending,MEDIUM,2,LOW
555,23.269835697643213,77.43107301968715,Drainage,Completed,MEDIUM,2,LOW
556,23.272234591663175,77.42820306403642,Waste,Pending,MEDIUM,2,LOW
557,23.270685450692756,77.43005636231474,Streetlight,Completed,LOW,2,LOW
558,23.27091350643831,77.42998176200672,Waste,Pending,LOW,2,LOW
559,23.271139534560465,77.43217179113167,Pothole,Completed,MEDIUM,2,LOW
560,23.27089541712003,77.43094939646576,Pothole,Completed,MEDIUM,2,LOW
561,23.271285445519737,77.42994994608252,Pothole,Completed,MEDIUM,2,LOW
562,23.272658305060265,77.4316355325984,Pothole,Pending,MEDIUM,2,LOW
563,23.270393042339403,77.43278041509804,Water Supply,Completed,MEDIUM,2,LOW
564,23.271418007515177,77.43111562061272,Waste,Pending,LOW,2,LOW
565,23.269820528611422,77.4300207052397,Streetlight,Pending,MEDIUM,2,LOW
566,23.2728802344309,77.42737632753531,Pothole,Completed,LOW,2,LOW
567,23.26864721539588,77.42786977267386,Waste,Pending,MEDIUM,2,LOW
568,23.273601880865822,77.4293895505913,Waste,Pending,MEDIUM,2,LOW
569,23.26991968409871,77.42878097559569,Water Supply,Pending,HIGH,2,LOW
570,23.267138449795763,77.42962605739403,Drainage,Pending,MEDIUM,2,LOW
571,23.27025620882982,77.43011329984981,Water Supply,Cancelled,MEDIUM,2,LOW
572,23.26863789668505,77.43105938550872,Water Supply,Pending,HIGH,2,LOW
573,23.271681287097977,77.42985900244389,Waste,Pending,MEDIUM,2,LOW
574,23.26869475204139,77.43097300328766,Pothole,Completed,MEDIUM,2,LOW
575,23.26910763313357,77.43012894882963,Streetlight,Pending,MEDIUM,2,LOW
576,23.26622091853811,77.4260490668673,Pothole,Pending,MEDIUM,2,LOW
577,23.269095387361503,77.42812132921237,Pothole,Pending,MEDIUM,2,LOW
578,23.26515224134674,77.42971182488856,Pothole,Completed,LOW,2,LOW
579,23.26683219435303,77.42758061051433,Streetlight,Completed,LOW,2,LOW
580,23.271520829312287,77.43119985746,Streetlight,Pending,MEDIUM,2,LOW
581,23.2715716003173,77.4330615016647,Waste,Pending,MEDIUM,2,LOW
582,23.27085091512357,77.4324375237034,Pothole,Cancelled,MEDIUM,2,LOW
583,23.26806604771374,77.42957311425815,Streetlight,Pending,MEDIUM,2,LOW
584,23.269904577287715,77.43298145227371,Streetlight,Pending,MEDIUM,2,LOW
585,23.26999279492182,77.43029733491441,Waste,Pending,MEDIUM,2,LOW
586,23.267683270621617,77.42932582805777,Streetlight,Completed,LOW,2,LOW
587,23.273006796603532,77.42877319467293,Waste,Completed,LOW,2,LOW
588,23.27175472458115,77.42939506062703,Pothole,Pending,HIGH,2,LOW
589,23.26955807165234,77.42922364636293,Drainage,Completed,MEDIUM,2,LOW
590,23.27005377167799,77.43034083244476,Streetlight,Pending,MEDIUM,2,LOW
591,23.270416765615895,77.4303211479621,Waste,Pending,MEDIUM,2,LOW
592,23.26591653026315,77.43000609204032,Streetlight,Completed,LOW,2,LOW
593,23.26950564523496,77.4308738763395,Streetlight,Pending,MEDIUM,2,LOW
594,23.26863603150401,77.43238129254958,Drainage,Pending,MEDIUM,2,LOW
595,23.26799675998021,77.43189910827088,Streetlight,Pending,MEDIUM,2,LOW
596,23.269437799414227,77.4270302040631,Streetlight,Completed,LOW,2,LOW
597,23.2735953730537,77.4248921577302,Pothole,Pending,MEDIUM,2,LOW
598,23.271281685722535,77.43186863982248,Waste,Completed,LOW,2,LOW
599,23.268857642020436,77.42726624260318,Waste,Pending,MEDIUM,2,LOW
600,23.27114516556271,77.42955046919622,Pothole,Completed,LOW,2,LOW
601,23.27279871087317,77.4276597739479,Streetlight,Pending,MEDIUM,2,LOW
602,23.271849267365827,77.42639603912485,Pothole,Completed,LOW,2,LOW
603,23.27011926073984,77.43108292545642,Waste,Pending,MEDIUM,2,LOW
604,23.268706126444588,77.43151831032061,Waste,Cancelled,LOW,2,LOW
605,23.271396446627225,77.42884697919855,Pothole,Pending,HIGH,2,LOW
606,23.270786970770843,77.42481791541572,Waste,Pending,MEDIUM,2,LOW
607,23.271790386440056,77.4289075111035,Streetlight,Completed,LOW,2,LOW
608,23.27127034360336,77.43078360801081,Waste,Pending,MEDIUM,2,LOW
609,23.272099105430637,77.42704217686246,Streetlight,Pending,MEDIUM,2,LOW
610,23.26892952957688,77.43036671983957,Water Supply,Cancelled,MEDIUM,2,LOW
611,23.272634788131267,77.42996938030166,Waste,Cancelled,HIGH,2,LOW
612,23.270395199209386,77.4311585829992,Pothole,Pending,HIGH,2,LOW
613,23.27415052174525,77.43023916073683,Waste,Cancelled,LOW,2,LOW
614,23.26862162436382,77.42805386211825,Streetlight,Completed,LOW,2,LOW
615,23.27347192760633,77.43239314300334,Streetlight,Pending,MEDIUM,2,LOW
616,23.270395821566925,77.42968294085395,Pothole,Completed,MEDIUM,2,LOW
617,23.26869716399277,77.42994539092099,Pothole,Completed,MEDIUM,2,LOW
618,23.26903222833189,77.42813346408187,Drainage,Cancelled,MEDIUM,2,LOW
619,23.26935930538361,77.42911343549763,Waste,Pending,MEDIUM,2,LOW
620,23.270848331892804,77.42823039457195,Waste,Completed,LOW,2,LOW
621,23.271045670976072,77.42965410788015,Drainage,Pending,HIGH,2,LOW
622,23.268852599992123,77.4334234169603,Streetlight,Pending,MEDIUM,2,LOW
623,23.269951290815477,77.42725619771414,Drainage,Pending,HIGH,2,LOW
624,23.274284540717225,77.42677287720426,Streetlight,Cancelled,LOW,2,LOW
625,23.273455086340203,77.43294234065499,Drainage,Completed,LOW,2,LOW
626,23.27087264733935,77.4295813526457,Pothole,Completed,MEDIUM,2,LOW
627,23.270076006956337,77.42866185452269,Streetlight,Completed,LOW,2,LOW
628,23.270240062653436,77.4320798093748,Water Supply,Pending,HIGH,2,LOW
629,23.27122703594546,77.42878876892053,Streetlight,Pending,HIGH,2,LOW
630,23.267954414869603,77.4336520194271,Waste,Pending,MEDIUM,2,LOW
631,23.269485246925154,77.43135585174268,Waste,Pending,MEDIUM,2,LOW
632,23.266662831852244,77.42902417718372,Waste,Completed,LOW,2,LOW
633,23.27079844624521,77.43431461642653,Waste,Pending,MEDIUM,2,LOW
634,23.271294391879405,77.428788570154,Pothole,Pending,HIGH,2,LOW
635,23.2690336270754,77.43148419074403,Streetlight,Pending,MEDIUM,2,LOW
636,23.27314797352658,77.43059858516082,Streetlight,Pending,MEDIUM,2,LOW
637,23.267548468673994,77.4326034825788,Pothole,Completed,LOW,2,LOW
638,23.26707125023958,77.43312302239346,Streetlight,Cancelled,LOW,2,LOW
639,23.27044890363712,77.43006400829813,Waste,Completed,LOW,2,LOW
640,23.272094196605224,77.42849316425931,Waste,Completed,LOW,2,LOW
641,23.273367855382915,77.43091994428589,Waste,Pending,LOW,2,LOW
642,23.26908223147426,77.4286445692605,Pothole,Pending,HIGH,2,LOW
643,23.272157361666864,77.43402677449507,Waste,Pending,MEDIUM,2,LOW
644,23.269922983060997,77.43027307066217,Waste,Completed,LOW,2,LOW
645,23.26965474540012,77.42926935689738,Pothole,Completed,MEDIUM,2,LOW
646,23.27176731987497,77.43036936061173,Drainage,Pending,HIGH,2,LOW
647,23.271304645756825,77.42730574742095,Waste,Pending,MEDIUM,2,LOW
648,23.26684721568603,77.42805677192298,Streetlight,Completed,LOW,2,LOW
649,23.272953080699452,77.4324008278159,Streetlight,Completed,LOW,2,LOW
650,23.272760182708293,77.42868621144207,Drainage,Cancelled,MEDIUM,2,LOW
651,23.26874887459698,77.42790617803465,Water Supply,Completed,MEDIUM,2,LOW
652,23.270791607066876,77.43107330550507,Waste,Pending,MEDIUM,2,LOW
653,23.270988060372567,77.43237140830934,Waste,Pending,MEDIUM,2,LOW
654,23.27052134753165,77.43143790662134,Drainage,Pending,HIGH,2,LOW
655,23.268899389692308,77.43199209537161,Pothole,Pending,MEDIUM,2,LOW
656,23.268656753264125,77.42848640982287,Streetlight,Pending,MEDIUM,2,LOW
657,23.269948891858014,77.42715637866652,Streetlight,Completed,LOW,2,LOW
658,23.27234545803852,77.43300266730392,Streetlight,Completed,LOW,2,LOW
659,23.27108720030919,77.42935464032232,Water Supply,Pending,HIGH,2,LOW
660,23.269258771335828,77.4294983339671,Water Supply,Completed,MEDIUM,2,LOW
661,23.271543397421297,77.4326563882837,Streetlight,Pending,MEDIUM,2,LOW
662,23.26430291475874,77.43111246001881,Waste,Pending,LOW,2,LOW
663,23.272297531400746,77.43091177554417,Drainage,Pending,HIGH,2,LOW
664,23.26652057244244,77.43433000468981,Waste,Pending,MEDIUM,2,LOW
665,23.269275118117193,77.42871296353924,Waste,Pending,MEDIUM,2,LOW
666,23.267760660210747,77.43185568025616,Drainage,Pending,MEDIUM,2,LOW
667,23.267410637048556,77.4301140262498,Waste,Pending,MEDIUM,2,LOW
668,23.272321653574757,77.43053718455774,Waste,Cancelled,LOW,2,LOW
669,23.269064597597374,77.43305693685284,Waste,Pending,MEDIUM,2,LOW
670,23.270693007763462,77.43101567151258,Drainage,Pending,HIGH,2,LOW
671,23.26990615884224,77.4310765921581,Pothole,Pending,HIGH,2,LOW
672,23.270954081654445,77.43214501467463,Streetlight,Completed,LOW,2,LOW
673,23.27015364378212,77.42927009454093,Waste,Pending,MEDIUM,2,LOW
674,23.267434015551625,77.42832158066533,Drainage,Completed,LOW,2,LOW
675,23.271992533638898,77.42791038161197,Drainage,Pending,HIGH,2,LOW
676,23.269012486833677,77.42606728682125,Pothole,Completed,LOW,2,LOW
677,23.26688683620268,77.43411241425989,Pothole,Completed,LOW,2,LOW
678,23.269143769678067,77.42779358326857,Waste,Pending,MEDIUM,2,LOW
679,23.273001519581268,77.42955749275283,Water Supply,Pending,HIGH,2,LOW
680,23.271700443484228,77.42944637340022,Streetlight,Pending,MEDIUM,2,LOW
681,23.269302695731184,77.43061481339562,Water Supply,Completed,MEDIUM,2,LOW
682,23.269301484591363,77.43163147442509,Pothole,Pending,HIGH,2,LOW
683,23.269356729897567,77.43172094697672,Drainage,Pending,HIGH,2,LOW
684,23.27415349596712,77.42883384512287,Drainage,Cancelled,MEDIUM,2,LOW
685,23.270763870904464,77.42966575657243,Streetlight,Pending,MEDIUM,2,LOW
686,23.27086008329438,77.43056515990098,Water Supply,Completed,MEDIUM,2,LOW
687,23.272060566908063,77.42950261774764,Pothole,Completed,MEDIUM,2,LOW
688,23.27047757831805,77.43321469115205,Waste,Pending,MEDIUM,2,LOW
689,23.26948191570836,77.43098194990328,Streetlight,Pending,MEDIUM,2,LOW
690,23.26960730030183,77.43146975557211,Streetlight,Pending,MEDIUM,2,LOW
691,23.26985679748117,77.43132576253734,Streetlight,Completed,LOW,2,LOW
692,23.26992555552698,77.43234694771498,Waste,Completed,LOW,2,LOW
693,23.271455259087272,77.43036204311741,Pothole,Completed,MEDIUM,2,LOW
694,23.270103891771615,77.4274063361041,Pothole,Cancelled,MEDIUM,2,LOW
695,23.27146528015443,77.43079937590352,Pothole,Completed,MEDIUM,2,LOW
696,23.269838566839784,77.42869728621243,Streetlight,Pending,MEDIUM,2,LOW
697,23.270157270380633,77.42894276663651,Streetlight,Pending,MEDIUM,2,LOW
698,23.266003598630935,77.43117272803752,Waste,Completed,LOW,2,LOW
699,23.271832655349403,77.43247656614287,Pothole,Pending,MEDIUM,2,LOW
700,23.270692976951796,77.43004254315348,Waste,Pending,MEDIUM,2,LOW
701,23.271996020219717,77.4306176660252,Waste,Completed,LOW,2,LOW
702,23.264207489243613,77.43340442988928,Drainage,Pending,MEDIUM,2,LOW
703,23.274176749409563,77.43048150635899,Water Supply,Cancelled,MEDIUM,2,LOW
704,23.26972082074369,77.43520336622836,Pothole,Completed,LOW,2,LOW
705,23.272216365633476,77.43113101929127,Drainage,Pending,HIGH,2,LOW
706,23.267920188145748,77.4264784744817,Drainage,Cancelled,MEDIUM,2,LOW
707,23.27122554781013,77.43150668324222,Drainage,Pending,HIGH,2,LOW
708,23.267893168873652,77.43076231676977,Waste,Pending,MEDIUM,2,LOW
709,23.26875246207861,77.43257950550817,Water Supply,Completed,MEDIUM,2,LOW
710,23.273828062707732,77.43134636270254,Pothole,Pending,MEDIUM,2,LOW
711,23.269618635198473,77.42972308803203,Pothole,Completed,MEDIUM,2,LOW
712,23.27043486574636,77.42755140352743,Waste,Pending,MEDIUM,2,LOW
713,23.27174013546138,77.42958195348544,Pothole,Completed,MEDIUM,2,LOW
714,23.270991363775945,77.42829895909159,Waste,Pending,MEDIUM,2,LOW
715,23.27030083781029,77.4288389531004,Waste,Completed,LOW,2,LOW
716,23.270729922004932,77.43117715680884,Pothole,Completed,MEDIUM,2,LOW
717,23.274806831170476,77.43333980900871,Drainage,Pending,MEDIUM,2,LOW
718,23.269884762405933,77.43078934305966,Drainage,Pending,HIGH,2,LOW
719,23.27040219809343,77.42760823387593,Pothole,Pending,MEDIUM,2,LOW
720,23.272101308792013,77.43088920533644,Drainage,Pending,HIGH,2,LOW
721,23.272211051865916,77.43239326297329,Drainage,Completed,LOW,2,LOW
722,23.27237406061112,77.42878043419137,Drainage,Completed,MEDIUM,2,LOW
723,23.271277460444058,77.42973196566666,Waste,Pending,MEDIUM,2,LOW
724,23.26771399017454,77.43002937638947,Streetlight,Pending,MEDIUM,2,LOW
725,23.2732668630646,77.42843020337384,Water Supply,Pending,HIGH,2,LOW
726,23.26770730921396,77.4312965608677,Streetlight,Completed,LOW,2,LOW
727,23.27060527093048,77.4297581037028,Pothole,Pending,HIGH,2,LOW
728,23.26849144829996,77.43083906488782,Pothole,Cancelled,MEDIUM,2,LOW
729,23.269871723306817,77.4282250156444,Streetlight,Completed,LOW,2,LOW
730,23.270657524820606,77.42912508339936,Pothole,Pending,HIGH,2,LOW
731,23.2706427144309,77.43144476271566,Waste,Pending,MEDIUM,2,LOW
732,23.27084384150847,77.42925433369582,Pothole,Cancelled,MEDIUM,2,LOW
733,23.273227422538117,77.43345392770247,Drainage,Pending,MEDIUM,2,LOW
734,23.270907068603027,77.42920072762878,Drainage,Pending,HIGH,2,LOW
735,23.26951168672942,77.43044936945151,Waste,Pending,MEDIUM,2,LOW
736,23.271928174336576,77.43186518166375,Water Supply,Completed,MEDIUM,2,LOW
737,23.27237894097785,77.42716326853414,Pothole,Completed,LOW,2,LOW
738,23.26754478436973,77.42647838237605,Streetlight,Completed,LOW,2,LOW
739,23.2711948001397,77.42694868737087,Drainage,Completed,LOW,2,LOW
740,23.27140234548462,77.43252516820687,Drainage,Completed,MEDIUM,2,LOW
741,23.26940487299328,77.42889628370823,Water Supply,Cancelled,MEDIUM,2,LOW
742,23.272751413626622,77.43511639857134,Pothole,Pending,MEDIUM,2,LOW
743,23.269699888825933,77.42887150480269,Drainage,Pending,HIGH,2,LOW
744,23.270251152906944,77.4303691026064,Waste,Completed,LOW,2,LOW
745,23.269653856351432,77.43308421990514,Streetlight,Completed,LOW,2,LOW
746,23.27003115809516,77.43401218577633,Streetlight,Completed,LOW,2,LOW
747,23.267807449826208,77.43412300715327,Streetlight,Pending,MEDIUM,2,LOW
748,23.26711989823481,77.43241673246119,Waste,Completed,LOW,2,LOW
749,23.27318901012645,77.43204812505164,Drainage,Completed,LOW,2,LOW
750,23.268306077303365,77.4311850538984,Waste,Pending,MEDIUM,2,LOW
751,23.251556722152333,77.4038023813715,Waste,Pending,MEDIUM,3,LOW
752,23.24889762856734,77.39987867837237,Streetlight,Pending,MEDIUM,3,LOW
753,23.248363602233155,77.39858318646618,Pothole,Pending,HIGH,3,LOW
754,23.24999325108518,77.39697257121477,Drainage,Pending,MEDIUM,3,LOW
755,23.24965963075495,77.3963937206475,Pothole,Completed,LOW,3,LOW
756,23.249093543901346,77.396831728114,Waste,Pending,MEDIUM,3,LOW
757,23.251392774894914,77.40053425330203,Drainage,Completed,MEDIUM,3,LOW
758,23.25191061041714,77.40101745004647,Pothole,Completed,LOW,3,LOW
759,23.250176813772583,77.39683761859594,Waste,Completed,LOW,3,LOW
760,23.252955060162112,77.40179007662816,Streetlight,Pending,MEDIUM,3,LOW
761,23.247716621771733,77.39903387789664,Pothole,Pending,MEDIUM,3,LOW
762,23.24961268108144,77.40029358602398,Streetlight,Completed,LOW,3,LOW
763,23.248566355358793,77.40322444125651,Pothole,Pending,MEDIUM,3,LOW
764,23.246266926765855,77.40179367863173,Drainage,Cancelled,LOW,3,LOW
765,23.249834638628315,77.39946293870419,Drainage,Completed,HIGH,3,LOW
766,23.24975650498323,77.39821761554917,Streetlight,Completed,LOW,3,LOW
767,23.253026899486485,77.39569636919735,Waste,Cancelled,LOW,3,LOW
768,23.25126162336911,77.39856169336151,Drainage,Pending,HIGH,3,LOW
769,23.24795162635134,77.39957773952236,Streetlight,Pending,MEDIUM,3,LOW
770,23.25370818513267,77.3980256409457,Streetlight,Completed,LOW,3,LOW
771,23.25244206739105,77.39973748606582,Pothole,Pending,MEDIUM,3,LOW
772,23.251164195406936,77.40015370376592,Drainage,Cancelled,MEDIUM,3,LOW
773,23.2495470318023,77.3995502880364,Streetlight,Pending,MEDIUM,3,LOW
774,23.248081121526553,77.39869999483835,Waste,Pending,MEDIUM,3,LOW
775,23.24925558644786,77.40033730934394,Pothole,Completed,MEDIUM,3,LOW
776,23.25217749723941,77.40088388129915,Drainage,Completed,MEDIUM,3,LOW
777,23.253769172611868,77.39781920184512,Waste,Pending,MEDIUM,3,LOW
778,23.253086487056542,77.4028218647595,Water Supply,Pending,HIGH,3,LOW
779,23.249022301156423,77.39980282373544,Streetlight,Completed,LOW,3,LOW
780,23.24776076513342,77.4000376992459,Streetlight,Pending,MEDIUM,3,LOW
781,23.25028177249382,77.40141642884652,Waste,Completed,LOW,3,LOW
782,23.24646312126887,77.40046643226253,Waste,Pending,MEDIUM,3,LOW
783,23.25064633542837,77.40190627326783,Water Supply,Completed,MEDIUM,3,LOW
784,23.2497047948274,77.40057424833041,Waste,Completed,LOW,3,LOW
785,23.249067926996265,77.39877512525072,Drainage,Pending,HIGH,3,LOW
786,23.246810593865465,77.40072300705042,Pothole,Completed,LOW,3,LOW
787,23.25102720021314,77.39771254758537,Waste,Completed,LOW,3,LOW
788,23.248934598320677,77.40021711941156,Waste,Pending,MEDIUM,3,LOW
789,23.24766016632858,77.39993354001872,Pothole,Cancelled,MEDIUM,3,LOW
790,23.244255475573436,77.39958376628546,Water Supply,Completed,MEDIUM,3,LOW
791,23.249944970189897,77.39974292497713,Pothole,Pending,HIGH,3,LOW
792,23.25354450319334,77.39623630190901,Pothole,Pending,MEDIUM,3,LOW
793,23.253322518429098,77.39890255018453,Pothole,Cancelled,LOW,3,LOW
794,23.24908580748683,77.40018568980229,Pothole,Pending,HIGH,3,LOW
795,23.24879557587928,77.400319712784,Pothole,Completed,MEDIUM,3,LOW
796,23.25093754851215,77.39794464971816,Drainage,Completed,MEDIUM,3,LOW
797,23.248003229121625,77.40253141568174,Pothole,Pending,MEDIUM,3,LOW
798,23.25060358379964,77.39826765030358,Pothole,Pending,HIGH,3,LOW
799,23.25153216055677,77.40193891440106,Waste,Completed,LOW,3,LOW
800,23.25245386644777,77.40085438872374,Water Supply,Pending,HIGH,3,LOW
801,23.24979969184704,77.39870754538032,Waste,Completed,LOW,3,LOW
802,23.249592652499647,77.40355062178523,Waste,Pending,MEDIUM,3,LOW
803,23.248244034826488,77.39761272633649,Streetlight,Completed,LOW,3,LOW
804,23.24834623929192,77.40183830834722,Streetlight,Completed,LOW,3,LOW
805,23.249547042216197,77.40200116463609,Pothole,Pending,MEDIUM,3,LOW
806,23.250734731013633,77.39865875958185,Pothole,Completed,MEDIUM,3,LOW
807,23.251827169252465,77.40278493060013,Drainage,Pending,MEDIUM,3,LOW
808,23.24839364209864,77.3994999069708,Waste,Pending,MEDIUM,3,LOW
809,23.25298537713792,77.40057738725856,Drainage,Pending,HIGH,3,LOW
810,23.249457752797916,77.40052064367755,Streetlight,Completed,LOW,3,LOW
811,23.249957265411304,77.39973138251706,Pothole,Pending,HIGH,3,LOW
812,23.248505576641705,77.40162161654632,Pothole,Completed,LOW,3,LOW
813,23.245151519479453,77.40158697744111,Waste,Completed,LOW,3,LOW
814,23.251768090792723,77.39650293605352,Drainage,Pending,MEDIUM,3,LOW
815,23.251473687794185,77.40260868048576,Pothole,Pending,MEDIUM,3,LOW
816,23.249437344885763,77.39667501602393,Pothole,Cancelled,LOW,3,LOW
817,23.25013398143445,77.40206509240869,Streetlight,Completed,LOW,3,LOW
818,23.25103187843541,77.40225341027366,Water Supply,Completed,MEDIUM,3,LOW
819,23.246874908286227,77.39781806713958,Pothole,Completed,LOW,3,LOW
820,23.248941894645306,77.3991783714241,Water Supply,Pending,HIGH,3,LOW
821,23.251588529359243,77.39778859066304,Pothole,Completed,LOW,3,LOW
822,23.24749142115366,77.39957015793942,Waste,Pending,MEDIUM,3,LOW
823,23.250587115864334,77.39938393143163,Waste,Pending,MEDIUM,3,LOW
824,23.247286836390753,77.40155932106454,Pothole,Pending,MEDIUM,3,LOW
825,23.250932859964863,77.40262061749225,Waste,Pending,MEDIUM,3,LOW
826,23.24992871703541,77.40279136762159,Waste,Pending,MEDIUM,3,LOW
827,23.24676973636819,77.39887566394685,Water Supply,Cancelled,MEDIUM,3,LOW
828,23.252329478708916,77.39958155625251,Drainage,Pending,HIGH,3,LOW
829,23.248530816846404,77.39663312361556,Streetlight,Completed,LOW,3,LOW
830,23.24837949512597,77.39838825986702,Waste,Pending,MEDIUM,3,LOW
831,23.250401138394466,77.4019297032662,Waste,Pending,MEDIUM,3,LOW
832,23.252297274698854,77.4032311656471,Waste,Completed,LOW,3,LOW
833,23.247968356362044,77.39753130225624,Streetlight,Completed,LOW,3,LOW
834,23.250123359699696,77.3988150714817,Water Supply,Completed,MEDIUM,3,LOW
835,23.25085763300066,77.39994718848608,Pothole,Pending,HIGH,3,LOW
836,23.251386211214527,77.40056032231765,Waste,Completed,LOW,3,LOW
837,23.250352883110555,77.39838079296017,Pothole,Pending,HIGH,3,LOW
838,23.24926594432183,77.40084812208893,Pothole,Pending,HIGH,3,LOW
839,23.248344819558703,77.39905232130586,Pothole,Completed,MEDIUM,3,LOW
840,23.25017228776609,77.39997109545826,Streetlight,Pending,MEDIUM,3,LOW
841,23.24785572197603,77.40109256849601,Streetlight,Pending,MEDIUM,3,LOW
842,23.24415729903301,77.40001284453963,Waste,Completed,LOW,3,LOW
843,23.250873119608315,77.39912722821896,Waste,Completed,LOW,3,LOW
844,23.25180786968217,77.39978078039215,Water Supply,Completed,MEDIUM,3,LOW
845,23.245274135128916,77.3998232740816,Waste,Pending,MEDIUM,3,LOW
846,23.24798053859058,77.39925997794025,Waste,Pending,MEDIUM,3,LOW
847,23.25123830852201,77.39948240787467,Waste,Pending,MEDIUM,3,LOW
848,23.254114990939424,77.40319729434101,Waste,Cancelled,LOW,3,LOW
849,23.25004158741535,77.40112183889589,Pothole,Completed,MEDIUM,3,LOW
850,23.24854399411754,77.39940903936395,Drainage,Completed,MEDIUM,3,LOW
851,23.24963420711779,77.40139390880903,Pothole,Pending,HIGH,3,LOW
852,23.252749752838294,77.3993323610205,Pothole,Completed,LOW,3,LOW
853,23.24870807164175,77.40234624927518,Streetlight,Pending,MEDIUM,3,LOW
854,23.2484016159867,77.4007392843844,Pothole,Completed,MEDIUM,3,LOW
855,23.249034512955635,77.399785395712,Drainage,Cancelled,MEDIUM,3,LOW
856,23.248093342783484,77.40089543385163,Drainage,Cancelled,MEDIUM,3,LOW
857,23.250245340631988,77.39685824769587,Waste,Pending,LOW,3,LOW
858,23.25324935691694,77.39774646506218,Drainage,Pending,MEDIUM,3,LOW
859,23.250646158546232,77.39761214998721,Pothole,Cancelled,MEDIUM,3,LOW
860,23.249495292995743,77.40028588618954,Water Supply,Completed,MEDIUM,3,LOW
861,23.24941637746217,77.40346502999897,Pothole,Pending,MEDIUM,3,LOW
862,23.246873618382608,77.40446260029239,Water Supply,Completed,MEDIUM,3,LOW
863,23.251766219554295,77.40127610220289,Drainage,Pending,HIGH,3,LOW
864,23.249844325605977,77.40100168894989,Waste,Pending,MEDIUM,3,LOW
865,23.24963904017282,77.3963978845317,Pothole,Completed,LOW,3,LOW
866,23.25638621513569,77.39891465240053,Water Supply,Completed,MEDIUM,3,LOW
867,23.25059750581673,77.39842443249618,Drainage,Pending,HIGH,3,LOW
868,23.24849641789981,77.39875830480351,Waste,Pending,MEDIUM,3,LOW
869,23.249147284807588,77.39966371236284,Streetlight,Completed,LOW,3,LOW
870,23.252296891418393,77.39905581884462,Pothole,Completed,LOW,3,LOW
871,23.250226540821075,77.39604140037926,Waste,Completed,LOW,3,LOW
872,23.247123444043364,77.40149582051224,Pothole,Pending,MEDIUM,3,LOW
873,23.25183845786915,77.39785451394853,Waste,Cancelled,LOW,3,LOW
874,23.24866371182892,77.40047849372823,Drainage,Cancelled,MEDIUM,3,LOW
875,23.253746595552435,77.4041481653395,Pothole,Pending,HIGH,3,LOW
876,23.25216009613143,77.39816123081684,Drainage,Pending,HIGH,3,LOW
877,23.249105356208684,77.39493942495452,Waste,Completed,LOW,3,LOW
878,23.25256203272347,77.39942799155625,Pothole,Completed,LOW,3,LOW
879,23.250135711021056,77.40220191927,Waste,Cancelled,LOW,3,LOW
880,23.251705547350245,77.40391669490845,Waste,Completed,LOW,3,LOW
881,23.25096946563459,77.3975409008111,Waste,Completed,LOW,3,LOW
882,23.248307286690014,77.40099339844647,Waste,Pending,MEDIUM,3,LOW
883,23.248712900335367,77.39906937908644,Streetlight,Pending,HIGH,3,LOW
884,23.25205992163516,77.3997881032914,Waste,Pending,MEDIUM,3,LOW
885,23.249330449335787,77.40528868669404,Pothole,Completed,LOW,3,LOW
886,23.249192703073515,77.39699405934321,Pothole,Completed,LOW,3,LOW
887,23.248089754841303,77.400507479323,Drainage,Pending,MEDIUM,3,LOW
888,23.250847198131183,77.40093538634353,Water Supply,Completed,MEDIUM,3,LOW
889,23.254125049838485,77.40217157264989,Pothole,Pending,MEDIUM,3,LOW
890,23.247864934171492,77.40019596630695,Pothole,Completed,MEDIUM,3,LOW
891,23.250048438913343,77.40061610107901,Waste,Pending,MEDIUM,3,LOW
892,23.252824441110832,77.39921670286516,Water Supply,Completed,MEDIUM,3,LOW
893,23.24984071721751,77.4005382538825,Waste,Completed,LOW,3,LOW
894,23.2509047435925,77.39931361544902,Waste,Completed,LOW,3,LOW
895,23.247875212943708,77.40124314377972,Waste,Cancelled,LOW,3,LOW
896,23.250856614194415,77.39926077932792,Pothole,Pending,HIGH,3,LOW
897,23.249625711469992,77.40075420078782,Waste,Pending,MEDIUM,3,LOW
898,23.25197145999136,77.39994147437264,Drainage,Pending,HIGH,3,LOW
899,23.252374772103128,77.40225210050156,Waste,Pending,MEDIUM,3,LOW
900,23.25517912728404,77.39989721255283,Streetlight,Completed,LOW,3,LOW
901,23.251159266346427,77.39645393506359,Waste,Completed,LOW,3,LOW
902,23.250651592633165,77.40252384300143,Waste,Completed,LOW,3,LOW
903,23.250388768603155,77.39818853539828,Water Supply,Pending,HIGH,3,LOW
904,23.249293667414378,77.3986924673227,Waste,Completed,LOW,3,LOW
905,23.250676967686925,77.39880867741192,Drainage,Pending,HIGH,3,LOW
906,23.249409197179723,77.40274887618635,Pothole,Completed,LOW,3,LOW
907,23.250336921952535,77.39572865157204,Waste,Pending,MEDIUM,3,LOW
908,23.252635195071218,77.40627549706733,Water Supply,Pending,HIGH,3,LOW
909,23.24798691486944,77.40211211361813,Waste,Pending,MEDIUM,3,LOW
910,23.25227975712226,77.40044647782827,Drainage,Cancelled,MEDIUM,3,LOW
911,23.25263423013468,77.39989021199877,Waste,Pending,MEDIUM,3,LOW
912,23.24976386294602,77.40057110814972,Drainage,Pending,HIGH,3,LOW
913,23.24575629020198,77.40104224485677,Waste,Completed,LOW,3,LOW
914,23.248784356025812,77.4012904311719,Pothole,Pending,HIGH,3,LOW
915,23.25259398909312,77.40111120893201,Drainage,Pending,HIGH,3,LOW
916,23.2499542638754,77.40017916136252,Water Supply,Completed,MEDIUM,3,LOW
917,23.24800139553541,77.39960532315939,Water Supply,Pending,HIGH,3,LOW
918,23.248990450157542,77.3996974534327,Drainage,Cancelled,MEDIUM,3,LOW
919,23.25168124005301,77.39961018343931,Drainage,Completed,MEDIUM,3,LOW
920,23.251093467136403,77.40226754019373,Waste,Pending,MEDIUM,3,LOW
921,23.249522135801666,77.40118711344456,Waste,Cancelled,LOW,3,LOW
922,23.24926635117637,77.39411922273068,Waste,Pending,MEDIUM,3,LOW
923,23.24921648370191,77.40131180155306,Pothole,Pending,HIGH,3,LOW
924,23.248155179631,77.40038947238945,Pothole,Pending,HIGH,3,LOW
925,23.25323075137894,77.39996258248712,Pothole,Completed,LOW,3,LOW
926,23.24935535906158,77.39922296309383,Waste,Pending,HIGH,3,LOW
927,23.25243431704165,77.40224822543998,Streetlight,Cancelled,LOW,3,LOW
928,23.253042632103845,77.40189505292425,Waste,Completed,LOW,3,LOW
929,23.251996621796295,77.39845424466436,Pothole,Pending,MEDIUM,3,LOW
930,23.249136759374565,77.40081410457425,Pothole,Completed,MEDIUM,3,LOW
931,23.25080746018067,77.39805668653092,Drainage,Completed,MEDIUM,3,LOW
932,23.249951608787217,77.39724076367042,Streetlight,Cancelled,LOW,3,LOW
933,23.24819259627854,77.39874656555082,Streetlight,Completed,LOW,3,LOW
934,23.250648718563443,77.40172478694477,Waste,Pending,MEDIUM,3,LOW
935,23.24764192041768,77.40190625009076,Pothole,Completed,LOW,3,LOW
936,23.252375358776924,77.4010261708402,Waste,Pending,MEDIUM,3,LOW
937,23.249070765405403,77.4014501915737,Pothole,Completed,HIGH,3,LOW
938,23.250402319311743,77.40103235657423,Pothole,Pending,HIGH,3,LOW
939,23.250566575743093,77.39871703680956,Waste,Pending,MEDIUM,3,LOW
940,23.249482190052593,77.40086384508935,Waste,Pending,MEDIUM,3,LOW
941,23.25117338760295,77.40160081905046,Water Supply,Pending,HIGH,3,LOW
942,23.249050192686756,77.40150858265963,Water Supply,Pending,HIGH,3,LOW
943,23.251742594594916,77.40237782674295,Pothole,Completed,LOW,3,LOW
944,23.247308040639503,77.4014166076944,Waste,Pending,MEDIUM,3,LOW
945,23.250252759159093,77.40070289641508,Waste,Pending,MEDIUM,3,LOW
946,23.253877857998116,77.40214030047665,Pothole,Completed,MEDIUM,3,LOW
947,23.247999337350787,77.3999469574815,Water Supply,Cancelled,MEDIUM,3,LOW
948,23.248644510058952,77.39823625069755,Waste,Pending,MEDIUM,3,LOW
949,23.251027815699317,77.39967386607212,Drainage,Pending,HIGH,3,LOW
950,23.25035916356388,77.3985101947104,Waste,Pending,MEDIUM,3,LOW
951,23.250701260198547,77.39864964345006,Water Supply,Completed,MEDIUM,3,LOW
952,23.250978374260296,77.39971096265857,Pothole,Cancelled,MEDIUM,3,LOW
953,23.25126944293712,77.39841516015801,Drainage,Pending,HIGH,3,LOW
954,23.252219399683913,77.39938407694073,Pothole,Pending,MEDIUM,3,LOW
955,23.250819637313857,77.3962127706661,Streetlight,Cancelled,LOW,3,LOW
956,23.249517484690763,77.40042658741476,Waste,Pending,MEDIUM,3,LOW
957,23.251345147402404,77.40000241095073,Waste,Completed,LOW,3,LOW
958,23.25379976386979,77.39836582273787,Water Supply,Completed,LOW,3,LOW
959,23.249734732507235,77.40131849133687,Water Supply,Pending,HIGH,3,LOW
960,23.24805094139066,77.40187514027527,Drainage,Pending,MEDIUM,3,LOW
961,23.252214161338575,77.39678488027127,Streetlight,Pending,MEDIUM,3,LOW
962,23.249759237672095,77.39847455044287,Drainage,Completed,MEDIUM,3,LOW
963,23.24565466090797,77.39846171530043,Waste,Cancelled,LOW,3,LOW
964,23.2516948433543,77.3981201937978,Pothole,Pending,MEDIUM,3,LOW
965,23.24892934362809,77.40165894968386,Pothole,Completed,MEDIUM,3,LOW
966,23.249818933435392,77.39961234772247,Streetlight,Pending,MEDIUM,3,LOW
967,23.25066396066114,77.39947097031738,Pothole,Completed,MEDIUM,3,LOW
968,23.250380999359557,77.3959922752712,Waste,Pending,MEDIUM,3,LOW
969,23.25141890363428,77.40127083606042,Streetlight,Cancelled,LOW,3,LOW
970,23.24912902725886,77.3975214832103,Drainage,Completed,LOW,3,LOW
971,23.25102621159635,77.40011986526054,Pothole,Completed,MEDIUM,3,LOW
972,23.24948090664483,77.40055475387592,Waste,Completed,LOW,3,LOW
973,23.251477620961776,77.40272131719168,Waste,Completed,LOW,3,LOW
974,23.251230734968026,77.39738235920177,Waste,Cancelled,LOW,3,LOW
975,23.248129122595913,77.39396097568836,Waste,Completed,LOW,3,LOW
976,23.25217196423235,77.40036769908951,Streetlight,Cancelled,LOW,3,LOW
977,23.248928073109777,77.40360102236303,Streetlight,Completed,LOW,3,LOW
978,23.25161611559656,77.40247789270589,Streetlight,Pending,MEDIUM,3,LOW
979,23.250734574626804,77.40041931883056,Pothole,Completed,MEDIUM,3,LOW
980,23.25367636735359,77.39901672762875,Drainage,Pending,MEDIUM,3,LOW
981,23.249553068035254,77.40161424519329,Waste,Pending,MEDIUM,3,LOW
982,23.249301366407764,77.3980529076006,Pothole,Completed,LOW,3,LOW
983,23.249961160788224,77.40095271553872,Drainage,Completed,MEDIUM,3,LOW
984,23.24939364043433,77.40101094031834,Waste,Pending,MEDIUM,3,LOW
985,23.251599883803884,77.402120419815,Waste,Pending,MEDIUM,3,LOW
986,23.24676737878313,77.40551932007783,Drainage,Pending,MEDIUM,3,LOW
987,23.24789263516171,77.40078483193436,Pothole,Cancelled,MEDIUM,3,LOW
988,23.24786439415684,77.3989820727486,Streetlight,Pending,MEDIUM,3,LOW
989,23.251900615183946,77.39994885137563,Waste,Pending,MEDIUM,3,LOW
990,23.253421226745164,77.39646184819023,Streetlight,Completed,LOW,3,LOW
991,23.249791101562924,77.39861057373783,Pothole,Completed,MEDIUM,3,LOW
992,23.24966235655362,77.39918143512378,Waste,Pending,MEDIUM,3,LOW
993,23.250140104326228,77.39895182320414,Streetlight,Completed,LOW,3,LOW
994,23.252323756605215,77.40030470974408,Waste,Pending,MEDIUM,3,LOW
995,23.248145293731618,77.39835516013524,Pothole,Cancelled,MEDIUM,3,LOW
996,23.25047673796547,77.40224206133466,Waste,Pending,MEDIUM,3,LOW
997,23.251950395259566,77.40000041412985,Waste,Pending,MEDIUM,3,LOW
998,23.25100218833988,77.39998139935773,Waste,Pending,MEDIUM,3,LOW
999,23.2503791632332,77.39934421056698,Waste,Pending,MEDIUM,3,LOW
1000,23.252002092185133,77.40031038136772,Water Supply,Completed,MEDIUM,3,LOW
1001,23.244593535414,77.40165019652935,Waste,Pending,MEDIUM,3,LOW
1002,23.25135575063906,77.39826573956859,Pothole,Pending,MEDIUM,3,LOW
1003,23.248691848633744,77.39868376702185,Waste,Pending,MEDIUM,3,LOW
1004,23.246338734206287,77.39939254794245,Pothole,Pending,MEDIUM,3,LOW
1005,23.25102240519905,77.39730825815306,Water Supply,Pending,HIGH,3,LOW
1006,23.252747317090325,77.39836148428056,Waste,Completed,LOW,3,LOW
1007,23.249725102970743,77.39904755825292,Water Supply,Completed,MEDIUM,3,LOW
1008,23.251905749094405,77.40174877836144,Waste,Cancelled,LOW,3,LOW
1009,23.253224556515978,77.40052512265801,Streetlight,Completed,LOW,3,LOW
1010,23.252629828907168,77.40038717982274,Pothole,Completed,LOW,3,LOW
1011,23.253279929058746,77.40170179592434,Drainage,Pending,MEDIUM,3,LOW
1012,23.251484254982145,77.39972525642321,Streetlight,Completed,LOW,3,LOW
1013,23.250150867277803,77.40078092969986,Pothole,Completed,MEDIUM,3,LOW
1014,23.24679606837621,77.39979355649415,Waste,Completed,LOW,3,LOW
1015,23.249507875023745,77.40053072469881,Waste,Pending,MEDIUM,3,LOW
1016,23.248313506809367,77.39883448268478,Water Supply,Pending,HIGH,3,LOW
1017,23.254341885434997,77.39512236568345,Pothole,Completed,LOW,3,LOW
1018,23.249648228375136,77.39973144167563,Pothole,Completed,MEDIUM,3,LOW
1019,23.25024640961357,77.4028454962722,Drainage,Cancelled,MEDIUM,3,LOW
1020,23.251102970752083,77.4018524308045,Pothole,Pending,MEDIUM,3,LOW
1021,23.250087204892743,77.40193079496919,Water Supply,Pending,HIGH,3,LOW
1022,23.25339010208086,77.40247226144362,Streetlight,Pending,MEDIUM,3,LOW
1023,23.248754701276532,77.40017731518194,Streetlight,Completed,LOW,3,LOW
1024,23.250389214910474,77.40039463141481,Drainage,Pending,HIGH,3,LOW
1025,23.248515058828605,77.39876469620914,Waste,Pending,MEDIUM,3,LOW
1026,23.24735995497756,77.39936785428795,Waste,Cancelled,LOW,3,LOW
1027,23.24877646181819,77.40123154229954,Pothole,Pending,HIGH,3,LOW
1028,23.249925926405904,77.40240776887434,Waste,Completed,LOW,3,LOW
1029,23.249141395550964,77.39972110744864,Streetlight,Pending,MEDIUM,3,LOW
1030,23.248615158040252,77.3990996214703,Water Supply,Completed,MEDIUM,3,LOW
1031,23.247187365072655,77.40000105591771,Pothole,Completed,LOW,3,LOW
1032,23.249833788854744,77.40120241349787,Pothole,Cancelled,MEDIUM,3,LOW
1033,23.246990559251937,77.39711229036774,Water Supply,Cancelled,MEDIUM,3,LOW
1034,23.25152011192738,77.39540763809373,Pothole,Pending,MEDIUM,3,LOW
1035,23.25016487950587,77.39889892630102,Pothole,Pending,HIGH,3,LOW
1036,23.24708489700107,77.39755857514818,Pothole,Pending,MEDIUM,3,LOW
1037,23.2493815818459,77.39898371960471,Water Supply,Completed,MEDIUM,3,LOW
1038,23.248495687188814,77.39970443936237,Streetlight,Completed,LOW,3,LOW
1039,23.25063834902084,77.39909350318196,Drainage,Pending,HIGH,3,LOW
1040,23.252680900892045,77.40290493506895,Drainage,Completed,LOW,3,LOW
1041,23.24624965506071,77.4006534895292,Pothole,Pending,MEDIUM,3,LOW
1042,23.250230052158297,77.40060094871923,Pothole,Completed,MEDIUM,3,LOW
1043,23.24967973440887,77.40124441428809,Drainage,Cancelled,MEDIUM,3,LOW
1044,23.251342680152906,77.39772233376445,Pothole,Pending,MEDIUM,3,LOW
1045,23.250426393256475,77.40207822357485,Drainage,Pending,HIGH,3,LOW
1046,23.24849606133652,77.39984847142694,Water Supply,Pending,HIGH,3,LOW
1047,23.249361892128668,77.40134096123448,Streetlight,Completed,LOW,3,LOW
1048,23.248407948286392,77.39785628553392,Streetlight,Completed,MEDIUM,3,LOW
1049,23.252152014277197,77.39689248246798,Drainage,Pending,MEDIUM,3,LOW
1050,23.250042623297343,77.40163577931605,Drainage,Pending,MEDIUM,3,LOW
1051,23.240752819052194,77.42211987276809,Pothole,Pending,MEDIUM,4,LOW
1052,23.238195896891284,77.42123401189916,Waste,Pending,MEDIUM,4,LOW
1053,23.23826067383745,77.4213671386464,Pothole,Completed,LOW,4,LOW
1054,23.242250869568828,77.4172680885776,Streetlight,Pending,MEDIUM,4,LOW
1055,23.237621176214265,77.42242388797078,Pothole,Completed,LOW,4,LOW
1056,23.24328534590651,77.42052250106246,Streetlight,Completed,LOW,4,LOW
1057,23.238198758530704,77.4192614457215,Pothole,Pending,MEDIUM,4,LOW
1058,23.241276783851216,77.42028677693469,Streetlight,Pending,MEDIUM,4,LOW
1059,23.2393427630485,77.41644752953421,Waste,Completed,LOW,4,LOW
1060,23.241206374862163,77.42081730562296,Streetlight,Cancelled,LOW,4,LOW
1061,23.23891177199577,77.41794125698364,Pothole,Pending,MEDIUM,4,LOW
1062,23.239674414187853,77.41729465942831,Waste,Pending,MEDIUM,4,LOW
1063,23.24008183835079,77.41695528162757,Waste,Pending,MEDIUM,4,LOW
1064,23.23799562508843,77.42222537674998,Streetlight,Completed,LOW,4,LOW
1065,23.24148164869084,77.41874147321262,Pothole,Pending,MEDIUM,4,LOW
1066,23.238973572867057,77.42306745541984,Waste,Pending,MEDIUM,4,LOW
1067,23.23954280016932,77.4189283970739,Water Supply,Completed,MEDIUM,4,LOW
1068,23.238011301250783,77.41658528408482,Streetlight,Completed,LOW,4,LOW
1069,23.234875332682407,77.4177669511201,Water Supply,Pending,HIGH,4,LOW
1070,23.2396179444748,77.42247162324001,Pothole,Completed,LOW,4,LOW
1071,23.244825230843222,77.41968820364413,Pothole,Completed,LOW,4,LOW
1072,23.241569208575793,77.41890342540702,Drainage,Pending,MEDIUM,4,LOW
1073,23.23996147924053,77.42032003645171,Pothole,Pending,MEDIUM,4,LOW
1074,23.23947421834158,77.42100356547233,Streetlight,Completed,HIGH,4,LOW
1075,23.240044931785626,77.4222347976318,Waste,Pending,MEDIUM,4,LOW
1076,23.24109423823035,77.42289699845979,Pothole,Completed,LOW,4,LOW
1077,23.237638374369386,77.41928046270843,Waste,Cancelled,LOW,4,LOW
1078,23.242228643389335,77.41734790462783,Waste,Pending,MEDIUM,4,LOW
1079,23.24143076263088,77.41917306967775,Waste,Pending,MEDIUM,4,LOW
1080,23.241436371451417,77.42052056101316,Waste,Pending,MEDIUM,4,LOW
1081,23.240876951477617,77.41807248214758,Water Supply,Completed,MEDIUM,4,LOW
1082,23.240039233315382,77.41808569817022,Waste,Cancelled,LOW,4,LOW
1083,23.241345722471937,77.4206875757631,Streetlight,Completed,LOW,4,LOW
1084,23.24118362826748,77.41990269529686,Drainage,Pending,MEDIUM,4,LOW
1085,23.23929191857812,77.42006559399083,Streetlight,Completed,LOW,4,LOW
1086,23.238852796454204,77.4184830093306,Waste,Pending,MEDIUM,4,LOW
1087,23.24020371259052,77.41953919857158,Streetlight,Completed,LOW,4,LOW
1088,23.24309804030299,77.41815153371147,Streetlight,Pending,MEDIUM,4,LOW
1089,23.237521785848692,77.42178039682226,Streetlight,Pending,MEDIUM,4,LOW
1090,23.237064949468493,77.42207049866946,Drainage,Completed,LOW,4,LOW
1091,23.240329521682472,77.41630762427553,Water Supply,Completed,MEDIUM,4,LOW
1092,23.240101775403712,77.41814097827962,Streetlight,Pending,MEDIUM,4,LOW
1093,23.240346683328735,77.41700694148982,Pothole,Pending,MEDIUM,4,LOW
1094,23.240487906395817,77.41869995213119,Streetlight,Completed,LOW,4,LOW
1095,23.23955359549073,77.41983312406042,Waste,Completed,LOW,4,LOW
1096,23.2429797268772,77.4171007095606,Drainage,Pending,MEDIUM,4,LOW
1097,23.236798192043047,77.41815628037375,Waste,Pending,MEDIUM,4,LOW
1098,23.238343005950437,77.41799208525583,Pothole,Pending,MEDIUM,4,LOW
1099,23.239793490479705,77.4204145346588,Drainage,Cancelled,MEDIUM,4,LOW
1100,23.23671362237769,77.42013868867407,Streetlight,Completed,LOW,4,LOW
1101,23.239648291191138,77.41855652489333,Pothole,Completed,LOW,4,LOW
1102,23.243322940331453,77.42035364174428,Pothole,Completed,LOW,4,LOW
1103,23.24004177297659,77.41890663983082,Drainage,Pending,MEDIUM,4,LOW
1104,23.240461401811437,77.41945668977935,Pothole,Completed,MEDIUM,4,LOW
1105,23.237479670469657,77.4233469041806,Drainage,Pending,MEDIUM,4,LOW
1106,23.23876727718392,77.42268092210358,Waste,Pending,MEDIUM,4,LOW
1107,23.23924960723935,77.41740083752615,Drainage,Pending,MEDIUM,4,LOW
1108,23.239364569806487,77.42165946483576,Drainage,Pending,MEDIUM,4,LOW
1109,23.24256328759001,77.42162279310898,Waste,Cancelled,LOW,4,LOW
1110,23.24111538212145,77.41770347342249,Pothole,Pending,MEDIUM,4,LOW
1111,23.23777708408613,77.42163755528752,Waste,Completed,LOW,4,LOW
1112,23.24049300955686,77.42307586383683,Streetlight,Completed,LOW,4,LOW
1113,23.240996443496993,77.41775491038752,Pothole,Pending,MEDIUM,4,LOW
1114,23.24228029807704,77.41816499435798,Streetlight,Pending,MEDIUM,4,LOW
1115,23.243161081373135,77.4220353229337,Waste,Pending,MEDIUM,4,LOW
1116,23.237969811616345,77.42054299062166,Waste,Completed,LOW,4,LOW
1117,23.23837828497758,77.42110295255048,Waste,Pending,MEDIUM,4,LOW
1118,23.237484844282168,77.4206811784328,Pothole,Pending,MEDIUM,4,LOW
1119,23.239531960281784,77.42078139184186,Streetlight,Completed,LOW,4,LOW
1120,23.24093271674889,77.41734705574338,Drainage,Completed,LOW,4,LOW
1121,23.241974669033176,77.42209463541325,Streetlight,Pending,MEDIUM,4,LOW
1122,23.239848097952713,77.42233917998486,Pothole,Completed,LOW,4,LOW
1123,23.23936030495349,77.41954121851187,Water Supply,Completed,MEDIUM,4,LOW
1124,23.240303515984497,77.41991304610038,Streetlight,Completed,LOW,4,LOW
1125,23.238329714196738,77.41693778499489,Water Supply,Completed,MEDIUM,4,LOW
1126,23.244179077443388,77.42102850951204,Pothole,Pending,MEDIUM,4,LOW
1127,23.236784677945764,77.42114411488343,Waste,Completed,LOW,4,LOW
1128,23.24036948115779,77.419875617966,Waste,Completed,LOW,4,LOW
1129,23.244047212438456,77.42224870671974,Streetlight,Completed,LOW,4,LOW
1130,23.240013599689117,77.41933184553804,Waste,Completed,LOW,4,LOW
1131,23.239619921929997,77.42112921185179,Pothole,Completed,LOW,4,LOW
1132,23.239285109154377,77.41796067132262,Pothole,Pending,MEDIUM,4,LOW
1133,23.239639216636473,77.41995289569826,Streetlight,Completed,LOW,4,LOW
1134,23.242745696949353,77.4196512914842,Streetlight,Completed,LOW,4,LOW
1135,23.23557627617734,77.42045061584409,Waste,Completed,LOW,4,LOW
1136,23.24306686740259,77.41926094614233,Pothole,Pending,MEDIUM,4,LOW
1137,23.237152085695097,77.41973705480866,Streetlight,Cancelled,LOW,4,LOW
1138,23.23946669534153,77.42165209434289,Water Supply,Completed,MEDIUM,4,LOW
1139,23.239141511159403,77.41912647152553,Streetlight,Pending,MEDIUM,4,LOW
1140,23.24117710653954,77.41678684579853,Water Supply,Completed,MEDIUM,4,LOW
1141,23.236803751296232,77.42349916780842,Drainage,Completed,LOW,4,LOW
1142,23.24092434533216,77.42276290815738,Streetlight,Completed,LOW,4,LOW
1143,23.244048619246573,77.4174154746098,Waste,Pending,MEDIUM,4,LOW
1144,23.23727365199081,77.42137941561049,Streetlight,Completed,LOW,4,LOW
1145,23.24037941233522,77.4189940504589,Streetlight,Pending,MEDIUM,4,LOW
1146,23.238676035644406,77.42052697443066,Streetlight,Completed,LOW,4,LOW
1147,23.240851774412384,77.42058844825803,Pothole,Completed,MEDIUM,4,LOW
1148,23.24003829555483,77.41953118439937,Pothole,Completed,MEDIUM,4,LOW
1149,23.23871702618191,77.41843246866883,Pothole,Completed,LOW,4,LOW
1150,23.24097574456974,77.41861891789537,Pothole,Completed,LOW,4,LOW
1151,23.24360869621957,77.41816761616904,Waste,Pending,MEDIUM,4,LOW
1152,23.239618192416543,77.41833635558353,Drainage,Completed,LOW,4,LOW
1153,23.241439515884295,77.4198656434199,Waste,Pending,MEDIUM,4,LOW
1154,23.237413454084255,77.41856848002178,Waste,Pending,MEDIUM,4,LOW
1155,23.238087127246363,77.42136410413143,Pothole,Pending,MEDIUM,4,LOW
1156,23.24094481255576,77.42297449231067,Streetlight,Completed,LOW,4,LOW
1157,23.24296823205707,77.41883989351726,Pothole,Pending,MEDIUM,4,LOW
1158,23.24071122669757,77.42047880900107,Waste,Pending,MEDIUM,4,LOW
1159,23.239373883938953,77.42099937022061,Streetlight,Pending,MEDIUM,4,LOW
1160,23.239998582810845,77.42094400454184,Pothole,Pending,LOW,4,LOW
1161,23.23749918453206,77.42015191053584,Water Supply,Completed,MEDIUM,4,LOW
1162,23.24120903065271,77.42148536483673,Water Supply,Completed,MEDIUM,4,LOW
1163,23.241764666124645,77.42096449790536,Pothole,Pending,MEDIUM,4,LOW
1164,23.23909581933433,77.41752467515535,Pothole,Completed,LOW,4,LOW
1165,23.23905991570448,77.42173831212878,Streetlight,Completed,LOW,4,LOW
1166,23.2405317564593,77.42177458167454,Waste,Completed,LOW,4,LOW
1167,23.23912656052792,77.41847342779164,Pothole,Pending,MEDIUM,4,LOW
1168,23.239867734770748,77.4200758756709,Pothole,Completed,MEDIUM,4,LOW
1169,23.24419944357833,77.42136665798563,Water Supply,Pending,LOW,4,LOW
1170,23.239505948598502,77.41958137236084,Waste,Pending,MEDIUM,4,LOW
1171,23.239283319695957,77.42214595609553,Streetlight,Pending,MEDIUM,4,LOW
1172,23.238704916388727,77.42472774498924,Streetlight,Completed,LOW,4,LOW
1173,23.241488383942997,77.41842802793474,Pothole,Pending,MEDIUM,4,LOW
1174,23.23963755165356,77.41723791079369,Waste,Pending,MEDIUM,4,LOW
1175,23.238701253923356,77.42060763719121,Water Supply,Pending,HIGH,4,LOW
1176,23.242642608064543,77.42144312501026,Pothole,Completed,LOW,4,LOW
1177,23.242839206009027,77.4195382672523,Streetlight,Completed,LOW,4,LOW
1178,23.23879915286852,77.42290652132664,Waste,Pending,MEDIUM,4,LOW
1179,23.23626692009728,77.41732278840055,Pothole,Completed,LOW,4,LOW
1180,23.242015027379672,77.42138583724606,Pothole,Completed,LOW,4,LOW
1181,23.23863074034848,77.41878827835848,Waste,Completed,LOW,4,LOW
1182,23.241581251198323,77.42343875581241,Waste,Pending,MEDIUM,4,LOW
1183,23.236059792364575,77.42398503070633,Drainage,Completed,LOW,4,LOW
1184,23.2417851946766,77.41846668682443,Waste,Pending,MEDIUM,4,LOW
1185,23.237577656141436,77.41890088572818,Waste,Completed,LOW,4,LOW
1186,23.24146152823813,77.42171917577396,Pothole,Pending,MEDIUM,4,LOW
1187,23.240028546135672,77.41922573870042,Drainage,Pending,MEDIUM,4,LOW
1188,23.238092121161205,77.41990917756414,Waste,Pending,MEDIUM,4,LOW
1189,23.239185927374145,77.42005077684108,Streetlight,Completed,LOW,4,LOW
1190,23.241372636913912,77.41616065368761,Waste,Pending,MEDIUM,4,LOW
1191,23.24021178890623,77.41997232450781,Waste,Completed,LOW,4,LOW
1192,23.241168825960944,77.41862054445187,Waste,Pending,MEDIUM,4,LOW
1193,23.24395288116903,77.4190137543552,Drainage,Completed,LOW,4,LOW
1194,23.236871516776574,77.42288726400695,Waste,Completed,LOW,4,LOW
1195,23.243234425149936,77.41748698621144,Waste,Pending,MEDIUM,4,LOW
1196,23.240208711875045,77.42162641037349,Pothole,Completed,LOW,4,LOW
1197,23.238202431903353,77.41944207413934,Drainage,Completed,LOW,4,LOW
1198,23.23733937274852,77.41944047966301,Waste,Pending,MEDIUM,4,LOW
1199,23.239621759218444,77.4215807437921,Pothole,Completed,LOW,4,LOW
1200,23.24184330022385,77.42068010258915,Waste,Pending,MEDIUM,4,LOW
1201,23.239744901759245,77.42114122599445,Pothole,Completed,LOW,4,LOW
1202,23.243022309860493,77.42193636932107,Streetlight,Completed,MEDIUM,4,LOW
1203,23.237097648619898,77.41933738323364,Streetlight,Pending,LOW,4,LOW
1204,23.239975822104302,77.418775526531,Pothole,Pending,MEDIUM,4,LOW
1205,23.23749521311117,77.41782969894689,Pothole,Completed,LOW,4,LOW
1206,23.240727263765248,77.41834917894005,Waste,Completed,LOW,4,LOW
1207,23.241773774780192,77.42589818885062,Pothole,Cancelled,LOW,4,LOW
1208,23.239158476412637,77.42248935916147,Waste,Pending,MEDIUM,4,LOW
1209,23.234791572286746,77.41729785126759,Drainage,Completed,LOW,4,LOW
1210,23.24039789629359,77.41735508408651,Water Supply,Cancelled,MEDIUM,4,LOW
1211,23.240873477103467,77.42096373212344,Water Supply,Pending,HIGH,4,LOW
1212,23.24080858950992,77.42109452959475,Drainage,Pending,MEDIUM,4,LOW
1213,23.24247156438364,77.42109776767063,Streetlight,Completed,LOW,4,LOW
1214,23.2378578926407,77.4194900884129,Streetlight,Completed,LOW,4,LOW
1215,23.2413604322109,77.41974909148,Waste,Completed,LOW,4,LOW
1216,23.24238501502495,77.42065575904832,Streetlight,Completed,LOW,4,LOW
1217,23.236442824831983,77.42017178601259,Pothole,Pending,MEDIUM,4,LOW
1218,23.240639303651836,77.4155613992545,Pothole,Completed,LOW,4,LOW
1219,23.238991640337986,77.41954040073885,Drainage,Pending,MEDIUM,4,LOW
1220,23.239836954653796,77.41829718713149,Waste,Pending,MEDIUM,4,LOW
1221,23.240695352967077,77.42035042283781,Pothole,Completed,MEDIUM,4,LOW
1222,23.239025542871772,77.42597051800522,Water Supply,Pending,HIGH,4,LOW
1223,23.238648583841677,77.42073496333094,Waste,Completed,LOW,4,LOW
1224,23.240068304834978,77.41937294062765,Pothole,Completed,MEDIUM,4,LOW
1225,23.23782550812227,77.42184360300395,Water Supply,Completed,MEDIUM,4,LOW
1226,23.237828349742227,77.42096537577441,Streetlight,Pending,MEDIUM,4,LOW
1227,23.24135874656591,77.4208401889809,Pothole,Pending,MEDIUM,4,LOW
1228,23.23770241192968,77.42121370118643,Waste,Pending,MEDIUM,4,LOW
1229,23.241332625001817,77.42411308712965,Pothole,Cancelled,LOW,4,LOW
1230,23.240925182585705,77.41773822312935,Drainage,Completed,LOW,4,LOW
1231,23.236548386542417,77.42094726415363,Streetlight,Completed,LOW,4,LOW
1232,23.238644870695328,77.41814723774004,Pothole,Pending,MEDIUM,4,LOW
1233,23.24238821880609,77.42111102529269,Waste,Cancelled,LOW,4,LOW
1234,23.23803766893772,77.41816262697704,Waste,Pending,MEDIUM,4,LOW
1235,23.23907119147538,77.41916526637279,Water Supply,Pending,HIGH,4,LOW
1236,23.240924121786502,77.41940982017152,Pothole,Completed,MEDIUM,4,LOW
1237,23.24156678101856,77.4219516334387,Streetlight,Cancelled,LOW,4,LOW
1238,23.23949692222791,77.42183690888788,Waste,Pending,MEDIUM,4,LOW
1239,23.238804979610617,77.4175085652471,Streetlight,Pending,MEDIUM,4,LOW
1240,23.242844739723395,77.420109868222,Water Supply,Cancelled,MEDIUM,4,LOW
1241,23.243477799327593,77.4185808402905,Streetlight,Pending,MEDIUM,4,LOW
1242,23.241957716101563,77.41748299017866,Waste,Pending,MEDIUM,4,LOW
1243,23.24017063628513,77.41956596589915,Streetlight,Completed,LOW,4,LOW
1244,23.238383468556716,77.41938303442309,Drainage,Completed,LOW,4,LOW
1245,23.238339111186885,77.4248534329727,Pothole,Completed,LOW,4,LOW
1246,23.24104502821053,77.42086591965072,Drainage,Cancelled,MEDIUM,4,LOW
1247,23.240836796441776,77.4172447649985,Streetlight,Completed,LOW,4,LOW
1248,23.242803197185893,77.41887045199167,Drainage,Pending,LOW,4,LOW
1249,23.24130090018507,77.42204276659086,Streetlight,Cancelled,LOW,4,LOW
1250,23.23699383939648,77.42417688554575,Waste,Pending,MEDIUM,4,LOW
1251,23.242103895235445,77.41682803337552,Pothole,Pending,MEDIUM,4,LOW
1252,23.23800387874537,77.41624015122973,Waste,Pending,MEDIUM,4,LOW
1253,23.239232057456093,77.42374193035074,Water Supply,Pending,HIGH,4,LOW
1254,23.2405004004125,77.42077922835475,Drainage,Pending,MEDIUM,4,LOW
1255,23.243991334979565,77.41826341453626,Streetlight,Pending,MEDIUM,4,LOW
1256,23.246219837112008,77.42106925817225,Pothole,Completed,LOW,4,LOW
1257,23.24121344611827,77.41472850452197,Waste,Completed,LOW,4,LOW
1258,23.239633606762556,77.42000675101319,Drainage,Pending,MEDIUM,4,LOW
1259,23.24106901129696,77.4206556423457,Pothole,Cancelled,MEDIUM,4,LOW
1260,23.241775310851747,77.42184854027907,Waste,Pending,MEDIUM,4,LOW
1261,23.239358664748885,77.41797220809542,Streetlight,Pending,MEDIUM,4,LOW
1262,23.243590422711826,77.4201713743228,Waste,Pending,MEDIUM,4,LOW
1263,23.24046014151838,77.41814915074788,Pothole,Pending,MEDIUM,4,LOW
1264,23.240995486178186,77.42051076751135,Pothole,Pending,HIGH,4,LOW
1265,23.241331848504107,77.41820930735527,Waste,Completed,HIGH,4,LOW
1266,23.240843173221226,77.41918379832168,Water Supply,Cancelled,MEDIUM,4,LOW
1267,23.24167788100094,77.41800836921043,Waste,Cancelled,LOW,4,LOW
1268,23.238765493626904,77.42130227248364,Waste,Pending,MEDIUM,4,LOW
1269,23.238883396492103,77.42171690223331,Waste,Completed,LOW,4,LOW
1270,23.237799691534057,77.41953075886009,Drainage,Pending,MEDIUM,4,LOW
1271,23.24087900246124,77.42007647598992,Pothole,Pending,HIGH,4,LOW
1272,23.24155787300702,77.41710281717073,Streetlight,Completed,LOW,4,LOW
1273,23.240915545732303,77.41940064670399,Waste,Completed,LOW,4,LOW
1274,23.243348984866692,77.41989959076592,Waste,Pending,MEDIUM,4,LOW
1275,23.23998880796234,77.42524158618207,Pothole,Completed,LOW,4,LOW
1276,23.241337483311185,77.41777606594846,Drainage,Pending,MEDIUM,4,LOW
1277,23.23781659824772,77.4229283544775,Drainage,Completed,LOW,4,LOW
1278,23.23922580059505,77.42199371754694,Waste,Pending,MEDIUM,4,LOW
1279,23.24139107551513,77.42056127280898,Pothole,Cancelled,MEDIUM,4,LOW
1280,23.241698204221485,77.4235172409684,Water Supply,Pending,HIGH,4,LOW
1281,23.23941206610467,77.42074421094522,Pothole,Pending,HIGH,4,LOW
1282,23.239856801496284,77.42077831839134,Drainage,Pending,MEDIUM,4,LOW
1283,23.23696425250664,77.41989375869397,Waste,Pending,MEDIUM,4,LOW
1284,23.239285941598386,77.42244713776483,Water Supply,Pending,LOW,4,LOW
1285,23.24178076632704,77.42219293846762,Drainage,Completed,LOW,4,LOW
1286,23.241150410032212,77.41874864542501,Water Supply,Completed,MEDIUM,4,LOW
1287,23.24100133144276,77.4173615056108,Streetlight,Cancelled,LOW,4,LOW
1288,23.24009954737436,77.41959403872521,Pothole,Completed,MEDIUM,4,LOW
1289,23.240014126317256,77.4183999228712,Water Supply,Completed,MEDIUM,4,LOW
1290,23.23867935772105,77.41987295085077,Waste,Pending,MEDIUM,4,LOW
1291,23.241397656840405,77.42247487626938,Pothole,Completed,LOW,4,LOW
1292,23.24084194588878,77.41908539668982,Streetlight,Pending,MEDIUM,4,LOW
1293,23.240984037695984,77.41991435323737,Drainage,Pending,MEDIUM,4,LOW
1294,23.238947930314666,77.42011604546961,Water Supply,Pending,HIGH,4,LOW
1295,23.235693314160255,77.42169686176442,Waste,Pending,MEDIUM,4,LOW
1296,23.242194305423507,77.41550622133204,Drainage,Pending,MEDIUM,4,LOW
1297,23.239042325087983,77.41878659941047,Streetlight,Cancelled,LOW,4,LOW
1298,23.238274448471913,77.42042256738456,Waste,Pending,MEDIUM,4,LOW
1299,23.241386957823828,77.42240015791286,Pothole,Pending,MEDIUM,4,LOW
1300,23.23921597472016,77.41901619510499,Waste,Pending,MEDIUM,4,LOW
1301,23.255908333965337,77.39107341260238,Pothole,Pending,LOW,19,MEDIUM
1302,23.289730941234176,77.41685264501037,Water Supply,Pending,HIGH,-1,LOW
1303,23.263443557096796,77.39371622132299,Streetlight,Pending,MEDIUM,14,LOW
1304,23.24916972915815,77.3993185837869,Streetlight,Completed,LOW,3,LOW
1305,23.243106679554284,77.39572258801941,Water Supply,Completed,MEDIUM,-1,LOW
1306,23.25093123205717,77.39357026679212,Pothole,Completed,LOW,3,LOW
1307,23.25225199642557,77.43214265709364,Drainage,Completed,LOW,-1,LOW
1308,23.234022820663434,77.39974245405965,Pothole,Completed,LOW,-1,LOW
1309,23.252074451965605,77.43822742691187,Drainage,Pending,MEDIUM,-1,LOW
1310,23.257754311184353,77.44079559152071,Waste,Pending,LOW,-1,LOW
1311,23.27326426513433,77.41687562819622,Water Supply,Completed,MEDIUM,5,LOW
1312,23.269303769083297,77.39118006735994,Waste,Pending,LOW,8,LOW
1313,23.27242593931375,77.40507289460277,Pothole,Pending,MEDIUM,6,LOW
1314,23.230401820912608,77.43046393580089,Drainage,Completed,LOW,-1,LOW
1315,23.24296004397483,77.40464344372182,Pothole,Completed,LOW,7,LOW
1316,23.26960105730399,77.38782103309816,Streetlight,Pending,MEDIUM,8,LOW
1317,23.258939362090786,77.41600709465568,Pothole,Pending,MEDIUM,0,LOW
1318,23.230218808540094,77.43330725108976,Streetlight,Cancelled,LOW,-1,LOW
1319,23.278169678545908,77.4303555832286,Waste,Completed,LOW,-1,LOW
1320,23.27626857439742,77.39310738840781,Waste,Completed,LOW,11,LOW
1321,23.262805149779613,77.42296587686475,Waste,Pending,LOW,-1,LOW
1322,23.233887799546572,77.39583025580613,Pothole,Completed,LOW,9,LOW
1323,23.275890902971955,77.39569245207312,Waste,Cancelled,LOW,-1,LOW
1324,23.26492281526388,77.43504430639831,Pothole,Cancelled,LOW,2,LOW
1325,23.27681759862948,77.39758013716441,Pothole,Pending,MEDIUM,10,LOW
1326,23.27500481954375,77.39839484079108,Waste,Completed,LOW,10,LOW
1327,23.27808012431747,77.38263920344568,Streetlight,Pending,MEDIUM,-1,LOW
1328,23.260980483984277,77.43484014204753,Drainage,Pending,MEDIUM,-1,LOW
1329,23.238319471091607,77.43015568879255,Waste,Completed,LOW,-1,LOW
1330,23.27016944840278,77.42023973610544,Streetlight,Completed,LOW,-1,LOW
1331,23.267128427103117,77.42761594583632,Streetlight,Cancelled,LOW,2,LOW
1332,23.274435191231944,77.39172291404546,Pothole,Pending,MEDIUM,11,LOW
1333,23.24009286036304,77.41009941567525,Streetlight,Completed,LOW,12,LOW
1334,23.241598511994013,77.40367316324092,Pothole,Cancelled,LOW,7,LOW
1335,23.28332457103316,77.38822659157542,Pothole,Cancelled,LOW,-1,LOW
1336,23.274898667907124,77.41176782911289,Waste,Pending,LOW,-1,LOW
1337,23.284393709322018,77.43784437902056,Streetlight,Pending,MEDIUM,-1,LOW
1338,23.275422919269833,77.38500354714304,Streetlight,Completed,LOW,-1,LOW
1339,23.265729318359416,77.40008765480962,Waste,Pending,LOW,13,LOW
1340,23.26914796422167,77.39505245617234,Pothole,Cancelled,LOW,-1,LOW
1341,23.2832476754364,77.39688879921994,Water Supply,Cancelled,MEDIUM,-1,LOW
1342,23.264628405270717,77.43710607311276,Pothole,Pending,MEDIUM,-1,LOW
1343,23.267843479459703,77.41068414325406,Pothole,Pending,MEDIUM,6,LOW
1344,23.239288602960215,77.41057796477638,Water Supply,Pending,HIGH,12,LOW
1345,23.258335273206963,77.42823453854731,Streetlight,Cancelled,LOW,-1,LOW
1346,23.27288382671749,77.39186953224029,Streetlight,Pending,MEDIUM,11,LOW
1347,23.246156561898975,77.411835921246,Drainage,Pending,MEDIUM,-1,LOW
1348,23.24203525083147,77.40839911284726,Drainage,Pending,MEDIUM,7,LOW
1349,23.248729608493463,77.4184146414328,Pothole,Completed,LOW,-1,LOW
1350,23.24439003767957,77.44257346219503,Pothole,Pending,MEDIUM,-1,LOW
1351,23.242794758222185,77.42876693364492,Pothole,Pending,MEDIUM,-1,LOW
1352,23.255391050572083,77.40647194218104,Water Supply,Cancelled,MEDIUM,-1,LOW
1353,23.284370310833012,77.43225318313644,Streetlight,Cancelled,LOW,-1,LOW
1354,23.26032357880432,77.39284250179874,Waste,Completed,LOW,14,LOW
1355,23.241175222848916,77.38442782117853,Drainage,Pending,MEDIUM,-1,LOW
1356,23.23451830016285,77.39486690234786,Pothole,Pending,MEDIUM,9,LOW
1357,23.27166936870827,77.40302469336686,Waste,Completed,LOW,6,LOW
1358,23.25286792586618,77.41323484544758,Pothole,Pending,MEDIUM,1,LOW
1359,23.27920985679512,77.41950774843247,Pothole,Cancelled,LOW,15,LOW
1360,23.26947064611845,77.43723634303286,Drainage,Completed,LOW,16,LOW
1361,23.27767448703248,77.41319124057303,Waste,Pending,LOW,-1,LOW
1362,23.246216762365105,77.41267653867754,Drainage,Cancelled,LOW,-1,LOW
1363,23.271441535347662,77.38561458058938,Streetlight,Cancelled,LOW,-1,LOW
1364,23.24574371908162,77.38469469315937,Waste,Pending,LOW,-1,LOW
1365,23.28624410876702,77.41566959771498,Water Supply,Completed,MEDIUM,17,LOW
1366,23.268082456892,77.4088907167949,Pothole,Pending,MEDIUM,6,LOW
1367,23.249370708010517,77.43295082369882,Waste,Pending,LOW,18,LOW
1368,23.246070711737534,77.39224077508271,Pothole,Pending,MEDIUM,-1,LOW
1369,23.241355595104295,77.38409829972701,Drainage,Pending,MEDIUM,-1,LOW
1370,23.27157845753362,77.40954232607581,Pothole,Cancelled,LOW,6,LOW
1371,23.243022936779873,77.39684871340513,Waste,Pending,LOW,-1,LOW
1372,23.265618195955646,77.38557686240033,Waste,Pending,LOW,8,LOW
1373,23.245778101615517,77.42607589721085,Waste,Completed,LOW,-1,LOW
1374,23.26961813668763,77.38929557999744,Drainage,Pending,MEDIUM,8,LOW
1375,23.278796383712432,77.41909917000046,Pothole,Completed,LOW,15,LOW
1376,23.27658151458868,77.39946298501,Waste,Pending,LOW,10,LOW
1377,23.275551079855845,77.3930097630213,Waste,Pending,LOW,11,LOW
1378,23.241163344341533,77.40538509137515,Pothole,Pending,MEDIUM,7,LOW
1379,23.235203096819067,77.43068674657337,Water Supply,Completed,MEDIUM,-1,LOW
1380,23.27183692970924,77.40612561461427,Pothole,Pending,MEDIUM,6,LOW
1381,23.252000832827655,77.42764617895266,Water Supply,Completed,MEDIUM,-1,LOW
1382,23.2558407735842,77.39012917780795,Pothole,Pending,MEDIUM,19,MEDIUM
1383,23.2317689455676,77.4289662851799,Waste,Pending,LOW,-1,LOW
1384,23.2454745869565,77.3968159994944,Drainage,Pending,MEDIUM,3,LOW
1385,23.231920584232466,77.42324358779334,Pothole,Cancelled,LOW,4,LOW
1386,23.282651146356073,77.41654689329046,Streetlight,Cancelled,LOW,-1,LOW
1387,23.244503800993108,77.4383486830327,Water Supply,Pending,HIGH,20,MEDIUM
1388,23.26334023017438,77.40583935107851,Waste,Pending,LOW,0,LOW
1389,23.232238759239664,77.38656991133006,Waste,Pending,LOW,-1,LOW
1390,23.26991084347834,77.38374932913307,Streetlight,Completed,LOW,-1,LOW
1391,23.249281640745245,77.43221151365836,Waste,Pending,LOW,18,LOW
1392,23.28377515121746,77.41408413825968,Waste,Cancelled,LOW,-1,LOW
1393,23.283187091336043,77.4291146431101,Waste,Cancelled,LOW,-1,LOW
1394,23.2494174371017,77.39666553600068,Waste,Pending,MEDIUM,3,LOW
1395,23.283957653741428,77.4033050247308,Drainage,Pending,MEDIUM,-1,LOW
1396,23.289669460409925,77.38440623233268,Waste,Completed,LOW,21,LOW
1397,23.27942493984743,77.44028953947445,Pothole,Completed,LOW,25,MEDIUM
1398,23.280592280865314,77.42267207440204,Streetlight,Pending,MEDIUM,-1,LOW
1399,23.244840524166545,77.43859230526556,Pothole,Pending,MEDIUM,20,MEDIUM
1400,23.264502143931463,77.39852978444574,Waste,Pending,LOW,13,LOW
1401,23.23393535483804,77.41928781667353,Drainage,Pending,MEDIUM,4,LOW
1402,23.235595076209297,77.42330999809755,Waste,Pending,MEDIUM,4,LOW
1403,23.289833556722,77.40165298201545,Drainage,Pending,HIGH,-1,LOW
1404,23.249498354965553,77.43348655410094,Drainage,Completed,LOW,18,LOW
1405,23.27479103472293,77.43942968777401,Pothole,Pending,MEDIUM,-1,LOW
1406,23.27829990318161,77.43569130706176,Pothole,Pending,MEDIUM,-1,LOW
1407,23.281381396260432,77.42694401855636,Pothole,Pending,MEDIUM,22,LOW
1408,23.289757697844127,77.39924788078349,Pothole,Completed,LOW,-1,LOW
1409,23.24438978911541,77.39949696252633,Drainage,Completed,LOW,3,LOW
1410,23.232321049611578,77.44040161922676,Drainage,Pending,MEDIUM,-1,LOW
1411,23.254571491079673,77.38321706975614,Pothole,Completed,LOW,-1,LOW
1412,23.237704840189735,77.42556299839453,Streetlight,Cancelled,LOW,4,LOW
1413,23.23124555334972,77.42497476975332,Water Supply,Pending,HIGH,4,LOW
1414,23.251525609628487,77.41996137245698,Water Supply,Pending,HIGH,-1,LOW
1415,23.27692429506451,77.44200653076521,Pothole,Pending,MEDIUM,-1,LOW
1416,23.2638708414735,77.40131276614582,Pothole,Pending,MEDIUM,-1,LOW
1417,23.24866667935262,77.40299831182759,Waste,Pending,LOW,3,LOW
1418,23.26916052032956,77.38733636417679,Water Supply,Cancelled,MEDIUM,8,LOW
1419,23.243821090818525,77.40916788819263,Waste,Completed,LOW,7,LOW
1420,23.23076288676432,77.3982629115741,Streetlight,Completed,LOW,-1,LOW
1421,23.275761203186185,77.40320320213065,Waste,Cancelled,LOW,-1,LOW
1422,23.26732458509184,77.43267430741534,Waste,Pending,MEDIUM,2,LOW
1423,23.275638157470055,77.43872907081165,Pothole,Pending,LOW,-1,LOW
1424,23.232236281001256,77.39374398432031,Water Supply,Completed,MEDIUM,-1,LOW
1425,23.280127177669836,77.4049505358932,Waste,Completed,LOW,-1,LOW
1426,23.267071572002177,77.43831783372693,Streetlight,Pending,MEDIUM,-1,LOW
1427,23.263703721042756,77.38630850764135,Waste,Pending,LOW,-1,LOW
1428,23.267376842886872,77.38814163168668,Waste,Completed,LOW,8,LOW
1429,23.2817659948121,77.39236745935237,Pothole,Completed,LOW,23,LOW
1430,23.265116190393535,77.4183127700476,Pothole,Completed,LOW,-1,LOW
1431,23.26475702279329,77.39162833626035,Waste,Pending,LOW,-1,LOW
1432,23.289340749423943,77.44068458288704,Pothole,Pending,MEDIUM,-1,LOW
1433,23.275303810024113,77.4094028716355,Waste,Pending,LOW,-1,LOW
1434,23.256437628327067,77.412691077621,Pothole,Pending,MEDIUM,0,LOW
1435,23.272343820001975,77.39739951694833,Water Supply,Cancelled,MEDIUM,-1,LOW
1436,23.253253828301503,77.41085761514609,Water Supply,Completed,HIGH,1,LOW
1437,23.243632527749007,77.42231481795822,Pothole,Pending,MEDIUM,4,LOW
1438,23.265711112613264,77.42767062821724,Streetlight,Completed,LOW,2,LOW
1439,23.285590925886837,77.42783208496259,Water Supply,Completed,MEDIUM,-1,LOW
1440,23.285648371200928,77.41727346676164,Waste,Pending,LOW,17,LOW
1441,23.250414316686328,77.43686158649963,Drainage,Completed,LOW,-1,LOW
1442,23.2615606479733,77.43164447083836,Water Supply,Completed,MEDIUM,2,LOW
1443,23.24259815391419,77.42802288688192,Waste,Completed,LOW,-1,LOW
1444,23.289637866569933,77.38593633130083,Waste,Pending,LOW,21,LOW
1445,23.288767074472077,77.38301267773318,Water Supply,Completed,MEDIUM,21,LOW
1446,23.268870535782444,77.39534683663173,Pothole,Completed,LOW,-1,LOW
1447,23.278164843580647,77.42241141563481,Waste,Pending,LOW,27,LOW
1448,23.27280600967702,77.40727184933294,Waste,Pending,LOW,6,LOW
1449,23.265489493142365,77.40674437555796,Pothole,Completed,LOW,0,LOW
1450,23.233100879819332,77.43567521329378,Streetlight,Pending,MEDIUM,-1,LOW
1451,23.257185860553157,77.43633377088791,Streetlight,Completed,LOW,-1,LOW
1452,23.270387178130044,77.43715051584321,Water Supply,Completed,MEDIUM,16,LOW
1453,23.27055189683302,77.4014326845909,Waste,Pending,LOW,6,LOW
1454,23.25228735710534,77.42406334876435,Pothole,Pending,MEDIUM,-1,LOW
1455,23.28640151919948,77.39889799087646,Pothole,Completed,HIGH,-1,LOW
1456,23.239941421934205,77.39403658998447,Pothole,Pending,MEDIUM,-1,LOW
1457,23.25992156677293,77.39367794744084,Waste,Pending,LOW,14,LOW
1458,23.27135303859305,77.40312645725182,Water Supply,Completed,MEDIUM,6,LOW
1459,23.271728148353507,77.40839745718678,Drainage,Completed,LOW,6,LOW
1460,23.268818337406127,77.4324569502633,Pothole,Cancelled,MEDIUM,2,LOW
1461,23.24641729280711,77.38979346560836,Streetlight,Completed,LOW,-1,LOW
1462,23.23927239412119,77.42669555084369,Waste,Pending,LOW,4,LOW
1463,23.2680564196096,77.41448729485136,Pothole,Cancelled,LOW,-1,LOW
1464,23.265858126968364,77.39987672056056,Streetlight,Completed,LOW,13,LOW
1465,23.240661360617352,77.41216917507197,Pothole,Pending,MEDIUM,-1,LOW
1466,23.27220834873423,77.40059652418662,Water Supply,Pending,MEDIUM,6,LOW
1467,23.25721031950402,77.41836491731429,Streetlight,Completed,LOW,0,LOW
1468,23.269965635496188,77.40863063537131,Pothole,Pending,MEDIUM,6,LOW
1469,23.28014202478621,77.39246433174473,Drainage,Completed,LOW,23,LOW
1470,23.240083705714618,77.38959498447333,Waste,Pending,LOW,26,LOW
1471,23.231048692079806,77.41540174092432,Pothole,Pending,MEDIUM,-1,LOW
1472,23.276646155183744,77.43674478199716,Pothole,Completed,LOW,-1,LOW
1473,23.266481845509155,77.40323746119346,Pothole,Pending,MEDIUM,-1,LOW
1474,23.271878374177327,77.42658000643335,Drainage,Pending,MEDIUM,2,LOW
1475,23.280189298499316,77.42211968129638,Pothole,Completed,LOW,-1,LOW
1476,23.27806865608947,77.43849329485857,Drainage,Pending,MEDIUM,25,MEDIUM
1477,23.28755520881573,77.43185886103795,Streetlight,Completed,LOW,24,LOW
1478,23.262056104731126,77.41659631553432,Pothole,Completed,LOW,0,LOW
1479,23.25920973795959,77.42202182989405,Drainage,Completed,LOW,-1,LOW
1480,23.25401323199344,77.43650318799504,Waste,Pending,LOW,-1,LOW
1481,23.23912146257065,77.40657112707521,Waste,Pending,LOW,-1,LOW
1482,23.26425643397292,77.40220768235146,Pothole,Completed,LOW,-1,LOW
1483,23.246520751459556,77.38324866501812,Waste,Cancelled,LOW,-1,LOW
1484,23.28517845073278,77.43219306445148,Waste,Completed,HIGH,-1,LOW
1485,23.264891448256623,77.4306588420242,Streetlight,Completed,LOW,2,LOW
1486,23.265470410830485,77.388867271086,Pothole,Pending,MEDIUM,-1,LOW
1487,23.25119547965262,77.41721144286797,Pothole,Completed,LOW,-1,LOW
1488,23.23301936111866,77.41043890189002,Water Supply,Completed,MEDIUM,-1,LOW
1489,23.231804625922376,77.38972254573055,Streetlight,Pending,MEDIUM,-1,LOW
1490,23.25530010864919,77.44143409362364,Drainage,Pending,MEDIUM,-1,LOW
1491,23.234973922685832,77.3954817532478,Waste,Cancelled,LOW,9,LOW
1492,23.266310817332407,77.38663405080543,Streetlight,Pending,MEDIUM,8,LOW
1493,23.28275838033838,77.41829084277012,Drainage,Pending,MEDIUM,-1,LOW
1494,23.282874888991124,77.42693200062799,Streetlight,Pending,MEDIUM,22,LOW
1495,23.269442724607934,77.38454660676283,Streetlight,Cancelled,LOW,-1,LOW
1496,23.242573909888375,77.42212305832362,Pothole,Completed,LOW,4,LOW
1497,23.28167980988153,77.41453751255709,Waste,Completed,LOW,-1,LOW
1498,23.283065606118793,77.3887959005325,Pothole,Cancelled,LOW,-1,LOW
1499,23.241699215097174,77.39295143261678,Pothole,Pending,MEDIUM,-1,LOW
1500,23.27414556514624,77.41667845783897,Drainage,Completed,LOW,5,LOW
1501,23.247091172935622,77.40038145681079,Waste,Pending,MEDIUM,3,LOW
1502,23.278058418741175,77.43889894371908,Water Supply,Pending,HIGH,25,MEDIUM
1503,23.289734273994217,77.43172441376905,Water Supply,Completed,MEDIUM,24,LOW
1504,23.23170156031976,77.44161403239082,Waste,Completed,LOW,-1,LOW
1505,23.283741951947455,77.39818025033702,Pothole,Pending,MEDIUM,-1,LOW
1506,23.26725783201592,77.44078341796788,Drainage,Pending,MEDIUM,-1,LOW
1507,23.288302957149888,77.40847403218748,Water Supply,Completed,MEDIUM,-1,LOW
1508,23.257800571051582,77.40345112771882,Pothole,Pending,MEDIUM,-1,LOW
1509,23.280743275834283,77.38562097161815,Pothole,Pending,MEDIUM,-1,LOW
1510,23.233643644115897,77.38576591547157,Pothole,Pending,MEDIUM,-1,LOW
1511,23.250016743004696,77.4241206753568,Streetlight,Pending,MEDIUM,-1,LOW
1512,23.23392099226507,77.41007573966604,Waste,Completed,LOW,-1,LOW
1513,23.288420588008744,77.39619129756217,Streetlight,Pending,MEDIUM,-1,LOW
1514,23.27891843443631,77.41943821837951,Waste,Pending,MEDIUM,15,LOW
1515,23.28105284527476,77.397771487095,Waste,Pending,LOW,-1,LOW
1516,23.286177913886032,77.41725790526067,Pothole,Completed,HIGH,17,LOW
1517,23.235006209167185,77.40415252481895,Pothole,Pending,MEDIUM,-1,LOW
1518,23.2530358555508,77.43201313359671,Pothole,Pending,MEDIUM,-1,LOW
1519,23.234162093342636,77.431841769646,Pothole,Pending,MEDIUM,-1,LOW
1520,23.242547586093,77.41124102388734,Pothole,Completed,LOW,7,LOW
1521,23.243661946622257,77.4036491465601,Waste,Pending,LOW,7,LOW
1522,23.25804643266285,77.40435358779354,Pothole,Completed,LOW,-1,LOW
1523,23.246013730047217,77.4309428715401,Water Supply,Cancelled,MEDIUM,-1,LOW
1524,23.235958686409063,77.40229076896786,Pothole,Completed,LOW,-1,LOW
1525,23.23994946534564,77.3951435624224,Pothole,Completed,LOW,-1,LOW
1526,23.238736533813125,77.38768130051251,Streetlight,Completed,LOW,26,LOW
1527,23.288284607874736,77.41060158725307,Water Supply,Pending,HIGH,-1,LOW
1528,23.27545755041511,77.41152792593519,Waste,Cancelled,LOW,-1,LOW
1529,23.287965687916177,77.43305452262418,Streetlight,Pending,MEDIUM,24,LOW
1530,23.256284429190472,77.39587432178676,Streetlight,Pending,MEDIUM,-1,LOW
1531,23.24660210889976,77.4054594764201,Streetlight,Completed,LOW,3,LOW
1532,23.27779759183255,77.43110434433362,Waste,Pending,LOW,-1,LOW
1533,23.249475235082468,77.43201741664494,Streetlight,Completed,LOW,18,LOW
1534,23.247863002422317,77.40567666455873,Waste,Pending,LOW,3,LOW
1535,23.243850359532463,77.4101474413972,Streetlight,Completed,LOW,7,LOW
1536,23.237680738693452,77.40079715345095,Streetlight,Completed,LOW,-1,LOW
1537,23.245287783661,77.43855329270515,Waste,Pending,LOW,20,MEDIUM
1538,23.251219184908432,77.3897186259445,Drainage,Pending,MEDIUM,-1,LOW
1539,23.270339652488744,77.43862496538009,Waste,Pending,LOW,16,LOW
1540,23.23365389053317,77.42363198711011,Drainage,Completed,LOW,4,LOW
1541,23.24253041637992,77.4144943291612,Pothole,Completed,LOW,4,LOW
1542,23.2784414184175,77.38455954364707,Waste,Pending,LOW,-1,LOW
1543,23.238715315415025,77.41113577150932,Waste,Completed,LOW,12,LOW
1544,23.25045870879135,77.40706488630016,Water Supply,Pending,HIGH,3,LOW
1545,23.28177953531149,77.3922731287185,Waste,Cancelled,LOW,23,LOW
1546,23.239195518668605,77.42198457621004,Waste,Pending,MEDIUM,4,LOW
1547,23.23486421013709,77.44086905444209,Pothole,Completed,LOW,-1,LOW
1548,23.2589722797048,77.41633132866387,Streetlight,Pending,MEDIUM,0,LOW
1549,23.24804517067671,77.42548519658664,Pothole,Pending,MEDIUM,-1,LOW
1550,23.26370450186903,77.38670702715396,Waste,Pending,LOW,-1,LOW
1551,23.27812829342901,77.40766001974902,Waste,Completed,LOW,-1,LOW
1552,23.238128909289163,77.38958150910986,Waste,Pending,LOW,26,LOW
1553,23.264741945073258,77.41936775013218,Waste,Cancelled,LOW,-1,LOW
1554,23.26023052562339,77.43890892949285,Pothole,Completed,LOW,-1,LOW
1555,23.23854472716079,77.42230666394829,Streetlight,Completed,LOW,4,LOW
1556,23.26733990913174,77.38720818289886,Waste,Pending,LOW,8,LOW
1557,23.24631842507164,77.40387997229911,Pothole,Completed,LOW,3,LOW
1558,23.25917005911264,77.41563980276645,Pothole,Pending,MEDIUM,0,LOW
1559,23.23483633945662,77.406792465368,Water Supply,Completed,MEDIUM,-1,LOW
1560,23.257475043432816,77.4326186406285,Water Supply,Cancelled,MEDIUM,-1,LOW
1561,23.24828780808257,77.4314802602826,Drainage,Cancelled,LOW,18,LOW
1562,23.27924287267112,77.41930986120619,Waste,Pending,LOW,15,LOW
1563,23.23331872361984,77.40500747670796,Waste,Completed,LOW,-1,LOW
1564,23.255016436495097,77.39792018242579,Pothole,Completed,LOW,3,LOW
1565,23.257405885447884,77.38895245909278,Waste,Pending,LOW,19,MEDIUM
1566,23.273400364577945,77.4038938610092,Pothole,Completed,LOW,6,LOW
1567,23.264357254505413,77.40739035103246,Drainage,Pending,MEDIUM,0,LOW
1568,23.26993274023165,77.42314937550624,Drainage,Pending,MEDIUM,2,LOW
1569,23.276522957139104,77.42208958945785,Drainage,Pending,MEDIUM,27,LOW
1570,23.28163217841949,77.38680648837847,Pothole,Pending,MEDIUM,-1,LOW
1571,23.248732529803345,77.40631555892587,Streetlight,Pending,MEDIUM,3,LOW
1572,23.262181362321833,77.39350673203303,Pothole,Completed,LOW,14,LOW
1573,23.28030648470635,77.39200876231901,Waste,Completed,LOW,23,LOW
1574,23.289267067857903,77.43223812898424,Streetlight,Pending,MEDIUM,24,LOW
1575,23.283271158662625,77.38511491300297,Waste,Pending,LOW,-1,LOW
1576,23.25218803575746,77.40775097255413,Pothole,Pending,MEDIUM,3,LOW
1577,23.241609991033116,77.39269221934599,Pothole,Completed,HIGH,-1,LOW
1578,23.259263552244395,77.4353598129407,Streetlight,Completed,LOW,-1,LOW
1579,23.27439848711016,77.4160224307965,Drainage,Pending,MEDIUM,5,LOW
1580,23.259454144245197,77.3964828381826,Pothole,Completed,LOW,-1,LOW
1581,23.258890851798817,77.41274563722997,Drainage,Pending,HIGH,0,LOW
1582,23.280193825264902,77.42648918158218,Waste,Completed,LOW,22,LOW
1583,23.25158422674403,77.44008708053516,Pothole,Completed,LOW,-1,LOW
1584,23.2814876804887,77.39582676025472,Streetlight,Completed,LOW,-1,LOW
1585,23.2543082880571,77.43577090632776,Streetlight,Completed,LOW,-1,LOW
1586,23.2495939863407,77.43865824685005,Water Supply,Pending,HIGH,-1,LOW
1587,23.25713939467198,77.43758523267192,Waste,Completed,LOW,-1,LOW
1588,23.275646817520492,77.42072486141171,Streetlight,Completed,LOW,27,LOW
1589,23.237460121671837,77.42038923926609,Streetlight,Pending,MEDIUM,4,LOW
1590,23.24168515295232,77.40679263799103,Water Supply,Pending,HIGH,7,LOW
1591,23.286986689539784,77.42774387293822,Waste,Pending,LOW,-1,LOW
1592,23.24042949764288,77.41447764110106,Drainage,Cancelled,LOW,4,LOW
1593,23.26396363907586,77.4232462842737,Streetlight,Completed,LOW,-1,LOW
1594,23.264658867999714,77.40830747423092,Waste,Pending,MEDIUM,0,LOW
1595,23.259277467723013,77.42648978784258,Pothole,Pending,MEDIUM,-1,LOW
1596,23.268584714914606,77.43206829105627,Pothole,Completed,LOW,2,LOW
1597,23.243689603547853,77.39138617539616,Streetlight,Completed,LOW,-1,LOW
1598,23.2630597360666,77.43257578293445,Drainage,Pending,MEDIUM,2,LOW
1599,23.25223039531481,77.41501779190742,Streetlight,Pending,MEDIUM,1,LOW
1600,23.26960003557775,77.43327995454541,Streetlight,Completed,LOW,2,LOW
