ID,Category,Status,Latitude,Longitude,priority_label,priority_level,risk_score
1,Pothole,Completed,23.26089342830602,77.40941114468241,0,LOW,0.3333333333333333
2,Pothole,Pending,23.259623471397656,77.4114012499541,2,HIGH,1.0
3,Water Supply,Pending,23.2611953770762,77.41261048739943,2,HIGH,1.0
4,Waste,Pending,23.262946059712817,77.41269396118753,1,MEDIUM,0.6666666666666666
5,Drainage,Pending,23.25943169325055,77.41169986905705,2,HIGH,1.0
6,Pothole,Pending,23.2594317260861,77.4138456998647,2,HIGH,1.0
7,Pothole,Completed,23.263058425631012,77.41046475914123,0,LOW,0.3333333333333333
8,Pothole,Pending,23.261434869458306,77.41231524102996,2,HIGH,1.0
9,Streetlight,Pending,23.258961051228127,77.41284059126342,1,MEDIUM,0.6666666666666666
10,Pothole,Completed,23.26098512008717,77.41362887766812,1,MEDIUM,0.6666666666666666
11,Waste,Pending,23.258973164614375,77.41402322975618,1,MEDIUM,0.6666666666666666
12,Waste,Cancelled,23.25896854049286,77.41035071581632,0,LOW,0.3333333333333333
13,Waste,Completed,23.26038392454313,77.40953177165852,0,LOW,0.3333333333333333
14,Water Supply,Completed,23.256073439510683,77.4151553536438,1,MEDIUM,0.6666666666666666
15,Water Supply,Pending,23.25645016433497,77.41326462802395,2,HIGH,1.0
16,Pothole,Completed,23.258775424941515,77.41110302692688,1,MEDIUM,0.6666666666666666
17,Streetlight,Completed,23.25787433775933,77.41570230395104,0,LOW,0.3333333333333333
18,Pothole,Completed,23.260528494665188,77.41283134926859,1,MEDIUM,0.6666666666666666
19,Streetlight,Pending,23.258083951848956,77.41495859436813,1,MEDIUM,0.6666666666666666
20,Drainage,Completed,23.25707539259733,77.41273503696281,0,LOW,0.3333333333333333
21,Water Supply,Completed,23.26283129753784,77.41672149584976,1,MEDIUM,0.6666666666666666
22,Pothole,Completed,23.259448447399024,77.41611068168488,0,LOW,0.3333333333333333
23,Drainage,Completed,23.260035056409375,77.41210207170305,1,MEDIUM,0.6666666666666666
24,Waste,Pending,23.25705050362757,77.4145431419019,1,MEDIUM,0.6666666666666666
25,Water Supply,Completed,23.258811234550947,77.41389075189917,1,MEDIUM,0.6666666666666666
26,Waste,Pending,23.26012184517942,77.41533726311506,1,MEDIUM,0.6666666666666666
27,Streetlight,Completed,23.25759801284515,77.41067015307884,0,LOW,0.3333333333333333
28,Streetlight,Pending,23.26065139603669,77.41397210292,1,MEDIUM,0.6666666666666666
29,Streetlight,Completed,23.25869872262016,77.4147168489737,0,LOW,0.3333333333333333
30,Waste,Pending,23.259316612500413,77.40908252102714,1,MEDIUM,0.6666666666666666
31,Water Supply,Completed,23.25869658677554,77.41023348297466,1,MEDIUM,0.6666666666666666
32,Waste,Pending,23.263604556369017,77.40852153564448,1,MEDIUM,0.6666666666666666
33,Streetlight,Completed,23.25987300555052,77.41206118633112,0,LOW,0.3333333333333333
34,Waste,Completed,23.25778457814209,77.4140350845116,0,LOW,0.3333333333333333
35,Pothole,Pending,23.261545089824203,77.41560471410419,1,MEDIUM,0.6666666666666666
36,Pothole,Pending,23.257458312700056,77.41274818956084,2,HIGH,1.0
37,Pothole,Pending,23.260317727190007,77.41585723109114,1,MEDIUM,0.6666666666666666
38,Waste,Completed,23.25598065975224,77.40983979708356,0,LOW,0.3333333333333333
39,Waste,Pending,23.2572436279022,77.4091932351213,1,MEDIUM,0.6666666666666666
40,Pothole,Completed,23.260293722471737,77.4124889046022,1,MEDIUM,0.6666666666666666
41,Drainage,Pending,23.26137693315999,77.41336813089788,2,HIGH,1.0
42,Drainage,Completed,23.26024273656238,77.41253461050381,1,MEDIUM,0.6666666666666666
43,Waste,Completed,23.25966870343522,77.40846511579991,0,LOW,0.3333333333333333
44,Pothole,Completed,23.25929779260882,77.41242175992097,1,MEDIUM,0.6666666666666666
45,Waste,Completed,23.256942956019262,77.40999106099899,0,LOW,0.3333333333333333
46,Waste,Pending,23.25846031158321,77.41393934509766,1,MEDIUM,0.6666666666666666
47,Streetlight,Pending,23.25897872245808,77.41333319649219,1,MEDIUM,0.6666666666666666
48,Streetlight,Pending,23.26201424445244,77.41072024042734,1,MEDIUM,0.6666666666666666
49,Waste,Pending,23.260587236579138,77.41157226616532,1,MEDIUM,0.6666666666666666
50,Waste,Pending,23.25637391968927,77.41048157295621,1,MEDIUM,0.6666666666666666
51,Waste,Pending,23.260548167938783,77.41247464180545,1,MEDIUM,0.6666666666666666
52,Drainage,Pending,23.259129835439165,77.414510284641,2,HIGH,1.0
53,Water Supply,Cancelled,23.258546155999387,77.41062854790732,1,MEDIUM,0.6666666666666666
54,Waste,Completed,23.26112335257768,77.41360809303103,0,LOW,0.3333333333333333
55,Waste,Completed,23.26196199904499,77.41153948476325,0,LOW,0.3333333333333333
56,Drainage,Completed,23.261762560238232,77.41101425433547,0,LOW,0.3333333333333333
57,Water Supply,Pending,23.25822156495355,77.41238593928009,2,HIGH,1.0
58,Pothole,Completed,23.259281575248295,77.41052951535517,1,MEDIUM,0.6666666666666666
59,Waste,Pending,23.26056252686281,77.4114927013893,1,MEDIUM,0.6666666666666666
60,Waste,Completed,23.261851090254243,77.41020424421482,0,LOW,0.3333333333333333
61,Streetlight,Pending,23.258941651524307,77.41652945026583,1,MEDIUM,0.6666666666666666
62,Pothole,Cancelled,23.25952868204667,77.41267052710394,1,MEDIUM,0.6666666666666666
63,Waste,Pending,23.257687330051983,77.41120054898401,1,MEDIUM,0.6666666666666666
64,Streetlight,Pending,23.25750758675184,77.41302795982146,1,MEDIUM,0.6666666666666666
65,Waste,Cancelled,23.261525051644785,77.41237534390062,0,LOW,0.3333333333333333
66,Drainage,Pending,23.26261248005714,77.41215806080093,1,MEDIUM,0.6666666666666666
67,Pothole,Completed,23.259755979756836,77.41382833340009,1,MEDIUM,0.6666666666666666
68,Waste,Completed,23.261907065795786,77.4141150154201,0,LOW,0.3333333333333333
69,Streetlight,Completed,23.260623272050093,77.41153899770478,0,LOW,0.3333333333333333
70,Pothole,Cancelled,23.25860976049079,77.4114483635187,1,MEDIUM,0.6666666666666666
71,Water Supply,Cancelled,23.260622791211016,77.4120498966057,1,MEDIUM,0.6666666666666666
72,Pothole,Pending,23.26297607313293,77.40799615767052,1,MEDIUM,0.6666666666666666
73,Waste,Completed,23.25982834792178,77.4095696178756,0,LOW,0.3333333333333333
74,Streetlight,Completed,23.263029287311625,77.41533374853489,0,LOW,0.3333333333333333
75,Waste,Completed,23.25466050979182,77.415889935427,0,LOW,0.3333333333333333
76,Water Supply,Pending,23.26154380500875,77.41210192792089,2,HIGH,1.0
77,Pothole,Completed,23.26007409413647,77.4137531139261,1,MEDIUM,0.6666666666666666
78,Pothole,Cancelled,23.259301985299068,77.41322250030909,1,MEDIUM,0.6666666666666666
79,Waste,Cancelled,23.26008352155307,77.4187577616169,0,LOW,0.3333333333333333
80,Pothole,Completed,23.255924862170797,77.41483914982287,0,LOW,0.3333333333333333
81,Drainage,Pending,23.259460656224324,77.41234416481704,2,HIGH,1.0
82,Drainage,Pending,23.260614225143023,77.4106889191188,2,HIGH,1.0
83,Waste,Completed,23.26285578808948,77.40938710735948,0,LOW,0.3333333333333333
84,Waste,Completed,23.25886345956345,77.41300692727174,0,LOW,0.3333333333333333
85,Drainage,Pending,23.258283012794212,77.41108729850943,2,HIGH,1.0
86,Water Supply,Pending,23.258896485912828,77.4097554925808,2,HIGH,1.0
87,Waste,Pending,23.2617308042354,77.41130685423151,1,MEDIUM,0.6666666666666666
88,Pothole,Completed,23.260557502219317,77.41043690399277,1,MEDIUM,0.6666666666666666
89,Pothole,Cancelled,23.258840479592465,77.41597428327015,1,MEDIUM,0.6666666666666666
90,Drainage,Completed,23.260926534866226,77.41436327951389,1,MEDIUM,0.6666666666666666
91,Waste,Pending,23.260094155098695,77.41258405471737,1,MEDIUM,0.6666666666666666
92,Waste,Pending,23.261837289981063,77.41555988827778,1,MEDIUM,0.6666666666666666
93,Drainage,Pending,23.25849589381224,77.4127547366153,2,HIGH,1.0
94,Waste,Cancelled,23.259244675706803,77.41087743159734,0,LOW,0.3333333333333333
95,Pothole,Pending,23.259115783693733,77.41564624815453,1,MEDIUM,0.6666666666666666
96,Pothole,Completed,23.256972970103735,77.41367782008737,0,LOW,0.3333333333333333
97,Pothole,Pending,23.26049224055413,77.41052550769135,2,HIGH,1.0
98,Pothole,Completed,23.26042211054436,77.41221932264384,1,MEDIUM,0.6666666666666666
99,Pothole,Completed,23.259910226913284,77.41084876349323,1,MEDIUM,0.6666666666666666
100,Waste,Completed,23.259430825733247,77.40983440053807,0,LOW,0.3333333333333333
101,Streetlight,Pending,23.257069258515894,77.41445235509507,1,MEDIUM,0.6666666666666666
102,Drainage,Pending,23.259058709354463,77.41641883328094,1,MEDIUM,0.6666666666666666
103,Drainage,Pending,23.259214570966943,77.40980286485235,2,HIGH,1.0
104,Waste,Completed,23.258295445461556,77.41372593847338,0,LOW,0.3333333333333333
105,Waste,Pending,23.259577428576662,77.41129871486176,1,MEDIUM,0.6666666666666666
106,Waste,Pending,23.26070810171363,77.41162574923247,1,MEDIUM,0.6666666666666666
107,Pothole,Completed,23.263672371802414,77.41141521215152,0,LOW,0.3333333333333333
108,Pothole,Completed,23.26024915562566,77.41087201846064,1,MEDIUM,0.6666666666666666
109,Streetlight,Completed,23.260415100781444,77.41269704325589,0,LOW,0.3333333333333333
110,Waste,Pending,23.259751108168462,77.41093809976718,1,MEDIUM,0.6666666666666666
111,Waste,Pending,23.2560624575694,77.41314091365156,1,MEDIUM,0.6666666666666666
112,Pothole,Completed,23.2598469722491,77.4124995237811,1,MEDIUM,0.6666666666666666
113,Streetlight,Completed,23.26002046041988,77.41212210390627,0,LOW,0.3333333333333333
114,Waste,Pending,23.26482648422497,77.41078487267592,1,MEDIUM,0.6666666666666666
115,Streetlight,Completed,23.259515278070435,77.41144645733885,0,LOW,0.3333333333333333
116,Waste,Completed,23.260503094684665,77.41411078245164,0,LOW,0.3333333333333333
117,Drainage,Completed,23.259830576460587,77.41360183437524,1,MEDIUM,0.6666666666666666
118,Drainage,Pending,23.25756264392476,77.4106448895104,1,MEDIUM,0.6666666666666666
119,Waste,Pending,23.262185645629028,77.41279866461086,1,MEDIUM,0.6666666666666666
120,Waste,Pending,23.261403866065372,77.41410277424674,1,MEDIUM,0.6666666666666666
121,Pothole,Pending,23.26148206389409,77.40926118943776,1,MEDIUM,0.6666666666666666
122,Waste,Cancelled,23.258081225090407,77.41368672038476,0,LOW,0.3333333333333333
123,Streetlight,Completed,23.26270558862187,77.4112747524821,0,LOW,0.3333333333333333
124,Drainage,Completed,23.257096297874412,77.41374119733719,0,LOW,0.3333333333333333
125,Streetlight,Pending,23.2610737141876,77.41107348168691,1,MEDIUM,0.6666666666666666
126,Drainage,Completed,23.264280911251618,77.40899023579867,0,LOW,0.3333333333333333
127,Pothole,Completed,23.25791892734974,77.40934491512424,0,LOW,0.3333333333333333
128,Waste,Pending,23.25876740454079,77.41269616989332,1,MEDIUM,0.6666666666666666
129,Streetlight,Completed,23.260099302730172,77.41311944500345,0,LOW,0.3333333333333333
130,Pothole,Pending,23.258893048691768,77.41079136674979,2,HIGH,1.0
131,Streetlight,Completed,23.256798673137865,77.41387718491755,0,LOW,0.3333333333333333
132,Waste,Pending,23.26003712594961,77.40927695987546,1,MEDIUM,0.6666666666666666
133,Waste,Pending,23.257775392572547,77.4124678404027,1,MEDIUM,0.6666666666666666
134,Water Supply,Pending,23.26084718486127,77.41017796760048,2,HIGH,1.0
135,Waste,Pending,23.258061151531532,77.4112963277844,1,MEDIUM,0.6666666666666666
136,Water Supply,Pending,23.26299986881003,77.41269479734262,2,HIGH,1.0
137,Water Supply,Completed,23.258333493415325,77.41087917326944,1,MEDIUM,0.6666666666666666
138,Drainage,Completed,23.259255876967583,77.41183088891154,1,MEDIUM,0.6666666666666666
139,Streetlight,Pending,23.26152703443474,77.41461258561843,1,MEDIUM,0.6666666666666666
140,Streetlight,Pending,23.257438271367132,77.41144621626096,1,MEDIUM,0.6666666666666666
141,Drainage,Pending,23.260354919869208,77.41427138422412,2,HIGH,1.0
142,Waste,Completed,23.26251428550856,77.41034058629069,0,LOW,0.3333333333333333
143,Pothole,Pending,23.256685033530875,77.41365960835583,1,MEDIUM,0.6666666666666666
144,Streetlight,Pending,23.260269267717064,77.41548313724131,1,MEDIUM,0.6666666666666666
145,Pothole,Completed,23.260419765588495,77.40765671099975,0,LOW,0.3333333333333333
146,Pothole,Pending,23.261463645743554,77.41100620948906,2,HIGH,1.0
147,Pothole,Pending,23.257426098578243,77.41375414425436,2,HIGH,1.0
148,Streetlight,Completed,23.25725908677383,77.41219390922791,0,LOW,0.3333333333333333
149,Drainage,Completed,23.260943883131233,77.41334229174674,1,MEDIUM,0.6666666666666666
150,Waste,Pending,23.260493969346463,77.41139202962657,1,MEDIUM,0.6666666666666666
151,Water Supply,Completed,23.26040098570069,77.41277317957494,1,MEDIUM,0.6666666666666666
152,Streetlight,Completed,23.26059289641899,77.41228864552922,0,LOW,0.3333333333333333
153,Drainage,Pending,23.25853995055684,77.41493556412331,2,HIGH,1.0
154,Streetlight,Pending,23.26036450739432,77.4131088416866,1,MEDIUM,0.6666666666666666
155,Drainage,Pending,23.260486144946597,77.41327520532415,2,HIGH,1.0
156,Waste,Pending,23.258471297163947,77.41177624606776,1,MEDIUM,0.6666666666666666
157,Drainage,Completed,23.26363154902229,77.41162478755186,0,LOW,0.3333333333333333
158,Waste,Completed,23.260847665841823,77.41173488362436,0,LOW,0.3333333333333333
159,Drainage,Cancelled,23.257517393005593,77.41338890428476,1,MEDIUM,0.6666666666666666
160,Water Supply,Completed,23.261213107217262,77.41175803103836,1,MEDIUM,0.6666666666666666
161,Waste,Pending,23.257950636659544,77.41317954971379,1,MEDIUM,0.6666666666666666
162,Waste,Pending,23.26147416920748,77.41675080159729,1,MEDIUM,0.6666666666666666
163,Drainage,Completed,23.262217191158012,77.41434224940686,0,LOW,0.3333333333333333
164,Waste,Pending,23.258258635363298,77.41194795293566,1,MEDIUM,0.6666666666666666
165,Drainage,Completed,23.26182675225849,77.41500242784433,0,LOW,0.3333333333333333
166,Waste,Completed,23.26072556185387,77.41178384925395,0,LOW,0.3333333333333333
167,Waste,Completed,23.261544120319986,77.40852375092965,0,LOW,0.3333333333333333
168,Water Supply,Completed,23.263693585965303,77.41058382737816,1,MEDIUM,0.6666666666666666
169,Streetlight,Pending,23.259409223767992,77.40885841615794,1,MEDIUM,0.6666666666666666
170,Drainage,Completed,23.258392527671283,77.41189697303192,1,MEDIUM,0.6666666666666666
171,Pothole,Completed,23.258120971140748,77.41263683675838,1,MEDIUM,0.6666666666666666
172,Streetlight,Pending,23.258268379430067,77.41595287462455,1,MEDIUM,0.6666666666666666
173,Streetlight,Completed,23.25974579658117,77.41325385474752,0,LOW,0.3333333333333333
174,Streetlight,Pending,23.260582303949633,77.41216179894238,1,MEDIUM,0.6666666666666666
175,Streetlight,Cancelled,23.26045338159866,77.41425881116237,1,MEDIUM,0.6666666666666666
176,Streetlight,Pending,23.26155436649807,77.40817772938198,1,MEDIUM,0.6666666666666666
177,Pothole,Completed,23.25992600378375,77.41307122911621,1,MEDIUM,0.6666666666666666
178,Waste,Pending,23.262807068154313,77.41414173038777,1,MEDIUM,0.6666666666666666
179,Drainage,Completed,23.25937068633352,77.40964282750843,0,LOW,0.3333333333333333
180,Waste,Pending,23.26534033833318,77.41488750808641,0,LOW,0.3333333333333333
181,Streetlight,Pending,23.26115133469553,77.41327699281499,1,MEDIUM,0.6666666666666666
182,Waste,Pending,23.258185684887167,77.41176942417219,1,MEDIUM,0.6666666666666666
183,Streetlight,Cancelled,23.257758215003875,77.41386556373222,0,LOW,0.3333333333333333
184,Streetlight,Pending,23.260864944830484,77.41714138571561,1,MEDIUM,0.6666666666666666
185,Waste,Pending,23.259453074429345,77.41296373251012,1,MEDIUM,0.6666666666666666
186,Waste,Completed,23.261328000988183,77.4130964411726,0,LOW,0.3333333333333333
187,Waste,Pending,23.260846475249146,77.41168127820092,1,MEDIUM,0.6666666666666666
188,Streetlight,Cancelled,23.259754342174684,77.41090031126107,1,MEDIUM,0.6666666666666666
189,Drainage,Pending,23.25820641256386,77.41426067163309,2,HIGH,1.0
190,Waste,Completed,23.256870305550628,77.41088783234818,0,LOW,0.3333333333333333
191,Streetlight,Pending,23.259006970095864,77.41274313247443,1,MEDIUM,0.6666666666666666
192,Pothole,Pending,23.261612797588644,77.41164468510647,2,HIGH,1.0
193,Pothole,Completed,23.26032818748826,77.41355795965148,1,MEDIUM,0.6666666666666666
194,Water Supply,Completed,23.257408522442574,77.41326732421057,1,MEDIUM,0.6666666666666666
195,Pothole,Completed,23.2602463618517,77.41467507988851,1,MEDIUM,0.6666666666666666
196,Pothole,Pending,23.260670634759457,77.41157996720229,2,HIGH,1.0
197,Waste,Pending,23.25813228512759,77.41206025012941,1,MEDIUM,0.6666666666666666
198,Waste,Pending,23.26020745021189,77.41064247256843,1,MEDIUM,0.6666666666666666
199,Waste,Cancelled,23.26001641743689,77.41171141347985,1,MEDIUM,0.6666666666666666
200,Waste,Pending,23.257614059404336,77.41335460098608,1,MEDIUM,0.6666666666666666
201,Streetlight,Pending,23.260615574720696,77.41411397723328,1,MEDIUM,0.6666666666666666
202,Pothole,Pending,23.261021569052733,77.41075566935164,2,HIGH,1.0
203,Pothole,Completed,23.262066102486347,77.41433921184021,0,LOW,0.3333333333333333
204,Waste,Pending,23.262007604104067,77.41531127571761,1,MEDIUM,0.6666666666666666
205,Waste,Cancelled,23.25714466126409,77.41342686980644,0,LOW,0.3333333333333333
206,Streetlight,Pending,23.258024349920166,77.41635359162511,1,MEDIUM,0.6666666666666666
207,Water Supply,Completed,23.260930070534418,77.4110524216018,1,MEDIUM,0.6666666666666666
208,Waste,Pending,23.260927571901824,77.41011069059337,1,MEDIUM,0.6666666666666666
209,Drainage,Completed,23.26093009537261,77.40904255950218,0,LOW,0.3333333333333333
210,Streetlight,Cancelled,23.267605462981308,77.41559208862297,0,LOW,0.3333333333333333
211,Streetlight,Pending,23.261041781021383,77.4139087313127,1,MEDIUM,0.6666666666666666
212,Pothole,Cancelled,23.26217113128036,77.41248883065818,1,MEDIUM,0.6666666666666666
213,Waste,Pending,23.261808003526983,77.41315993725264,1,MEDIUM,0.6666666666666666
214,Waste,Cancelled,23.26120278250261,77.4103490219054,0,LOW,0.3333333333333333
215,Streetlight,Completed,23.25926946151072,77.41749150395923,0,LOW,0.3333333333333333
216,Pothole,Pending,23.261417938440985,77.41285844236396,2,HIGH,1.0
217,Water Supply,Pending,23.25835434957092,77.41281878958921,2,HIGH,1.0
218,Pothole,Pending,23.259426362786517,77.4140515332478,2,HIGH,1.0
219,Waste,Pending,23.25892927290434,77.41356201846347,1,MEDIUM,0.6666666666666666
220,Streetlight,Pending,23.26006374827877,77.41304776804856,1,MEDIUM,0.6666666666666666
221,Waste,Pending,23.264529317133345,77.41101905108911,1,MEDIUM,0.6666666666666666
222,Pothole,Completed,23.256165469614817,77.41354293671426,0,LOW,0.3333333333333333
223,Streetlight,Completed,23.261272520380743,77.41636404899295,0,LOW,0.3333333333333333
224,Water Supply,Pending,23.25667456825762,77.41529084009231,2,HIGH,1.0
225,Drainage,Pending,23.25895613626842,77.41578637325328,1,MEDIUM,0.6666666666666666
226,Streetlight,Completed,23.262077901193933,77.41157756864713,0,LOW,0.3333333333333333
227,Streetlight,Pending,23.26002856003819,77.41062079035947,1,MEDIUM,0.6666666666666666
228,Water Supply,Pending,23.25774451044414,77.4123484261598,2,HIGH,1.0
229,Waste,Pending,23.25846939258148,77.41271144982457,1,MEDIUM,0.6666666666666666
230,Waste,Cancelled,23.261259195497868,77.41478838303694,0,LOW,0.3333333333333333
231,Waste,Completed,23.258439266736563,77.40921507074057,0,LOW,0.3333333333333333
232,Waste,Pending,23.260332917179163,77.41565910063892,1,MEDIUM,0.6666666666666666
233,Streetlight,Completed,23.259991143679805,77.41228398420284,0,LOW,0.3333333333333333
234,Streetlight,Completed,23.258596799304787,77.4117462378601,0,LOW,0.3333333333333333
235,Streetlight,Completed,23.26418788817865,77.41057579124947,0,LOW,0.3333333333333333
236,Waste,Completed,23.261167838044635,77.40929028665627,0,LOW,0.3333333333333333
237,Streetlight,Completed,23.255849714826685,77.41424634116792,0,LOW,0.3333333333333333
238,Pothole,Pending,23.26027290862954,77.41274663593437,2,HIGH,1.0
239,Streetlight,Pending,23.258576427070462,77.41002007820052,1,MEDIUM,0.6666666666666666
240,Streetlight,Completed,23.26160486666959,77.41000984245586,0,LOW,0.3333333333333333
241,Pothole,Completed,23.258314958523133,77.41192843060142,1,MEDIUM,0.6666666666666666
242,Waste,Pending,23.259670527117063,77.41593804305057,1,MEDIUM,0.6666666666666666
243,Waste,Completed,23.26090997455796,77.41208081729727,0,LOW,0.3333333333333333
244,Drainage,Cancelled,23.261631510388337,77.40959371409376,1,MEDIUM,0.6666666666666666
245,Water Supply,Pending,23.25749940718589,77.41210851387183,2,HIGH,1.0
246,Streetlight,Completed,23.259230997528316,77.4120545528605,0,LOW,0.3333333333333333
247,Waste,Completed,23.258950109377675,77.40720622671411,0,LOW,0.3333333333333333
248,Pothole,Cancelled,23.25859334153485,77.41249141026697,1,MEDIUM,0.6666666666666666
249,Streetlight,Cancelled,23.26343090848056,77.41213813093958,0,LOW,0.3333333333333333
250,Drainage,Completed,23.26070996342192,77.41399241272963,1,MEDIUM,0.6666666666666666
251,Waste,Pending,23.257378232091327,77.41629791218989,1,MEDIUM,0.6666666666666666
252,Waste,Completed,23.26173572389411,77.41485313005909,0,LOW,0.3333333333333333
253,Streetlight,Pending,23.264144312394023,77.41206222261889,1,MEDIUM,0.6666666666666666
254,Pothole,Completed,23.2619649305211,77.41038694818252,0,LOW,0.3333333333333333
255,Waste,Cancelled,23.25686126006809,77.4177467196065,0,LOW,0.3333333333333333
256,Waste,Pending,23.258931531854262,77.41271843686803,1,MEDIUM,0.6666666666666666
257,Pothole,Completed,23.262433822298373,77.41262785858382,1,MEDIUM,0.6666666666666666
258,Drainage,Pending,23.25848466106876,77.41255174982578,2,HIGH,1.0
259,Water Supply,Completed,23.26078763885629,77.41299616952153,1,MEDIUM,0.6666666666666666
260,Streetlight,Pending,23.26144926810686,77.41231127917615,1,MEDIUM,0.6666666666666666
261,Pothole,Completed,23.25804613905684,77.41145267598624,1,MEDIUM,0.6666666666666666
262,Waste,Cancelled,23.259780949287876,77.41150628211751,1,MEDIUM,0.6666666666666666
263,Pothole,Cancelled,23.25341746531986,77.41253449345956,0,LOW,0.3333333333333333
264,Pothole,Pending,23.257851224717328,77.41151315045774,2,HIGH,1.0
265,Streetlight,Completed,23.259394863697217,77.41117430843464,0,LOW,0.3333333333333333
266,Pothole,Completed,23.25740443363607,77.41281286045538,1,MEDIUM,0.6666666666666666
267,Waste,Pending,23.263164822607862,77.41209004556515,1,MEDIUM,0.6666666666666666
268,Waste,Pending,23.257039717244076,77.41560798597716,1,MEDIUM,0.6666666666666666
269,Pothole,Pending,23.25901991102661,77.40729806038321,1,MEDIUM,0.6666666666666666
270,Waste,Cancelled,23.26016148115457,77.41478301370384,0,LOW,0.3333333333333333
271,Waste,Completed,23.26278254657813,77.415092170385,0,LOW,0.3333333333333333
272,Water Supply,Completed,23.25702827569764,77.40845321953518,1,MEDIUM,0.6666666666666666
273,Pothole,Pending,23.262226327504308,77.41191462481184,2,HIGH,1.0
274,Pothole,Completed,23.259920466122036,77.411857118268,1,MEDIUM,0.6666666666666666
275,Drainage,Pending,23.257936982697903,77.40978497661057,1,MEDIUM,0.6666666666666666
276,Water Supply,Pending,23.260824206948524,77.41104436662482,2,HIGH,1.0
277,Streetlight,Completed,23.260298119391145,77.41037884830907,0,LOW,0.3333333333333333
278,Drainage,Pending,23.25869956624568,77.41610454088685,1,MEDIUM,0.6666666666666666
279,Pothole,Completed,23.26003960416998,77.4144713567863,1,MEDIUM,0.6666666666666666
280,Pothole,Pending,23.25912937280627,77.41514311018999,2,HIGH,1.0
281,Pothole,Completed,23.260127034690505,77.41404334412809,1,MEDIUM,0.6666666666666666
282,Streetlight,Completed,23.26122426134904,77.41034189645757,0,LOW,0.3333333333333333
283,Streetlight,Completed,23.263072033632287,77.41155095946743,0,LOW,0.3333333333333333
284,Pothole,Pending,23.257424369002344,77.41357874912245,2,HIGH,1.0
285,Waste,Pending,23.26416606674931,77.41015574438221,1,MEDIUM,0.6666666666666666
286,Streetlight,Cancelled,23.25599582440095,77.41402599686035,0,LOW,0.3333333333333333
287,Waste,Pending,23.25959642980993,77.41211934920368,1,MEDIUM,0.6666666666666666
288,Streetlight,Completed,23.26107663441297,77.4118503583849,0,LOW,0.3333333333333333
289,Streetlight,Cancelled,23.260461983735468,77.4140219199364,1,MEDIUM,0.6666666666666666
290,Streetlight,Pending,23.25865460096036,77.41348852662297,1,MEDIUM,0.6666666666666666
291,Drainage,Pending,23.25948375549928,77.41187806766835,2,HIGH,1.0
292,Drainage,Completed,23.25891399813068,77.41491865960673,1,MEDIUM,0.6666666666666666
293,Pothole,Cancelled,23.25872127048611,77.4104378733448,1,MEDIUM,0.6666666666666666
294,Streetlight,Cancelled,23.26159920419404,77.41383187121389,1,MEDIUM,0.6666666666666666
295,Streetlight,Completed,23.26061403097193,77.41378620251594,0,LOW,0.3333333333333333
296,Waste,Completed,23.25851418080948,77.41198090712138,0,LOW,0.3333333333333333
297,Waste,Pending,23.261699199750865,77.41325226604448,1,MEDIUM,0.6666666666666666
298,Waste,Cancelled,23.260514599041752,77.41009777284722,0,LOW,0.3333333333333333
299,Pothole,Cancelled,23.261525724237675,77.41444805403842,1,MEDIUM,0.6666666666666666
300,Streetlight,Pending,23.261159257683847,77.4122301957271,1,MEDIUM,0.6666666666666666
301,Drainage,Pending,23.25824200997815,77.41155455395896,2,HIGH,1.0
302,Waste,Pending,23.25877963791961,77.41469801845167,1,MEDIUM,0.6666666666666666
303,Waste,Pending,23.261394587210244,77.41119131261891,1,MEDIUM,0.6666666666666666
304,Water Supply,Completed,23.261120740530867,77.40978307740727,1,MEDIUM,0.6666666666666666
305,Waste,Pending,23.25985819681207,77.40948674165296,1,MEDIUM,0.6666666666666666
306,Pothole,Pending,23.260134654766617,77.4138120199027,2,HIGH,1.0
307,Streetlight,Pending,23.262455329791575,77.410039141295,1,MEDIUM,0.6666666666666666
308,Pothole,Cancelled,23.258716857222325,77.41610958836397,1,MEDIUM,0.6666666666666666
309,Waste,Completed,23.26099419476234,77.40843614118423,0,LOW,0.3333333333333333
310,Waste,Pending,23.25949561469513,77.41599291273658,1,MEDIUM,0.6666666666666666
311,Waste,Pending,23.259464637593545,77.4130220349344,1,MEDIUM,0.6666666666666666
312,Streetlight,Cancelled,23.262097553703978,77.41240657377625,1,MEDIUM,0.6666666666666666
313,Pothole,Completed,23.261550832697974,77.41151016182639,1,MEDIUM,0.6666666666666666
314,Waste,Pending,23.261527019272,77.4133982722287,1,MEDIUM,0.6666666666666666
315,Streetlight,Pending,23.262510957614307,77.41252473059515,1,MEDIUM,0.6666666666666666
316,Drainage,Pending,23.259942007683264,77.41480660376403,2,HIGH,1.0
317,Waste,Pending,23.261263905942588,77.41282845529732,1,MEDIUM,0.6666666666666666
318,Pothole,Completed,23.259279466486813,77.41290060352293,1,MEDIUM,0.6666666666666666
319,Streetlight,Cancelled,23.260548332704975,77.41187277557557,1,MEDIUM,0.6666666666666666
320,Waste,Pending,23.259639713891264,77.41248610875256,1,MEDIUM,0.6666666666666666
321,Pothole,Completed,23.260093991929985,77.41321560353778,1,MEDIUM,0.6666666666666666
322,Streetlight,Completed,23.261090314050872,77.40917966321469,0,LOW,0.3333333333333333
323,Drainage,Completed,23.25826355863353,77.40990362915579,0,LOW,0.3333333333333333
324,Drainage,Completed,23.264084774551367,77.41408652818804,0,LOW,0.3333333333333333
325,Streetlight,Pending,23.257887965237,77.41294173087626,1,MEDIUM,0.6666666666666666
326,Streetlight,Pending,23.25747162277442,77.41223203332729,1,MEDIUM,0.6666666666666666
327,Pothole,Completed,23.262216221747,77.41263686786613,1,MEDIUM,0.6666666666666666
328,Streetlight,Pending,23.261483325387925,77.41329516341072,1,MEDIUM,0.6666666666666666
329,Pothole,Pending,23.261148239634103,77.41152048063938,2,HIGH,1.0
330,Waste,Pending,23.261156691018527,77.4110433905492,1,MEDIUM,0.6666666666666666
331,Streetlight,Cancelled,23.259875506454303,77.4129916905102,1,MEDIUM,0.6666666666666666
332,Streetlight,Completed,23.258105491257027,77.41064325444476,0,LOW,0.3333333333333333
333,Pothole,Completed,23.260051609116385,77.41341650551142,1,MEDIUM,0.6666666666666666
334,Water Supply,Completed,23.258545676576976,77.40919483279153,1,MEDIUM,0.6666666666666666
335,Waste,Completed,23.261850239466835,77.41465831127465,0,LOW,0.3333333333333333
336,Pothole,Completed,23.259605885236994,77.41354519496483,1,MEDIUM,0.6666666666666666
337,Waste,Completed,23.258249005606412,77.41311205946863,0,LOW,0.3333333333333333
338,Drainage,Pending,23.25925722831669,77.41456538196789,2,HIGH,1.0
339,Streetlight,Completed,23.26072586290855,77.41593094888893,0,LOW,0.3333333333333333
340,Pothole,Completed,23.258772550894392,77.41462874013003,1,MEDIUM,0.6666666666666666
341,Streetlight,Completed,23.258255559208862,77.40891825153733,0,LOW,0.3333333333333333
342,Pothole,Pending,23.260387374422983,77.41004084606652,2,HIGH,1.0
343,Drainage,Pending,23.260389933142218,77.4113503628446,2,HIGH,1.0
344,Pothole,Pending,23.258886113649258,77.41265218210042,2,HIGH,1.0
345,Pothole,Completed,23.258957923388763,77.41363531804093,1,MEDIUM,0.6666666666666666
346,Water Supply,Pending,23.26036409987471,77.41114851237369,2,HIGH,1.0
347,Waste,Pending,23.257003831317004,77.41297353352896,1,MEDIUM,0.6666666666666666
348,Waste,Completed,23.257085072451247,77.41108923413529,0,LOW,0.3333333333333333
349,Streetlight,Pending,23.258463111557493,77.41137696439401,1,MEDIUM,0.6666666666666666
350,Water Supply,Completed,23.259473105696575,77.4097866778063,1,MEDIUM,0.6666666666666666
351,Pothole,Pending,23.260521815131195,77.41075353350777,2,HIGH,1.0
352,Waste,Cancelled,23.2628507124339,77.40989663078877,0,LOW,0.3333333333333333
353,Pothole,Completed,23.261615319246403,77.41064825349405,1,MEDIUM,0.6666666666666666
354,Pothole,Completed,23.259580122940072,77.41470728359322,1,MEDIUM,0.6666666666666666
355,Waste,Pending,23.259861967584193,77.41070120222233,1,MEDIUM,0.6666666666666666
356,Streetlight,Completed,23.257894941270724,77.41786476412967,0,LOW,0.3333333333333333
357,Water Supply,Pending,23.259862973728012,77.41358663580176,2,HIGH,1.0
358,Pothole,Pending,23.259322682722157,77.41296967224739,2,HIGH,1.0
359,Pothole,Pending,23.260545437120676,77.41088328443963,2,HIGH,1.0
360,Pothole,Completed,23.258245538112895,77.41400061975881,1,MEDIUM,0.6666666666666666
361,Waste,Pending,23.26093869302848,77.41144872434752,1,MEDIUM,0.6666666666666666
362,Drainage,Pending,23.262965477826004,77.41284401962929,1,MEDIUM,0.6666666666666666
363,Pothole,Pending,23.259682479703084,77.41772016907653,1,MEDIUM,0.6666666666666666
364,Pothole,Completed,23.260703423444195,77.41240788020055,1,MEDIUM,0.6666666666666666
365,Streetlight,Completed,23.26128028798342,77.41489854665257,0,LOW,0.3333333333333333
366,Pothole,Completed,23.259097559056222,77.41119364714974,1,MEDIUM,0.6666666666666666
367,Streetlight,Completed,23.260348184963615,77.412530023019,0,LOW,0.3333333333333333
368,Waste,Pending,23.259925184801563,77.41614160127126,1,MEDIUM,0.6666666666666666
369,Drainage,Completed,23.260095352197094,77.41134606588442,1,MEDIUM,0.6666666666666666
370,Water Supply,Completed,23.25835398043229,77.416224897116,1,MEDIUM,0.6666666666666666
371,Streetlight,Pending,23.259949020348515,77.41401550387091,1,MEDIUM,0.6666666666666666
372,Water Supply,Pending,23.26089599658249,77.4114750664482,2,HIGH,1.0
373,Waste,Completed,23.26280228721559,77.4138648154781,0,LOW,0.3333333333333333
374,Pothole,Completed,23.26181854165217,77.41454510889925,1,MEDIUM,0.6666666666666666
375,Streetlight,Completed,23.264206364915022,77.41384361992444,0,LOW,0.3333333333333333
376,Streetlight,Pending,23.25836530487422,77.40945955056021,1,MEDIUM,0.6666666666666666
377,Pothole,Completed,23.26164464127344,77.41114572564835,1,MEDIUM,0.6666666666666666
378,Pothole,Completed,23.260266684011476,77.41210496272889,1,MEDIUM,0.6666666666666666
379,Waste,Pending,23.264279605866435,77.4124511331418,1,MEDIUM,0.6666666666666666
380,Pothole,Completed,23.25828340342929,77.4138413441951,1,MEDIUM,0.6666666666666666
381,Waste,Pending,23.258220556315635,77.41295540200187,1,MEDIUM,0.6666666666666666
382,Streetlight,Completed,23.25870121470911,77.40992931128258,0,LOW,0.3333333333333333
383,Waste,Pending,23.25565220855138,77.41336039570201,1,MEDIUM,0.6666666666666666
384,Waste,Cancelled,23.258848489956637,77.41382117149057,0,LOW,0.3333333333333333
385,Streetlight,Completed,23.25838173467689,77.41371958089586,0,LOW,0.3333333333333333
386,Streetlight,Completed,23.260200787572952,77.4147615614511,0,LOW,0.3333333333333333
387,Drainage,Pending,23.260583511951552,77.4142678443091,2,HIGH,1.0
388,Streetlight,Cancelled,23.26365234167843,77.41351836015845,0,LOW,0.3333333333333333
389,Pothole,Completed,23.26180084767637,77.41245966857709,1,MEDIUM,0.6666666666666666
390,Drainage,Pending,23.258746192688672,77.40927807813297,1,MEDIUM,0.6666666666666666
391,Pothole,Completed,23.2581031706573,77.41345923643826,1,MEDIUM,0.6666666666666666
392,Waste,Pending,23.260883838343013,77.41301537537433,1,MEDIUM,0.6666666666666666
393,Streetlight,Completed,23.257259533585955,77.41314315767438,0,LOW,0.3333333333333333
394,Water Supply,Pending,23.263562917531708,77.41004650284836,2,HIGH,1.0
395,Pothole,Completed,23.26225888024144,77.41043788691918,0,LOW,0.3333333333333333
396,Waste,Pending,23.258961648695788,77.41470630570666,1,MEDIUM,0.6666666666666666
397,Waste,Cancelled,23.256473730941817,77.41252088969229,0,LOW,0.3333333333333333
398,Waste,Pending,23.26260774474833,77.41396300139475,1,MEDIUM,0.6666666666666666
399,Pothole,Cancelled,23.259670920309492,77.41265663675226,1,MEDIUM,0.6666666666666666
400,Streetlight,Completed,23.262375632623947,77.41265951227899,0,LOW,0.3333333333333333
401,Waste,Completed,23.27187656761195,77.4280172153011,0,LOW,0.3333333333333333
402,Water Supply,Completed,23.26896791054357,77.4256932197728,1,MEDIUM,0.6666666666666666
403,Drainage,Pending,23.27019224155388,77.42872207650463,2,HIGH,1.0
404,Streetlight,Pending,23.26907544942259,77.42735382041319,1,MEDIUM,0.6666666666666666
405,Drainage,Pending,23.269131007545138,77.43328403032028,1,MEDIUM,0.6666666666666666
406,Waste,Completed,23.26938165575306,77.43201963417869,0,LOW,0.3333333333333333
407,Pothole,Completed,23.270444267543265,77.42862369930965,1,MEDIUM,0.6666666666666666
408,Streetlight,Completed,23.269042502756673,77.4345048716107,0,LOW,0.3333333333333333
409,Drainage,Pending,23.272511512251143,77.43196353097399,1,MEDIUM,0.6666666666666666
410,Drainage,Pending,23.26821078539556,77.42935033723299,2,HIGH,1.0
411,Waste,Pending,23.26962625671168,77.42500118857026,1,MEDIUM,0.6666666666666666
412,Water Supply,Cancelled,23.269120537883452,77.43458188514519,1,MEDIUM,0.6666666666666666
413,Waste,Completed,23.27289395576871,77.42722085506648,0,LOW,0.3333333333333333
414,Drainage,Pending,23.270393109553023,77.42670920250609,1,MEDIUM,0.6666666666666666
415,Water Supply,Completed,23.272063689078937,77.43204514086402,1,MEDIUM,0.6666666666666666
416,Waste,Pending,23.267028879253925,77.43487950481268,1,MEDIUM,0.6666666666666666
417,Streetlight,Cancelled,23.270534100531737,77.43276854563703,0,LOW,0.3333333333333333
418,Waste,Completed,23.271779261591245,77.43112781824011,0,LOW,0.3333333333333333
419,Pothole,Pending,23.27016456797855,77.43118950868333,2,HIGH,1.0
420,Pothole,Completed,23.27213096075013,77.43170683111757,0,LOW,0.3333333333333333
421,Streetlight,Pending,23.2689654230998,77.43151785717959,1,MEDIUM,0.6666666666666666
422,Water Supply,Cancelled,23.27281869488037,77.43056238284795,1,MEDIUM,0.6666666666666666
423,Streetlight,Pending,23.27459779624724,77.43020840220791,1,MEDIUM,0.6666666666666666
424,Pothole,Completed,23.26927432287912,77.4298748137442,1,MEDIUM,0.6666666666666666
425,Drainage,Pending,23.269108994957197,77.42849207082227,2,HIGH,1.0
426,Water Supply,Completed,23.272906768954236,77.42943864984628,1,MEDIUM,0.6666666666666666
427,Waste,Completed,23.273159144291466,77.42661408637161,0,LOW,0.3333333333333333
428,Water Supply,Completed,23.268954279945692,77.42980332074642,1,MEDIUM,0.6666666666666666
429,Waste,Completed,23.26915962636581,77.4280228177857,0,LOW,0.3333333333333333
430,Drainage,Completed,23.26943643078228,77.42779282136557,1,MEDIUM,0.6666666666666666
431,Waste,Pending,23.26731109897793,77.43035978830231,1,MEDIUM,0.6666666666666666
432,Waste,Pending,23.26816269610703,77.4327840045727,1,MEDIUM,0.6666666666666666
433,Pothole,Pending,23.267991718466497,77.43183663321201,1,MEDIUM,0.6666666666666666
434,Streetlight,Cancelled,23.268464404869793,77.42685899879277,0,LOW,0.3333333333333333
435,Pothole,Pending,23.269930630225225,77.42802074372686,1,MEDIUM,0.6666666666666666
436,Waste,Completed,23.270468429465073,77.43188154237599,0,LOW,0.3333333333333333
437,Streetlight,Completed,23.273101000985623,77.42803502521294,0,LOW,0.3333333333333333
438,Water Supply,Pending,23.26800329191852,77.42955073370001,2,HIGH,1.0
439,Pothole,Pending,23.271968644796953,77.43110010419805,2,HIGH,1.0
440,Waste,Pending,23.26957202231155,77.42806331109028,1,MEDIUM,0.6666666666666666
441,Pothole,Completed,23.269901072580694,77.4302107510123,1,MEDIUM,0.6666666666666666
442,Waste,Pending,23.271349638984333,77.42733194901017,1,MEDIUM,0.6666666666666666
443,Drainage,Pending,23.267754555956873,77.4287972647121,1,MEDIUM,0.6666666666666666
444,Drainage,Completed,23.270764819492367,77.4306395638683,1,MEDIUM,0.6666666666666666
445,Streetlight,Cancelled,23.270332904416424,77.42681401253294,0,LOW,0.3333333333333333
446,Pothole,Pending,23.270984902528017,77.43088094947593,2,HIGH,1.0
447,Drainage,Pending,23.270578337287816,77.42996072440215,2,HIGH,1.0
448,Streetlight,Pending,23.27491060027982,77.43110497990884,1,MEDIUM,0.6666666666666666
449,Drainage,Completed,23.268724520031498,77.43044782826814,1,MEDIUM,0.6666666666666666
450,Streetlight,Completed,23.268938006089996,77.43272828085995,0,LOW,0.3333333333333333
451,Drainage,Pending,23.26875371894715,77.4302504490053,2,HIGH,1.0
452,Streetlight,Pending,23.26888904576168,77.42914118891775,1,MEDIUM,0.6666666666666666
453,Pothole,Completed,23.268725225745385,77.43024459500607,1,MEDIUM,0.6666666666666666
454,Water Supply,Completed,23.272378033062218,77.43108659605808,1,MEDIUM,0.6666666666666666
455,Pothole,Pending,23.27284100849598,77.43009772014067,1,MEDIUM,0.6666666666666666
456,Streetlight,Completed,23.2688585074125,77.43008118338241,0,LOW,0.3333333333333333
457,Waste,Pending,23.26833528885379,77.4285960166244,1,MEDIUM,0.6666666666666666
458,Streetlight,Pending,23.270942831112773,77.4286741981649,1,MEDIUM,0.6666666666666666
459,Streetlight,Completed,23.26889555391144,77.42719478945641,0,LOW,0.3333333333333333
460,Waste,Completed,23.27126586363551,77.43349915348638,0,LOW,0.3333333333333333
461,Waste,Pending,23.2704058460417,77.42751227352922,1,MEDIUM,0.6666666666666666
462,Streetlight,Cancelled,23.266968511770006,77.42861418960442,0,LOW,0.3333333333333333
463,Drainage,Pending,23.27309501040266,77.42856318546887,1,MEDIUM,0.6666666666666666
464,Pothole,Completed,23.27359175534619,77.4317898487539,0,LOW,0.3333333333333333
465,Waste,Pending,23.268774422619032,77.42941010064342,1,MEDIUM,0.6666666666666666
466,Streetlight,Completed,23.26922459688013,77.43249548414535,0,LOW,0.3333333333333333
467,Waste,Cancelled,23.270571730781448,77.42865301875152,0,LOW,0.3333333333333333
468,Pothole,Pending,23.270668913579975,77.43055798832445,2,HIGH,1.0
469,Waste,Cancelled,23.271317088545345,77.42832930589348,0,LOW,0.3333333333333333
470,Waste,Completed,23.274020409077533,77.43429029825555,0,LOW,0.3333333333333333
471,Waste,Completed,23.26964610554501,77.42762480316195,0,LOW,0.3333333333333333
472,Pothole,Pending,23.268403405510924,77.43061964142046,2,HIGH,1.0
473,Waste,Completed,23.26724136154397,77.43126755376187,0,LOW,0.3333333333333333
474,Pothole,Completed,23.26853813992011,77.43082759819491,1,MEDIUM,0.6666666666666666
475,Pothole,Pending,23.269933746054253,77.42962942468225,2,HIGH,1.0
476,Pothole,Cancelled,23.27358911572703,77.42974035860054,1,MEDIUM,0.6666666666666666
477,Pothole,Pending,23.268964777401926,77.43008762294396,2,HIGH,1.0
478,Drainage,Pending,23.270447575903276,77.42970599599676,2,HIGH,1.0
479,Waste,Pending,23.269967154207855,77.4319277582336,1,MEDIUM,0.6666666666666666
480,Pothole,Completed,23.272376786546896,77.4344210460032,0,LOW,0.3333333333333333
481,Waste,Completed,23.275053864851746,77.42888501642999,0,LOW,0.3333333333333333
482,Waste,Pending,23.26893826245416,77.42726039404084,1,MEDIUM,0.6666666666666666
483,Streetlight,Cancelled,23.269021121114964,77.4298234359033,0,LOW,0.3333333333333333
484,Streetlight,Pending,23.272088321754136,77.43515941867531,1,MEDIUM,0.6666666666666666
485,Drainage,Pending,23.271363782979257,77.42839265086407,2,HIGH,1.0
486,Streetlight,Pending,23.273693414651472,77.43327823361089,1,MEDIUM,0.6666666666666666
487,Water Supply,Completed,23.271167856370653,77.43335540162816,1,MEDIUM,0.6666666666666666
488,Waste,Cancelled,23.269281415818423,77.42889282351659,0,LOW,0.3333333333333333
489,Waste,Completed,23.271181309661383,77.43113796615837,0,LOW,0.3333333333333333
490,Waste,Completed,23.272217407161165,77.43325679324626,0,LOW,0.3333333333333333
491,Waste,Pending,23.27164096436239,77.42924174451804,1,MEDIUM,0.6666666666666666
492,Pothole,Completed,23.271014548062215,77.4295928392798,1,MEDIUM,0.6666666666666666
493,Streetlight,Completed,23.272133349379175,77.42883663817211,0,LOW,0.3333333333333333
494,Waste,Pending,23.27233859118089,77.42797048653863,1,MEDIUM,0.6666666666666666
495,Water Supply,Pending,23.272764317982073,77.42870144490988,2,HIGH,1.0
496,Drainage,Completed,23.27129741977518,77.42755211946648,1,MEDIUM,0.6666666666666666
497,Waste,Pending,23.269665763839367,77.43006816693652,1,MEDIUM,0.6666666666666666
498,Waste,Completed,23.270293427372867,77.42846005353789,0,LOW,0.3333333333333333
499,Waste,Pending,23.272413017933015,77.43046757182358,1,MEDIUM,0.6666666666666666
500,Waste,Pending,23.268366128658027,77.4268882087076,1,MEDIUM,0.6666666666666666
501,Waste,Completed,23.270737346617747,77.43066176046443,0,LOW,0.3333333333333333
502,Pothole,Pending,23.269213322375347,77.43166705792322,2,HIGH,1.0
503,Waste,Completed,23.27005748964587,77.42601252871486,0,LOW,0.3333333333333333
504,Pothole,Completed,23.272556903725217,77.4307481131397,1,MEDIUM,0.6666666666666666
505,Water Supply,Pending,23.27038219813604,77.43245533798495,2,HIGH,1.0
506,Streetlight,Cancelled,23.270092873096313,77.42758071796263,0,LOW,0.3333333333333333
507,Water Supply,Completed,23.26728028771804,77.43334514477368,1,MEDIUM,0.6666666666666666
508,Waste,Pending,23.271492507132056,77.43083803801873,1,MEDIUM,0.6666666666666666
509,Pothole,Completed,23.271290968362283,77.42858997628849,1,MEDIUM,0.6666666666666666
510,Streetlight,Pending,23.27432650944661,77.4298884618447,1,MEDIUM,0.6666666666666666
511,Waste,Completed,23.269384443530093,77.43111665382504,0,LOW,0.3333333333333333
512,Waste,Completed,23.27043830065533,77.43015201078283,0,LOW,0.3333333333333333
513,Streetlight,Cancelled,23.27049876736742,77.4310775119849,0,LOW,0.3333333333333333
514,Streetlight,Completed,23.27315490655953,77.42815865281385,0,LOW,0.3333333333333333
515,Pothole,Completed,23.269809408935227,77.43033872164808,1,MEDIUM,0.6666666666666666
516,Pothole,Completed,23.27055804305154,77.4271725710062,0,LOW,0.3333333333333333
517,Pothole,Pending,23.271215793019433,77.42977754787731,2,HIGH,1.0
518,Waste,Pending,23.270373218246313,77.42819218471708,1,MEDIUM,0.6666666666666666
519,Pothole,Completed,23.2691071327709,77.42852894011483,1,MEDIUM,0.6666666666666666
520,Waste,Pending,23.270388179985797,77.43247218635042,1,MEDIUM,0.6666666666666666
521,Waste,Pending,23.27214726349972,77.43218262024119,1,MEDIUM,0.6666666666666666
522,Water Supply,Completed,23.267946969401176,77.43121827624182,1,MEDIUM,0.6666666666666666
523,Streetlight,Completed,23.270265939348292,77.42781537447067,0,LOW,0.3333333333333333
524,Streetlight,Pending,23.26859975837012,77.42936718310062,1,MEDIUM,0.6666666666666666
525,Pothole,Pending,23.27239009325785,77.43242619539997,1,MEDIUM,0.6666666666666666
526,Pothole,Pending,23.266953626190432,77.43028343382728,1,MEDIUM,0.6666666666666666
527,Waste,Completed,23.268882156305455,77.43463865907997,0,LOW,0.3333333333333333
528,Waste,Pending,23.27075442375013,77.4307866356788,1,MEDIUM,0.6666666666666666
529,Waste,Completed,23.273131048058467,77.43038409823299,0,LOW,0.3333333333333333
530,Drainage,Pending,23.269868499477855,77.4293817670716,2,HIGH,1.0
531,Streetlight,Completed,23.268889600946615,77.43026708180957,0,LOW,0.3333333333333333
532,Pothole,Pending,23.27376231413888,77.42969506032725,1,MEDIUM,0.6666666666666666
533,Pothole,Completed,23.26710397219917,77.43141621735339,0,LOW,0.3333333333333333
534,Water Supply,Pending,23.26560238808676,77.43191340463359,2,HIGH,1.0
535,Waste,Completed,23.270880028900105,77.42842802107899,0,LOW,0.3333333333333333
536,Waste,Pending,23.268995891551295,77.42733753409289,1,MEDIUM,0.6666666666666666
537,Pothole,Completed,23.26795753436574,77.4263275892538,0,LOW,0.3333333333333333
538,Drainage,Completed,23.2714167128946,77.43101598265383,1,MEDIUM,0.6666666666666666
539,Water Supply,Pending,23.270487601427543,77.42779326678766,2,HIGH,1.0
540,Waste,Completed,23.268871842738527,77.4256942188141,0,LOW,0.3333333333333333
541,Drainage,Pending,23.267439391202657,77.43077715720906,1,MEDIUM,0.6666666666666666
542,Drainage,Pending,23.27174491465656,77.43498599903488,1,MEDIUM,0.6666666666666666
543,Waste,Pending,23.271300402355916,77.42998785817693,1,MEDIUM,0.6666666666666666
544,Pothole,Pending,23.26980164827244,77.4316769815489,2,HIGH,1.0
545,Pothole,Completed,23.273693273992095,77.4301636587171,0,LOW,0.3333333333333333
546,Water Supply,Completed,23.267859830467348,77.42980222069363,1,MEDIUM,0.6666666666666666
547,Waste,Pending,23.26694894965815,77.43183815296598,1,MEDIUM,0.6666666666666666
548,Drainage,Pending,23.26861618386024,77.42941945091162,2,HIGH,1.0
549,Pothole,Completed,23.26990882796729,77.43053478462815,1,MEDIUM,0.6666666666666666
550,Streetlight,Cancelled,23.27048667889865,77.43064339561239,0,LOW,0.3333333333333333
551,Pothole,Completed,23.26951752788429,77.42866381909272,1,MEDIUM,0.6666666666666666
552,Streetlight,Cancelled,23.270704110793027,77.43198408469908,0,LOW,0.3333333333333333
553,Drainage,Pending,23.26749692115162,77.42965008048661,1,MEDIUM,0.6666666666666666
554,Drainage,Pending,23.272887529208145,77.42848850968102,1,MEDIUM,0.6666666666666666
555,Drainage,Completed,23.269835697643213,77.43107301968715,1,MEDIUM,0.6666666666666666
556,Waste,Pending,23.272234591663175,77.42820306403642,1,MEDIUM,0.6666666666666666
557,Streetlight,Completed,23.270685450692756,77.43005636231474,0,LOW,0.3333333333333333
558,Waste,Pending,23.27091350643831,77.42998176200672,1,MEDIUM,0.6666666666666666
559,Pothole,Completed,23.271139534560465,77.43217179113167,1,MEDIUM,0.6666666666666666
560,Pothole,Completed,23.27089541712003,77.43094939646576,1,MEDIUM,0.6666666666666666
561,Pothole,Completed,23.271285445519737,77.42994994608252,1,MEDIUM,0.6666666666666666
562,Pothole,Pending,23.272658305060265,77.4316355325984,1,MEDIUM,0.6666666666666666
563,Water Supply,Completed,23.270393042339403,77.43278041509804,1,MEDIUM,0.6666666666666666
564,Waste,Pending,23.271418007515177,77.43111562061272,1,MEDIUM,0.6666666666666666
565,Streetlight,Pending,23.269820528611422,77.4300207052397,1,MEDIUM,0.6666666666666666
566,Pothole,Completed,23.2728802344309,77.42737632753531,0,LOW,0.3333333333333333
567,Waste,Pending,23.26864721539588,77.42786977267386,1,MEDIUM,0.6666666666666666
568,Waste,Pending,23.273601880865822,77.4293895505913,1,MEDIUM,0.6666666666666666
569,Water Supply,Pending,23.26991968409871,77.42878097559569,2,HIGH,1.0
570,Drainage,Pending,23.267138449795763,77.42962605739403,1,MEDIUM,0.6666666666666666
571,Water Supply,Cancelled,23.27025620882982,77.43011329984981,1,MEDIUM,0.6666666666666666
572,Water Supply,Pending,23.26863789668505,77.43105938550872,2,HIGH,1.0
573,Waste,Pending,23.271681287097977,77.42985900244389,1,MEDIUM,0.6666666666666666
574,Pothole,Completed,23.26869475204139,77.43097300328766,1,MEDIUM,0.6666666666666666
575,Streetlight,Pending,23.26910763313357,77.43012894882963,1,MEDIUM,0.6666666666666666
576,Pothole,Pending,23.26622091853811,77.4260490668673,1,MEDIUM,0.6666666666666666
577,Pothole,Pending,23.269095387361503,77.42812132921237,1,MEDIUM,0.6666666666666666
578,Pothole,Completed,23.26515224134674,77.42971182488856,0,LOW,0.3333333333333333
579,Streetlight,Completed,23.26683219435303,77.42758061051433,0,LOW,0.3333333333333333
580,Streetlight,Pending,23.271520829312287,77.43119985746,1,MEDIUM,0.6666666666666666
581,Waste,Pending,23.2715716003173,77.4330615016647,1,MEDIUM,0.6666666666666666
582,Pothole,Cancelled,23.27085091512357,77.4324375237034,1,MEDIUM,0.6666666666666666
583,Streetlight,Pending,23.26806604771374,77.42957311425815,1,MEDIUM,0.6666666666666666
584,Streetlight,Pending,23.269904577287715,77.43298145227371,1,MEDIUM,0.6666666666666666
585,Waste,Pending,23.26999279492182,77.43029733491441,1,MEDIUM,0.6666666666666666
586,Streetlight,Completed,23.267683270621617,77.42932582805777,0,LOW,0.3333333333333333
587,Waste,Completed,23.273006796603532,77.42877319467293,0,LOW,0.3333333333333333
588,Pothole,Pending,23.27175472458115,77.42939506062703,2,HIGH,1.0
589,Drainage,Completed,23.26955807165234,77.42922364636293,1,MEDIUM,0.6666666666666666
590,Streetlight,Pending,23.27005377167799,77.43034083244476,1,MEDIUM,0.6666666666666666
591,Waste,Pending,23.270416765615895,77.4303211479621,1,MEDIUM,0.6666666666666666
592,Streetlight,Completed,23.26591653026315,77.43000609204032,0,LOW,0.3333333333333333
593,Streetlight,Pending,23.26950564523496,77.4308738763395,1,MEDIUM,0.6666666666666666
594,Drainage,Pending,23.26863603150401,77.43238129254958,1,MEDIUM,0.6666666666666666
595,Streetlight,Pending,23.26799675998021,77.43189910827088,1,MEDIUM,0.6666666666666666
596,Streetlight,Completed,23.269437799414227,77.4270302040631,0,LOW,0.3333333333333333
597,Pothole,Pending,23.2735953730537,77.4248921577302,1,MEDIUM,0.6666666666666666
598,Waste,Completed,23.271281685722535,77.43186863982248,0,LOW,0.3333333333333333
599,Waste,Pending,23.268857642020436,77.42726624260318,1,MEDIUM,0.6666666666666666
600,Pothole,Completed,23.27114516556271,77.42955046919622,1,MEDIUM,0.6666666666666666
601,Streetlight,Pending,23.27279871087317,77.4276597739479,1,MEDIUM,0.6666666666666666
602,Pothole,Completed,23.271849267365827,77.42639603912485,0,LOW,0.3333333333333333
603,Waste,Pending,23.27011926073984,77.43108292545642,1,MEDIUM,0.6666666666666666
604,Waste,Cancelled,23.268706126444588,77.43151831032061,0,LOW,0.3333333333333333
605,Pothole,Pending,23.271396446627225,77.42884697919855,2,HIGH,1.0
606,Waste,Pending,23.270786970770843,77.42481791541572,1,MEDIUM,0.6666666666666666
607,Streetlight,Completed,23.271790386440056,77.4289075111035,0,LOW,0.3333333333333333
608,Waste,Pending,23.27127034360336,77.43078360801081,1,MEDIUM,0.6666666666666666
609,Streetlight,Pending,23.272099105430637,77.42704217686246,1,MEDIUM,0.6666666666666666
610,Water Supply,Cancelled,23.26892952957688,77.43036671983957,1,MEDIUM,0.6666666666666666
611,Waste,Cancelled,23.272634788131267,77.42996938030166,0,LOW,0.3333333333333333
612,Pothole,Pending,23.270395199209386,77.4311585829992,2,HIGH,1.0
613,Waste,Cancelled,23.27415052174525,77.43023916073683,0,LOW,0.3333333333333333
614,Streetlight,Completed,23.26862162436382,77.42805386211825,0,LOW,0.3333333333333333
615,Streetlight,Pending,23.27347192760633,77.43239314300334,1,MEDIUM,0.6666666666666666
616,Pothole,Completed,23.270395821566925,77.42968294085395,1,MEDIUM,0.6666666666666666
617,Pothole,Completed,23.26869716399277,77.42994539092099,1,MEDIUM,0.6666666666666666
618,Drainage,Cancelled,23.26903222833189,77.42813346408187,1,MEDIUM,0.6666666666666666
619,Waste,Pending,23.26935930538361,77.42911343549763,1,MEDIUM,0.6666666666666666
620,Waste,Completed,23.270848331892804,77.42823039457195,0,LOW,0.3333333333333333
621,Drainage,Pending,23.271045670976072,77.42965410788015,2,HIGH,1.0
622,Streetlight,Pending,23.268852599992123,77.4334234169603,1,MEDIUM,0.6666666666666666
623,Drainage,Pending,23.269951290815477,77.42725619771414,2,HIGH,1.0
624,Streetlight,Cancelled,23.274284540717225,77.42677287720426,0,LOW,0.3333333333333333
625,Drainage,Completed,23.273455086340203,77.43294234065499,0,LOW,0.3333333333333333
626,Pothole,Completed,23.27087264733935,77.4295813526457,1,MEDIUM,0.6666666666666666
627,Streetlight,Completed,23.270076006956337,77.42866185452269,0,LOW,0.3333333333333333
628,Water Supply,Pending,23.270240062653436,77.4320798093748,2,HIGH,1.0
629,Streetlight,Pending,23.27122703594546,77.42878876892053,1,MEDIUM,0.6666666666666666
630,Waste,Pending,23.267954414869603,77.4336520194271,1,MEDIUM,0.6666666666666666
631,Waste,Pending,23.269485246925154,77.43135585174268,1,MEDIUM,0.6666666666666666
632,Waste,Completed,23.266662831852244,77.42902417718372,0,LOW,0.3333333333333333
633,Waste,Pending,23.27079844624521,77.43431461642653,1,MEDIUM,0.6666666666666666
634,Pothole,Pending,23.271294391879405,77.428788570154,2,HIGH,1.0
635,Streetlight,Pending,23.2690336270754,77.43148419074403,1,MEDIUM,0.6666666666666666
636,Streetlight,Pending,23.27314797352658,77.43059858516082,1,MEDIUM,0.6666666666666666
637,Pothole,Completed,23.267548468673994,77.4326034825788,0,LOW,0.3333333333333333
638,Streetlight,Cancelled,23.26707125023958,77.43312302239346,0,LOW,0.3333333333333333
639,Waste,Completed,23.27044890363712,77.43006400829813,0,LOW,0.3333333333333333
640,Waste,Completed,23.272094196605224,77.42849316425931,0,LOW,0.3333333333333333
641,Waste,Pending,23.273367855382915,77.43091994428589,1,MEDIUM,0.6666666666666666
642,Pothole,Pending,23.26908223147426,77.4286445692605,2,HIGH,1.0
643,Waste,Pending,23.272157361666864,77.43402677449507,1,MEDIUM,0.6666666666666666
644,Waste,Completed,23.269922983060997,77.43027307066217,0,LOW,0.3333333333333333
645,Pothole,Completed,23.26965474540012,77.42926935689738,1,MEDIUM,0.6666666666666666
646,Drainage,Pending,23.27176731987497,77.43036936061173,2,HIGH,1.0
647,Waste,Pending,23.271304645756825,77.42730574742095,1,MEDIUM,0.6666666666666666
648,Streetlight,Completed,23.26684721568603,77.42805677192298,0,LOW,0.3333333333333333
649,Streetlight,Completed,23.272953080699452,77.4324008278159,0,LOW,0.3333333333333333
650,Drainage,Cancelled,23.272760182708293,77.42868621144207,1,MEDIUM,0.6666666666666666
651,Water Supply,Completed,23.26874887459698,77.42790617803465,1,MEDIUM,0.6666666666666666
652,Waste,Pending,23.270791607066876,77.43107330550507,1,MEDIUM,0.6666666666666666
653,Waste,Pending,23.270988060372567,77.43237140830934,1,MEDIUM,0.6666666666666666
654,Drainage,Pending,23.27052134753165,77.43143790662134,2,HIGH,1.0
655,Pothole,Pending,23.268899389692308,77.43199209537161,1,MEDIUM,0.6666666666666666
656,Streetlight,Pending,23.268656753264125,77.42848640982287,1,MEDIUM,0.6666666666666666
657,Streetlight,Completed,23.269948891858014,77.42715637866652,0,LOW,0.3333333333333333
658,Streetlight,Completed,23.27234545803852,77.43300266730392,0,LOW,0.3333333333333333
659,Water Supply,Pending,23.27108720030919,77.42935464032232,2,HIGH,1.0
660,Water Supply,Completed,23.269258771335828,77.4294983339671,1,MEDIUM,0.6666666666666666
661,Streetlight,Pending,23.271543397421297,77.4326563882837,1,MEDIUM,0.6666666666666666
662,Waste,Pending,23.26430291475874,77.43111246001881,0,LOW,0.3333333333333333
663,Drainage,Pending,23.272297531400746,77.43091177554417,2,HIGH,1.0
664,Waste,Pending,23.26652057244244,77.43433000468981,1,MEDIUM,0.6666666666666666
665,Waste,Pending,23.269275118117193,77.42871296353924,1,MEDIUM,0.6666666666666666
666,Drainage,Pending,23.267760660210747,77.43185568025616,1,MEDIUM,0.6666666666666666
667,Waste,Pending,23.267410637048556,77.4301140262498,1,MEDIUM,0.6666666666666666
668,Waste,Cancelled,23.272321653574757,77.43053718455774,0,LOW,0.3333333333333333
669,Waste,Pending,23.269064597597374,77.43305693685284,1,MEDIUM,0.6666666666666666
670,Drainage,Pending,23.270693007763462,77.43101567151258,2,HIGH,1.0
671,Pothole,Pending,23.26990615884224,77.4310765921581,2,HIGH,1.0
672,Streetlight,Completed,23.270954081654445,77.43214501467463,0,LOW,0.3333333333333333
673,Waste,Pending,23.27015364378212,77.42927009454093,1,MEDIUM,0.6666666666666666
674,Drainage,Completed,23.267434015551625,77.42832158066533,0,LOW,0.3333333333333333
675,Drainage,Pending,23.271992533638898,77.42791038161197,2,HIGH,1.0
676,Pothole,Completed,23.269012486833677,77.42606728682125,0,LOW,0.3333333333333333
677,Pothole,Completed,23.26688683620268,77.43411241425989,0,LOW,0.3333333333333333
678,Waste,Pending,23.269143769678067,77.42779358326857,1,MEDIUM,0.6666666666666666
679,Water Supply,Pending,23.273001519581268,77.42955749275283,2,HIGH,1.0
680,Streetlight,Pending,23.271700443484228,77.42944637340022,1,MEDIUM,0.6666666666666666
681,Water Supply,Completed,23.269302695731184,77.43061481339562,1,MEDIUM,0.6666666666666666
682,Pothole,Pending,23.269301484591363,77.43163147442509,2,HIGH,1.0
683,Drainage,Pending,23.269356729897567,77.43172094697672,2,HIGH,1.0
684,Drainage,Cancelled,23.27415349596712,77.42883384512287,1,MEDIUM,0.6666666666666666
685,Streetlight,Pending,23.270763870904464,77.42966575657243,1,MEDIUM,0.6666666666666666
686,Water Supply,Completed,23.27086008329438,77.43056515990098,1,MEDIUM,0.6666666666666666
687,Pothole,Completed,23.272060566908063,77.42950261774764,1,MEDIUM,0.6666666666666666
688,Waste,Pending,23.27047757831805,77.43321469115205,1,MEDIUM,0.6666666666666666
689,Streetlight,Pending,23.26948191570836,77.43098194990328,1,MEDIUM,0.6666666666666666
690,Streetlight,Pending,23.26960730030183,77.43146975557211,1,MEDIUM,0.6666666666666666
691,Streetlight,Completed,23.26985679748117,77.43132576253734,0,LOW,0.3333333333333333
692,Waste,Completed,23.26992555552698,77.43234694771498,0,LOW,0.3333333333333333
693,Pothole,Completed,23.271455259087272,77.43036204311741,1,MEDIUM,0.6666666666666666
694,Pothole,Cancelled,23.270103891771615,77.4274063361041,1,MEDIUM,0.6666666666666666
695,Pothole,Completed,23.27146528015443,77.43079937590352,1,MEDIUM,0.6666666666666666
696,Streetlight,Pending,23.269838566839784,77.42869728621243,1,MEDIUM,0.6666666666666666
697,Streetlight,Pending,23.270157270380633,77.42894276663651,1,MEDIUM,0.6666666666666666
698,Waste,Completed,23.266003598630935,77.43117272803752,0,LOW,0.3333333333333333
699,Pothole,Pending,23.271832655349403,77.43247656614287,1,MEDIUM,0.6666666666666666
700,Waste,Pending,23.270692976951796,77.43004254315348,1,MEDIUM,0.6666666666666666
701,Waste,Completed,23.271996020219717,77.4306176660252,0,LOW,0.3333333333333333
702,Drainage,Pending,23.264207489243613,77.43340442988928,1,MEDIUM,0.6666666666666666
703,Water Supply,Cancelled,23.274176749409563,77.43048150635899,1,MEDIUM,0.6666666666666666
704,Pothole,Completed,23.26972082074369,77.43520336622836,0,LOW,0.3333333333333333
705,Drainage,Pending,23.272216365633476,77.43113101929127,2,HIGH,1.0
706,Drainage,Cancelled,23.267920188145748,77.4264784744817,1,MEDIUM,0.6666666666666666
707,Drainage,Pending,23.27122554781013,77.43150668324222,2,HIGH,1.0
708,Waste,Pending,23.267893168873652,77.43076231676977,1,MEDIUM,0.6666666666666666
709,Water Supply,Completed,23.26875246207861,77.43257950550817,1,MEDIUM,0.6666666666666666
710,Pothole,Pending,23.273828062707732,77.43134636270254,1,MEDIUM,0.6666666666666666
711,Pothole,Completed,23.269618635198473,77.42972308803203,1,MEDIUM,0.6666666666666666
712,Waste,Pending,23.27043486574636,77.42755140352743,1,MEDIUM,0.6666666666666666
713,Pothole,Completed,23.27174013546138,77.42958195348544,1,MEDIUM,0.6666666666666666
714,Waste,Pending,23.270991363775945,77.42829895909159,1,MEDIUM,0.6666666666666666
715,Waste,Completed,23.27030083781029,77.4288389531004,0,LOW,0.3333333333333333
716,Pothole,Completed,23.270729922004932,77.43117715680884,1,MEDIUM,0.6666666666666666
717,Drainage,Pending,23.274806831170476,77.43333980900871,1,MEDIUM,0.6666666666666666
718,Drainage,Pending,23.269884762405933,77.43078934305966,2,HIGH,1.0
719,Pothole,Pending,23.27040219809343,77.42760823387593,1,MEDIUM,0.6666666666666666
720,Drainage,Pending,23.272101308792013,77.43088920533644,2,HIGH,1.0
721,Drainage,Completed,23.272211051865916,77.43239326297329,0,LOW,0.3333333333333333
722,Drainage,Completed,23.27237406061112,77.42878043419137,1,MEDIUM,0.6666666666666666
723,Waste,Pending,23.271277460444058,77.42973196566666,1,MEDIUM,0.6666666666666666
724,Streetlight,Pending,23.26771399017454,77.43002937638947,1,MEDIUM,0.6666666666666666
725,Water Supply,Pending,23.2732668630646,77.42843020337384,2,HIGH,1.0
726,Streetlight,Completed,23.26770730921396,77.4312965608677,0,LOW,0.3333333333333333
727,Pothole,Pending,23.27060527093048,77.4297581037028,2,HIGH,1.0
728,Pothole,Cancelled,23.26849144829996,77.43083906488782,1,MEDIUM,0.6666666666666666
729,Streetlight,Completed,23.269871723306817,77.4282250156444,0,LOW,0.3333333333333333
730,Pothole,Pending,23.270657524820606,77.42912508339936,2,HIGH,1.0
731,Waste,Pending,23.2706427144309,77.43144476271566,1,MEDIUM,0.6666666666666666
732,Pothole,Cancelled,23.27084384150847,77.42925433369582,1,MEDIUM,0.6666666666666666
733,Drainage,Pending,23.273227422538117,77.43345392770247,1,MEDIUM,0.6666666666666666
734,Drainage,Pending,23.270907068603027,77.42920072762878,2,HIGH,1.0
735,Waste,Pending,23.26951168672942,77.43044936945151,1,MEDIUM,0.6666666666666666
736,Water Supply,Completed,23.271928174336576,77.43186518166375,1,MEDIUM,0.6666666666666666
737,Pothole,Completed,23.27237894097785,77.42716326853414,0,LOW,0.3333333333333333
738,Streetlight,Completed,23.26754478436973,77.42647838237605,0,LOW,0.3333333333333333
739,Drainage,Completed,23.2711948001397,77.42694868737087,0,LOW,0.3333333333333333
740,Drainage,Completed,23.27140234548462,77.43252516820687,1,MEDIUM,0.6666666666666666
741,Water Supply,Cancelled,23.26940487299328,77.42889628370823,1,MEDIUM,0.6666666666666666
742,Pothole,Pending,23.272751413626622,77.43511639857134,1,MEDIUM,0.6666666666666666
743,Drainage,Pending,23.269699888825933,77.42887150480269,2,HIGH,1.0
744,Waste,Completed,23.270251152906944,77.4303691026064,0,LOW,0.3333333333333333
745,Streetlight,Completed,23.269653856351432,77.43308421990514,0,LOW,0.3333333333333333
746,Streetlight,Completed,23.27003115809516,77.43401218577633,0,LOW,0.3333333333333333
747,Streetlight,Pending,23.267807449826208,77.43412300715327,1,MEDIUM,0.6666666666666666
748,Waste,Completed,23.26711989823481,77.43241673246119,0,LOW,0.3333333333333333
749,Drainage,Completed,23.27318901012645,77.43204812505164,0,LOW,0.3333333333333333
750,Waste,Pending,23.268306077303365,77.4311850538984,1,MEDIUM,0.6666666666666666
751,Waste,Pending,23.251556722152333,77.4038023813715,1,MEDIUM,0.6666666666666666
752,Streetlight,Pending,23.24889762856734,77.39987867837237,1,MEDIUM,0.6666666666666666
753,Pothole,Pending,23.248363602233155,77.39858318646618,2,HIGH,1.0
754,Drainage,Pending,23.24999325108518,77.39697257121477,1,MEDIUM,0.6666666666666666
755,Pothole,Completed,23.24965963075495,77.3963937206475,0,LOW,0.3333333333333333
756,Waste,Pending,23.249093543901346,77.396831728114,1,MEDIUM,0.6666666666666666
757,Drainage,Completed,23.251392774894914,77.40053425330203,1,MEDIUM,0.6666666666666666
758,Pothole,Completed,23.25191061041714,77.40101745004647,0,LOW,0.3333333333333333
759,Waste,Completed,23.250176813772583,77.39683761859594,0,LOW,0.3333333333333333
760,Streetlight,Pending,23.252955060162112,77.40179007662816,1,MEDIUM,0.6666666666666666
761,Pothole,Pending,23.247716621771733,77.39903387789664,1,MEDIUM,0.6666666666666666
762,Streetlight,Completed,23.24961268108144,77.40029358602398,0,LOW,0.3333333333333333
763,Pothole,Pending,23.248566355358793,77.40322444125651,1,MEDIUM,0.6666666666666666
764,Drainage,Cancelled,23.246266926765855,77.40179367863173,0,LOW,0.3333333333333333
765,Drainage,Completed,23.249834638628315,77.39946293870419,1,MEDIUM,0.6666666666666666
766,Streetlight,Completed,23.24975650498323,77.39821761554917,0,LOW,0.3333333333333333
767,Waste,Cancelled,23.253026899486485,77.39569636919735,0,LOW,0.3333333333333333
768,Drainage,Pending,23.25126162336911,77.39856169336151,2,HIGH,1.0
769,Streetlight,Pending,23.24795162635134,77.39957773952236,1,MEDIUM,0.6666666666666666
770,Streetlight,Completed,23.25370818513267,77.3980256409457,0,LOW,0.3333333333333333
771,Pothole,Pending,23.25244206739105,77.39973748606582,1,MEDIUM,0.6666666666666666
772,Drainage,Cancelled,23.251164195406936,77.40015370376592,1,MEDIUM,0.6666666666666666
773,Streetlight,Pending,23.2495470318023,77.3995502880364,1,MEDIUM,0.6666666666666666
774,Waste,Pending,23.248081121526553,77.39869999483835,1,MEDIUM,0.6666666666666666
775,Pothole,Completed,23.24925558644786,77.40033730934394,1,MEDIUM,0.6666666666666666
776,Drainage,Completed,23.25217749723941,77.40088388129915,1,MEDIUM,0.6666666666666666
777,Waste,Pending,23.253769172611868,77.39781920184512,1,MEDIUM,0.6666666666666666
778,Water Supply,Pending,23.253086487056542,77.4028218647595,2,HIGH,1.0
779,Streetlight,Completed,23.249022301156423,77.39980282373544,0,LOW,0.3333333333333333
780,Streetlight,Pending,23.24776076513342,77.4000376992459,1,MEDIUM,0.6666666666666666
781,Waste,Completed,23.25028177249382,77.40141642884652,0,LOW,0.3333333333333333
782,Waste,Pending,23.24646312126887,77.40046643226253,1,MEDIUM,0.6666666666666666
783,Water Supply,Completed,23.25064633542837,77.40190627326783,1,MEDIUM,0.6666666666666666
784,Waste,Completed,23.2497047948274,77.40057424833041,0,LOW,0.3333333333333333
785,Drainage,Pending,23.249067926996265,77.39877512525072,2,HIGH,1.0
786,Pothole,Completed,23.246810593865465,77.40072300705042,0,LOW,0.3333333333333333
787,Waste,Completed,23.25102720021314,77.39771254758537,0,LOW,0.3333333333333333
788,Waste,Pending,23.248934598320677,77.40021711941156,1,MEDIUM,0.6666666666666666
789,Pothole,Cancelled,23.24766016632858,77.39993354001872,1,MEDIUM,0.6666666666666666
790,Water Supply,Completed,23.244255475573436,77.39958376628546,1,MEDIUM,0.6666666666666666
791,Pothole,Pending,23.249944970189897,77.39974292497713,2,HIGH,1.0
792,Pothole,Pending,23.25354450319334,77.39623630190901,1,MEDIUM,0.6666666666666666
793,Pothole,Cancelled,23.253322518429098,77.39890255018453,0,LOW,0.3333333333333333
794,Pothole,Pending,23.24908580748683,77.40018568980229,2,HIGH,1.0
795,Pothole,Completed,23.24879557587928,77.400319712784,1,MEDIUM,0.6666666666666666
796,Drainage,Completed,23.25093754851215,77.39794464971816,1,MEDIUM,0.6666666666666666
797,Pothole,Pending,23.248003229121625,77.40253141568174,1,MEDIUM,0.6666666666666666
798,Pothole,Pending,23.25060358379964,77.39826765030358,2,HIGH,1.0
799,Waste,Completed,23.25153216055677,77.40193891440106,0,LOW,0.3333333333333333
800,Water Supply,Pending,23.25245386644777,77.40085438872374,2,HIGH,1.0
801,Waste,Completed,23.24979969184704,77.39870754538032,0,LOW,0.3333333333333333
802,Waste,Pending,23.249592652499647,77.40355062178523,1,MEDIUM,0.6666666666666666
803,Streetlight,Completed,23.248244034826488,77.39761272633649,0,LOW,0.3333333333333333
804,Streetlight,Completed,23.24834623929192,77.40183830834722,0,LOW,0.3333333333333333
805,Pothole,Pending,23.249547042216197,77.40200116463609,1,MEDIUM,0.6666666666666666
806,Pothole,Completed,23.250734731013633,77.39865875958185,1,MEDIUM,0.6666666666666666
807,Drainage,Pending,23.251827169252465,77.40278493060013,1,MEDIUM,0.6666666666666666
808,Waste,Pending,23.24839364209864,77.3994999069708,1,MEDIUM,0.6666666666666666
809,Drainage,Pending,23.25298537713792,77.40057738725856,2,HIGH,1.0
810,Streetlight,Completed,23.249457752797916,77.40052064367755,0,LOW,0.3333333333333333
811,Pothole,Pending,23.249957265411304,77.39973138251706,2,HIGH,1.0
812,Pothole,Completed,23.248505576641705,77.40162161654632,0,LOW,0.3333333333333333
813,Waste,Completed,23.245151519479453,77.40158697744111,0,LOW,0.3333333333333333
814,Drainage,Pending,23.251768090792723,77.39650293605352,1,MEDIUM,0.6666666666666666
815,Pothole,Pending,23.251473687794185,77.40260868048576,1,MEDIUM,0.6666666666666666
816,Pothole,Cancelled,23.249437344885763,77.39667501602393,0,LOW,0.3333333333333333
817,Streetlight,Completed,23.25013398143445,77.40206509240869,0,LOW,0.3333333333333333
818,Water Supply,Completed,23.25103187843541,77.40225341027366,1,MEDIUM,0.6666666666666666
819,Pothole,Completed,23.246874908286227,77.39781806713958,0,LOW,0.3333333333333333
820,Water Supply,Pending,23.248941894645306,77.3991783714241,2,HIGH,1.0
821,Pothole,Completed,23.251588529359243,77.39778859066304,0,LOW,0.3333333333333333
822,Waste,Pending,23.24749142115366,77.39957015793942,1,MEDIUM,0.6666666666666666
823,Waste,Pending,23.250587115864334,77.39938393143163,1,MEDIUM,0.6666666666666666
824,Pothole,Pending,23.247286836390753,77.40155932106454,1,MEDIUM,0.6666666666666666
825,Waste,Pending,23.250932859964863,77.40262061749225,1,MEDIUM,0.6666666666666666
826,Waste,Pending,23.24992871703541,77.40279136762159,1,MEDIUM,0.6666666666666666
827,Water Supply,Cancelled,23.24676973636819,77.39887566394685,1,MEDIUM,0.6666666666666666
828,Drainage,Pending,23.252329478708916,77.39958155625251,2,HIGH,1.0
829,Streetlight,Completed,23.248530816846404,77.39663312361556,0,LOW,0.3333333333333333
830,Waste,Pending,23.24837949512597,77.39838825986702,1,MEDIUM,0.6666666666666666
831,Waste,Pending,23.250401138394466,77.4019297032662,1,MEDIUM,0.6666666666666666
832,Waste,Completed,23.252297274698854,77.4032311656471,0,LOW,0.3333333333333333
833,Streetlight,Completed,23.247968356362044,77.39753130225624,0,LOW,0.3333333333333333
834,Water Supply,Completed,23.250123359699696,77.3988150714817,1,MEDIUM,0.6666666666666666
835,Pothole,Pending,23.25085763300066,77.39994718848608,2,HIGH,1.0
836,Waste,Completed,23.251386211214527,77.40056032231765,0,LOW,0.3333333333333333
837,Pothole,Pending,23.250352883110555,77.39838079296017,2,HIGH,1.0
838,Pothole,Pending,23.24926594432183,77.40084812208893,2,HIGH,1.0
839,Pothole,Completed,23.248344819558703,77.39905232130586,1,MEDIUM,0.6666666666666666
840,Streetlight,Pending,23.25017228776609,77.39997109545826,1,MEDIUM,0.6666666666666666
841,Streetlight,Pending,23.24785572197603,77.40109256849601,1,MEDIUM,0.6666666666666666
842,Waste,Completed,23.24415729903301,77.40001284453963,0,LOW,0.3333333333333333
843,Waste,Completed,23.250873119608315,77.39912722821896,0,LOW,0.3333333333333333
844,Water Supply,Completed,23.25180786968217,77.39978078039215,1,MEDIUM,0.6666666666666666
845,Waste,Pending,23.245274135128916,77.3998232740816,1,MEDIUM,0.6666666666666666
846,Waste,Pending,23.24798053859058,77.39925997794025,1,MEDIUM,0.6666666666666666
847,Waste,Pending,23.25123830852201,77.39948240787467,1,MEDIUM,0.6666666666666666
848,Waste,Cancelled,23.254114990939424,77.40319729434101,0,LOW,0.3333333333333333
849,Pothole,Completed,23.25004158741535,77.40112183889589,1,MEDIUM,0.6666666666666666
850,Drainage,Completed,23.24854399411754,77.39940903936395,1,MEDIUM,0.6666666666666666
851,Pothole,Pending,23.24963420711779,77.40139390880903,2,HIGH,1.0
852,Pothole,Completed,23.252749752838294,77.3993323610205,0,LOW,0.3333333333333333
853,Streetlight,Pending,23.24870807164175,77.40234624927518,1,MEDIUM,0.6666666666666666
854,Pothole,Completed,23.2484016159867,77.4007392843844,1,MEDIUM,0.6666666666666666
855,Drainage,Cancelled,23.249034512955635,77.399785395712,1,MEDIUM,0.6666666666666666
856,Drainage,Cancelled,23.248093342783484,77.40089543385163,1,MEDIUM,0.6666666666666666
857,Waste,Pending,23.250245340631988,77.39685824769587,1,MEDIUM,0.6666666666666666
858,Drainage,Pending,23.25324935691694,77.39774646506218,1,MEDIUM,0.6666666666666666
859,Pothole,Cancelled,23.250646158546232,77.39761214998721,1,MEDIUM,0.6666666666666666
860,Water Supply,Completed,23.249495292995743,77.40028588618954,1,MEDIUM,0.6666666666666666
861,Pothole,Pending,23.24941637746217,77.40346502999897,1,MEDIUM,0.6666666666666666
862,Water Supply,Completed,23.246873618382608,77.40446260029239,1,MEDIUM,0.6666666666666666
863,Drainage,Pending,23.251766219554295,77.40127610220289,2,HIGH,1.0
864,Waste,Pending,23.249844325605977,77.40100168894989,1,MEDIUM,0.6666666666666666
865,Pothole,Completed,23.24963904017282,77.3963978845317,0,LOW,0.3333333333333333
866,Water Supply,Completed,23.25638621513569,77.39891465240053,1,MEDIUM,0.6666666666666666
867,Drainage,Pending,23.25059750581673,77.39842443249618,2,HIGH,1.0
868,Waste,Pending,23.24849641789981,77.39875830480351,1,MEDIUM,0.6666666666666666
869,Streetlight,Completed,23.249147284807588,77.39966371236284,0,LOW,0.3333333333333333
870,Pothole,Completed,23.252296891418393,77.39905581884462,0,LOW,0.3333333333333333
871,Waste,Completed,23.250226540821075,77.39604140037926,0,LOW,0.3333333333333333
872,Pothole,Pending,23.247123444043364,77.40149582051224,1,MEDIUM,0.6666666666666666
873,Waste,Cancelled,23.25183845786915,77.39785451394853,0,LOW,0.3333333333333333
874,Drainage,Cancelled,23.24866371182892,77.40047849372823,1,MEDIUM,0.6666666666666666
875,Pothole,Pending,23.253746595552435,77.4041481653395,1,MEDIUM,0.6666666666666666
876,Drainage,Pending,23.25216009613143,77.39816123081684,2,HIGH,1.0
877,Waste,Completed,23.249105356208684,77.39493942495452,0,LOW,0.3333333333333333
878,Pothole,Completed,23.25256203272347,77.39942799155625,0,LOW,0.3333333333333333
879,Waste,Cancelled,23.250135711021056,77.40220191927,0,LOW,0.3333333333333333
880,Waste,Completed,23.251705547350245,77.40391669490845,0,LOW,0.3333333333333333
881,Waste,Completed,23.25096946563459,77.3975409008111,0,LOW,0.3333333333333333
882,Waste,Pending,23.248307286690014,77.40099339844647,1,MEDIUM,0.6666666666666666
883,Streetlight,Pending,23.248712900335367,77.39906937908644,1,MEDIUM,0.6666666666666666
884,Waste,Pending,23.25205992163516,77.3997881032914,1,MEDIUM,0.6666666666666666
885,Pothole,Completed,23.249330449335787,77.40528868669404,0,LOW,0.3333333333333333
886,Pothole,Completed,23.249192703073515,77.39699405934321,0,LOW,0.3333333333333333
887,Drainage,Pending,23.248089754841303,77.400507479323,1,MEDIUM,0.6666666666666666
888,Water Supply,Completed,23.250847198131183,77.40093538634353,1,MEDIUM,0.6666666666666666
889,Pothole,Pending,23.254125049838485,77.40217157264989,1,MEDIUM,0.6666666666666666
890,Pothole,Completed,23.247864934171492,77.40019596630695,1,MEDIUM,0.6666666666666666
891,Waste,Pending,23.250048438913343,77.40061610107901,1,MEDIUM,0.6666666666666666
892,Water Supply,Completed,23.252824441110832,77.39921670286516,1,MEDIUM,0.6666666666666666
893,Waste,Completed,23.24984071721751,77.4005382538825,0,LOW,0.3333333333333333
894,Waste,Completed,23.2509047435925,77.39931361544902,0,LOW,0.3333333333333333
895,Waste,Cancelled,23.247875212943708,77.40124314377972,0,LOW,0.3333333333333333
896,Pothole,Pending,23.250856614194415,77.39926077932792,2,HIGH,1.0
897,Waste,Pending,23.249625711469992,77.40075420078782,1,MEDIUM,0.6666666666666666
898,Drainage,Pending,23.25197145999136,77.39994147437264,2,HIGH,1.0
899,Waste,Pending,23.252374772103128,77.40225210050156,1,MEDIUM,0.6666666666666666
900,Streetlight,Completed,23.25517912728404,77.39989721255283,0,LOW,0.3333333333333333
901,Waste,Completed,23.251159266346427,77.39645393506359,0,LOW,0.3333333333333333
902,Waste,Completed,23.250651592633165,77.40252384300143,0,LOW,0.3333333333333333
903,Water Supply,Pending,23.250388768603155,77.39818853539828,2,HIGH,1.0
904,Waste,Completed,23.249293667414378,77.3986924673227,0,LOW,0.3333333333333333
905,Drainage,Pending,23.250676967686925,77.39880867741192,2,HIGH,1.0
906,Pothole,Completed,23.249409197179723,77.40274887618635,0,LOW,0.3333333333333333
907,Waste,Pending,23.250336921952535,77.39572865157204,1,MEDIUM,0.6666666666666666
908,Water Supply,Pending,23.252635195071218,77.40627549706733,2,HIGH,1.0
909,Waste,Pending,23.24798691486944,77.40211211361813,1,MEDIUM,0.6666666666666666
910,Drainage,Cancelled,23.25227975712226,77.40044647782827,1,MEDIUM,0.6666666666666666
911,Waste,Pending,23.25263423013468,77.39989021199877,1,MEDIUM,0.6666666666666666
912,Drainage,Pending,23.24976386294602,77.40057110814972,2,HIGH,1.0
913,Waste,Completed,23.24575629020198,77.40104224485677,0,LOW,0.3333333333333333
914,Pothole,Pending,23.248784356025812,77.4012904311719,2,HIGH,1.0
915,Drainage,Pending,23.25259398909312,77.40111120893201,2,HIGH,1.0
916,Water Supply,Completed,23.2499542638754,77.40017916136252,1,MEDIUM,0.6666666666666666
917,Water Supply,Pending,23.24800139553541,77.39960532315939,2,HIGH,1.0
918,Drainage,Cancelled,23.248990450157542,77.3996974534327,1,MEDIUM,0.6666666666666666
919,Drainage,Completed,23.25168124005301,77.39961018343931,1,MEDIUM,0.6666666666666666
920,Waste,Pending,23.251093467136403,77.40226754019373,1,MEDIUM,0.6666666666666666
921,Waste,Cancelled,23.249522135801666,77.40118711344456,0,LOW,0.3333333333333333
922,Waste,Pending,23.24926635117637,77.39411922273068,1,MEDIUM,0.6666666666666666
923,Pothole,Pending,23.24921648370191,77.40131180155306,2,HIGH,1.0
924,Pothole,Pending,23.248155179631,77.40038947238945,2,HIGH,1.0
925,Pothole,Completed,23.25323075137894,77.39996258248712,0,LOW,0.3333333333333333
926,Waste,Pending,23.24935535906158,77.39922296309383,1,MEDIUM,0.6666666666666666
927,Streetlight,Cancelled,23.25243431704165,77.40224822543998,0,LOW,0.3333333333333333
928,Waste,Completed,23.253042632103845,77.40189505292425,0,LOW,0.3333333333333333
929,Pothole,Pending,23.251996621796295,77.39845424466436,1,MEDIUM,0.6666666666666666
930,Pothole,Completed,23.249136759374565,77.40081410457425,1,MEDIUM,0.6666666666666666
931,Drainage,Completed,23.25080746018067,77.39805668653092,1,MEDIUM,0.6666666666666666
932,Streetlight,Cancelled,23.249951608787217,77.39724076367042,0,LOW,0.3333333333333333
933,Streetlight,Completed,23.24819259627854,77.39874656555082,0,LOW,0.3333333333333333
934,Waste,Pending,23.250648718563443,77.40172478694477,1,MEDIUM,0.6666666666666666
935,Pothole,Completed,23.24764192041768,77.40190625009076,0,LOW,0.3333333333333333
936,Waste,Pending,23.252375358776924,77.4010261708402,1,MEDIUM,0.6666666666666666
937,Pothole,Completed,23.249070765405403,77.4014501915737,1,MEDIUM,0.6666666666666666
938,Pothole,Pending,23.250402319311743,77.40103235657423,2,HIGH,1.0
939,Waste,Pending,23.250566575743093,77.39871703680956,1,MEDIUM,0.6666666666666666
940,Waste,Pending,23.249482190052593,77.40086384508935,1,MEDIUM,0.6666666666666666
941,Water Supply,Pending,23.25117338760295,77.40160081905046,2,HIGH,1.0
942,Water Supply,Pending,23.249050192686756,77.40150858265963,2,HIGH,1.0
943,Pothole,Completed,23.251742594594916,77.40237782674295,0,LOW,0.3333333333333333
944,Waste,Pending,23.247308040639503,77.4014166076944,1,MEDIUM,0.6666666666666666
945,Waste,Pending,23.250252759159093,77.40070289641508,1,MEDIUM,0.6666666666666666
946,Pothole,Completed,23.253877857998116,77.40214030047665,0,LOW,0.3333333333333333
947,Water Supply,Cancelled,23.247999337350787,77.3999469574815,1,MEDIUM,0.6666666666666666
948,Waste,Pending,23.248644510058952,77.39823625069755,1,MEDIUM,0.6666666666666666
949,Drainage,Pending,23.251027815699317,77.39967386607212,2,HIGH,1.0
950,Waste,Pending,23.25035916356388,77.3985101947104,1,MEDIUM,0.6666666666666666
951,Water Supply,Completed,23.250701260198547,77.39864964345006,1,MEDIUM,0.6666666666666666
952,Pothole,Cancelled,23.250978374260296,77.39971096265857,1,MEDIUM,0.6666666666666666
953,Drainage,Pending,23.25126944293712,77.39841516015801,2,HIGH,1.0
954,Pothole,Pending,23.252219399683913,77.39938407694073,1,MEDIUM,0.6666666666666666
955,Streetlight,Cancelled,23.250819637313857,77.3962127706661,0,LOW,0.3333333333333333
956,Waste,Pending,23.249517484690763,77.40042658741476,1,MEDIUM,0.6666666666666666
957,Waste,Completed,23.251345147402404,77.40000241095073,0,LOW,0.3333333333333333
958,Water Supply,Completed,23.25379976386979,77.39836582273787,1,MEDIUM,0.6666666666666666
959,Water Supply,Pending,23.249734732507235,77.40131849133687,2,HIGH,1.0
960,Drainage,Pending,23.24805094139066,77.40187514027527,1,MEDIUM,0.6666666666666666
961,Streetlight,Pending,23.252214161338575,77.39678488027127,1,MEDIUM,0.6666666666666666
962,Drainage,Completed,23.249759237672095,77.39847455044287,1,MEDIUM,0.6666666666666666
963,Waste,Cancelled,23.24565466090797,77.39846171530043,0,LOW,0.3333333333333333
964,Pothole,Pending,23.2516948433543,77.3981201937978,1,MEDIUM,0.6666666666666666
965,Pothole,Completed,23.24892934362809,77.40165894968386,1,MEDIUM,0.6666666666666666
966,Streetlight,Pending,23.249818933435392,77.39961234772247,1,MEDIUM,0.6666666666666666
967,Pothole,Completed,23.25066396066114,77.39947097031738,1,MEDIUM,0.6666666666666666
968,Waste,Pending,23.250380999359557,77.3959922752712,1,MEDIUM,0.6666666666666666
969,Streetlight,Cancelled,23.25141890363428,77.40127083606042,0,LOW,0.3333333333333333
970,Drainage,Completed,23.24912902725886,77.3975214832103,0,LOW,0.3333333333333333
971,Pothole,Completed,23.25102621159635,77.40011986526054,1,MEDIUM,0.6666666666666666
972,Waste,Completed,23.24948090664483,77.40055475387592,0,LOW,0.3333333333333333
973,Waste,Completed,23.251477620961776,77.40272131719168,0,LOW,0.3333333333333333
974,Waste,Cancelled,23.251230734968026,77.39738235920177,0,LOW,0.3333333333333333
975,Waste,Completed,23.248129122595913,77.39396097568836,0,LOW,0.3333333333333333
976,Streetlight,Cancelled,23.25217196423235,77.40036769908951,0,LOW,0.3333333333333333
977,Streetlight,Completed,23.248928073109777,77.40360102236303,0,LOW,0.3333333333333333
978,Streetlight,Pending,23.25161611559656,77.40247789270589,1,MEDIUM,0.6666666666666666
979,Pothole,Completed,23.250734574626804,77.40041931883056,1,MEDIUM,0.6666666666666666
980,Drainage,Pending,23.25367636735359,77.39901672762875,1,MEDIUM,0.6666666666666666
981,Waste,Pending,23.249553068035254,77.40161424519329,1,MEDIUM,0.6666666666666666
982,Pothole,Completed,23.249301366407764,77.3980529076006,0,LOW,0.3333333333333333
983,Drainage,Completed,23.249961160788224,77.40095271553872,1,MEDIUM,0.6666666666666666
984,Waste,Pending,23.24939364043433,77.40101094031834,1,MEDIUM,0.6666666666666666
985,Waste,Pending,23.251599883803884,77.402120419815,1,MEDIUM,0.6666666666666666
986,Drainage,Pending,23.24676737878313,77.40551932007783,1,MEDIUM,0.6666666666666666
987,Pothole,Cancelled,23.24789263516171,77.40078483193436,1,MEDIUM,0.6666666666666666
988,Streetlight,Pending,23.24786439415684,77.3989820727486,1,MEDIUM,0.6666666666666666
989,Waste,Pending,23.251900615183946,77.39994885137563,1,MEDIUM,0.6666666666666666
990,Streetlight,Completed,23.253421226745164,77.39646184819023,0,LOW,0.3333333333333333
991,Pothole,Completed,23.249791101562924,77.39861057373783,1,MEDIUM,0.6666666666666666
992,Waste,Pending,23.24966235655362,77.39918143512378,1,MEDIUM,0.6666666666666666
993,Streetlight,Completed,23.250140104326228,77.39895182320414,0,LOW,0.3333333333333333
994,Waste,Pending,23.252323756605215,77.40030470974408,1,MEDIUM,0.6666666666666666
995,Pothole,Cancelled,23.248145293731618,77.39835516013524,1,MEDIUM,0.6666666666666666
996,Waste,Pending,23.25047673796547,77.40224206133466,1,MEDIUM,0.6666666666666666
997,Waste,Pending,23.251950395259566,77.40000041412985,1,MEDIUM,0.6666666666666666
998,Waste,Pending,23.25100218833988,77.39998139935773,1,MEDIUM,0.6666666666666666
999,Waste,Pending,23.2503791632332,77.39934421056698,1,MEDIUM,0.6666666666666666
1000,Water Supply,Completed,23.252002092185133,77.40031038136772,1,MEDIUM,0.6666666666666666
1001,Waste,Pending,23.244593535414,77.40165019652935,1,MEDIUM,0.6666666666666666
1002,Pothole,Pending,23.25135575063906,77.39826573956859,1,MEDIUM,0.6666666666666666
1003,Waste,Pending,23.248691848633744,77.39868376702185,1,MEDIUM,0.6666666666666666
1004,Pothole,Pending,23.246338734206287,77.39939254794245,1,MEDIUM,0.6666666666666666
1005,Water Supply,Pending,23.25102240519905,77.39730825815306,2,HIGH,1.0
1006,Waste,Completed,23.252747317090325,77.39836148428056,0,LOW,0.3333333333333333
1007,Water Supply,Completed,23.249725102970743,77.39904755825292,1,MEDIUM,0.6666666666666666
1008,Waste,Cancelled,23.251905749094405,77.40174877836144,0,LOW,0.3333333333333333
1009,Streetlight,Completed,23.253224556515978,77.40052512265801,0,LOW,0.3333333333333333
1010,Pothole,Completed,23.252629828907168,77.40038717982274,0,LOW,0.3333333333333333
1011,Drainage,Pending,23.253279929058746,77.40170179592434,1,MEDIUM,0.6666666666666666
1012,Streetlight,Completed,23.251484254982145,77.39972525642321,0,LOW,0.3333333333333333
1013,Pothole,Completed,23.250150867277803,77.40078092969986,1,MEDIUM,0.6666666666666666
1014,Waste,Completed,23.24679606837621,77.39979355649415,0,LOW,0.3333333333333333
1015,Waste,Pending,23.249507875023745,77.40053072469881,1,MEDIUM,0.6666666666666666
1016,Water Supply,Pending,23.248313506809367,77.39883448268478,2,HIGH,1.0
1017,Pothole,Completed,23.254341885434997,77.39512236568345,0,LOW,0.3333333333333333
1018,Pothole,Completed,23.249648228375136,77.39973144167563,1,MEDIUM,0.6666666666666666
1019,Drainage,Cancelled,23.25024640961357,77.4028454962722,1,MEDIUM,0.6666666666666666
1020,Pothole,Pending,23.251102970752083,77.4018524308045,1,MEDIUM,0.6666666666666666
1021,Water Supply,Pending,23.250087204892743,77.40193079496919,2,HIGH,1.0
1022,Streetlight,Pending,23.25339010208086,77.40247226144362,1,MEDIUM,0.6666666666666666
1023,Streetlight,Completed,23.248754701276532,77.40017731518194,0,LOW,0.3333333333333333
1024,Drainage,Pending,23.250389214910474,77.40039463141481,2,HIGH,1.0
1025,Waste,Pending,23.248515058828605,77.39876469620914,1,MEDIUM,0.6666666666666666
1026,Waste,Cancelled,23.24735995497756,77.39936785428795,0,LOW,0.3333333333333333
1027,Pothole,Pending,23.24877646181819,77.40123154229954,2,HIGH,1.0
1028,Waste,Completed,23.249925926405904,77.40240776887434,0,LOW,0.3333333333333333
1029,Streetlight,Pending,23.249141395550964,77.39972110744864,1,MEDIUM,0.6666666666666666
1030,Water Supply,Completed,23.248615158040252,77.3990996214703,1,MEDIUM,0.6666666666666666
1031,Pothole,Completed,23.247187365072655,77.40000105591771,0,LOW,0.3333333333333333
1032,Pothole,Cancelled,23.249833788854744,77.40120241349787,1,MEDIUM,0.6666666666666666
1033,Water Supply,Cancelled,23.246990559251937,77.39711229036774,1,MEDIUM,0.6666666666666666
1034,Pothole,Pending,23.25152011192738,77.39540763809373,1,MEDIUM,0.6666666666666666
1035,Pothole,Pending,23.25016487950587,77.39889892630102,2,HIGH,1.0
1036,Pothole,Pending,23.24708489700107,77.39755857514818,1,MEDIUM,0.6666666666666666
1037,Water Supply,Completed,23.2493815818459,77.39898371960471,1,MEDIUM,0.6666666666666666
1038,Streetlight,Completed,23.248495687188814,77.39970443936237,0,LOW,0.3333333333333333
1039,Drainage,Pending,23.25063834902084,77.39909350318196,2,HIGH,1.0
1040,Drainage,Completed,23.252680900892045,77.40290493506895,0,LOW,0.3333333333333333
1041,Pothole,Pending,23.24624965506071,77.4006534895292,1,MEDIUM,0.6666666666666666
1042,Pothole,Completed,23.250230052158297,77.40060094871923,1,MEDIUM,0.6666666666666666
1043,Drainage,Cancelled,23.24967973440887,77.40124441428809,1,MEDIUM,0.6666666666666666
1044,Pothole,Pending,23.251342680152906,77.39772233376445,1,MEDIUM,0.6666666666666666
1045,Drainage,Pending,23.250426393256475,77.40207822357485,2,HIGH,1.0
1046,Water Supply,Pending,23.24849606133652,77.39984847142694,2,HIGH,1.0
1047,Streetlight,Completed,23.249361892128668,77.40134096123448,0,LOW,0.3333333333333333
1048,Streetlight,Completed,23.248407948286392,77.39785628553392,0,LOW,0.3333333333333333
1049,Drainage,Pending,23.252152014277197,77.39689248246798,1,MEDIUM,0.6666666666666666
1050,Drainage,Pending,23.250042623297343,77.40163577931605,2,HIGH,1.0
1051,Pothole,Pending,23.240752819052194,77.42211987276809,1,MEDIUM,0.6666666666666666
1052,Waste,Pending,23.238195896891284,77.42123401189916,1,MEDIUM,0.6666666666666666
1053,Pothole,Completed,23.23826067383745,77.4213671386464,0,LOW,0.3333333333333333
1054,Streetlight,Pending,23.242250869568828,77.4172680885776,1,MEDIUM,0.6666666666666666
1055,Pothole,Completed,23.237621176214265,77.42242388797078,0,LOW,0.3333333333333333
1056,Streetlight,Completed,23.24328534590651,77.42052250106246,0,LOW,0.3333333333333333
1057,Pothole,Pending,23.238198758530704,77.4192614457215,1,MEDIUM,0.6666666666666666
1058,Streetlight,Pending,23.241276783851216,77.42028677693469,1,MEDIUM,0.6666666666666666
1059,Waste,Completed,23.2393427630485,77.41644752953421,0,LOW,0.3333333333333333
1060,Streetlight,Cancelled,23.241206374862163,77.42081730562296,0,LOW,0.3333333333333333
1061,Pothole,Pending,23.23891177199577,77.41794125698364,1,MEDIUM,0.6666666666666666
1062,Waste,Pending,23.239674414187853,77.41729465942831,1,MEDIUM,0.6666666666666666
1063,Waste,Pending,23.24008183835079,77.41695528162757,1,MEDIUM,0.6666666666666666
1064,Streetlight,Completed,23.23799562508843,77.42222537674998,0,LOW,0.3333333333333333
1065,Pothole,Pending,23.24148164869084,77.41874147321262,1,MEDIUM,0.6666666666666666
1066,Waste,Pending,23.238973572867057,77.42306745541984,1,MEDIUM,0.6666666666666666
1067,Water Supply,Completed,23.23954280016932,77.4189283970739,1,MEDIUM,0.6666666666666666
1068,Streetlight,Completed,23.238011301250783,77.41658528408482,0,LOW,0.3333333333333333
1069,Water Supply,Pending,23.234875332682407,77.4177669511201,2,HIGH,1.0
1070,Pothole,Completed,23.2396179444748,77.42247162324001,0,LOW,0.3333333333333333
1071,Pothole,Completed,23.244825230843222,77.41968820364413,0,LOW,0.3333333333333333
1072,Drainage,Pending,23.241569208575793,77.41890342540702,1,MEDIUM,0.6666666666666666
1073,Pothole,Pending,23.23996147924053,77.42032003645171,2,HIGH,1.0
1074,Streetlight,Completed,23.23947421834158,77.42100356547233,0,LOW,0.3333333333333333
1075,Waste,Pending,23.240044931785626,77.4222347976318,1,MEDIUM,0.6666666666666666
1076,Pothole,Completed,23.24109423823035,77.42289699845979,0,LOW,0.3333333333333333
1077,Waste,Cancelled,23.237638374369386,77.41928046270843,0,LOW,0.3333333333333333
1078,Waste,Pending,23.242228643389335,77.41734790462783,1,MEDIUM,0.6666666666666666
1079,Waste,Pending,23.24143076263088,77.41917306967775,1,MEDIUM,0.6666666666666666
1080,Waste,Pending,23.241436371451417,77.42052056101316,1,MEDIUM,0.6666666666666666
1081,Water Supply,Completed,23.240876951477617,77.41807248214758,1,MEDIUM,0.6666666666666666
1082,Waste,Cancelled,23.240039233315382,77.41808569817022,0,LOW,0.3333333333333333
1083,Streetlight,Completed,23.241345722471937,77.4206875757631,0,LOW,0.3333333333333333
1084,Drainage,Pending,23.24118362826748,77.41990269529686,1,MEDIUM,0.6666666666666666
1085,Streetlight,Completed,23.23929191857812,77.42006559399083,0,LOW,0.3333333333333333
1086,Waste,Pending,23.238852796454204,77.4184830093306,1,MEDIUM,0.6666666666666666
1087,Streetlight,Completed,23.24020371259052,77.41953919857158,0,LOW,0.3333333333333333
1088,Streetlight,Pending,23.24309804030299,77.41815153371147,1,MEDIUM,0.6666666666666666
1089,Streetlight,Pending,23.237521785848692,77.42178039682226,1,MEDIUM,0.6666666666666666
1090,Drainage,Completed,23.237064949468493,77.42207049866946,0,LOW,0.3333333333333333
1091,Water Supply,Completed,23.240329521682472,77.41630762427553,1,MEDIUM,0.6666666666666666
1092,Streetlight,Pending,23.240101775403712,77.41814097827962,1,MEDIUM,0.6666666666666666
1093,Pothole,Pending,23.240346683328735,77.41700694148982,1,MEDIUM,0.6666666666666666
1094,Streetlight,Completed,23.240487906395817,77.41869995213119,0,LOW,0.3333333333333333
1095,Waste,Completed,23.23955359549073,77.41983312406042,0,LOW,0.3333333333333333
1096,Drainage,Pending,23.2429797268772,77.4171007095606,1,MEDIUM,0.6666666666666666
1097,Waste,Pending,23.236798192043047,77.41815628037375,1,MEDIUM,0.6666666666666666
1098,Pothole,Pending,23.238343005950437,77.41799208525583,1,MEDIUM,0.6666666666666666
1099,Drainage,Cancelled,23.239793490479705,77.4204145346588,1,MEDIUM,0.6666666666666666
1100,Streetlight,Completed,23.23671362237769,77.42013868867407,0,LOW,0.3333333333333333
1101,Pothole,Completed,23.239648291191138,77.41855652489333,0,LOW,0.3333333333333333
1102,Pothole,Completed,23.243322940331453,77.42035364174428,0,LOW,0.3333333333333333
1103,Drainage,Pending,23.24004177297659,77.41890663983082,1,MEDIUM,0.6666666666666666
1104,Pothole,Completed,23.240461401811437,77.41945668977935,1,MEDIUM,0.6666666666666666
1105,Drainage,Pending,23.237479670469657,77.4233469041806,1,MEDIUM,0.6666666666666666
1106,Waste,Pending,23.23876727718392,77.42268092210358,1,MEDIUM,0.6666666666666666
1107,Drainage,Pending,23.23924960723935,77.41740083752615,1,MEDIUM,0.6666666666666666
1108,Drainage,Pending,23.239364569806487,77.42165946483576,1,MEDIUM,0.6666666666666666
1109,Waste,Cancelled,23.24256328759001,77.42162279310898,0,LOW,0.3333333333333333
1110,Pothole,Pending,23.24111538212145,77.41770347342249,1,MEDIUM,0.6666666666666666
1111,Waste,Completed,23.23777708408613,77.42163755528752,0,LOW,0.3333333333333333
1112,Streetlight,Completed,23.24049300955686,77.42307586383683,0,LOW,0.3333333333333333
1113,Pothole,Pending,23.240996443496993,77.41775491038752,1,MEDIUM,0.6666666666666666
1114,Streetlight,Pending,23.24228029807704,77.41816499435798,1,MEDIUM,0.6666666666666666
1115,Waste,Pending,23.243161081373135,77.4220353229337,1,MEDIUM,0.6666666666666666
1116,Waste,Completed,23.237969811616345,77.42054299062166,0,LOW,0.3333333333333333
1117,Waste,Pending,23.23837828497758,77.42110295255048,1,MEDIUM,0.6666666666666666
1118,Pothole,Pending,23.237484844282168,77.4206811784328,1,MEDIUM,0.6666666666666666
1119,Streetlight,Completed,23.239531960281784,77.42078139184186,0,LOW,0.3333333333333333
1120,Drainage,Completed,23.24093271674889,77.41734705574338,0,LOW,0.3333333333333333
1121,Streetlight,Pending,23.241974669033176,77.42209463541325,1,MEDIUM,0.6666666666666666
1122,Pothole,Completed,23.239848097952713,77.42233917998486,0,LOW,0.3333333333333333
1123,Water Supply,Completed,23.23936030495349,77.41954121851187,1,MEDIUM,0.6666666666666666
1124,Streetlight,Completed,23.240303515984497,77.41991304610038,0,LOW,0.3333333333333333
1125,Water Supply,Completed,23.238329714196738,77.41693778499489,1,MEDIUM,0.6666666666666666
1126,Pothole,Pending,23.244179077443388,77.42102850951204,1,MEDIUM,0.6666666666666666
1127,Waste,Completed,23.236784677945764,77.42114411488343,0,LOW,0.3333333333333333
1128,Waste,Completed,23.24036948115779,77.419875617966,0,LOW,0.3333333333333333
1129,Streetlight,Completed,23.244047212438456,77.42224870671974,0,LOW,0.3333333333333333
1130,Waste,Completed,23.240013599689117,77.41933184553804,0,LOW,0.3333333333333333
1131,Pothole,Completed,23.239619921929997,77.42112921185179,0,LOW,0.3333333333333333
1132,Pothole,Pending,23.239285109154377,77.41796067132262,1,MEDIUM,0.6666666666666666
1133,Streetlight,Completed,23.239639216636473,77.41995289569826,0,LOW,0.3333333333333333
1134,Streetlight,Completed,23.242745696949353,77.4196512914842,0,LOW,0.3333333333333333
1135,Waste,Completed,23.23557627617734,77.42045061584409,0,LOW,0.3333333333333333
1136,Pothole,Pending,23.24306686740259,77.41926094614233,1,MEDIUM,0.6666666666666666
1137,Streetlight,Cancelled,23.237152085695097,77.41973705480866,0,LOW,0.3333333333333333
1138,Water Supply,Completed,23.23946669534153,77.42165209434289,1,MEDIUM,0.6666666666666666
1139,Streetlight,Pending,23.239141511159403,77.41912647152553,1,MEDIUM,0.6666666666666666
1140,Water Supply,Completed,23.24117710653954,77.41678684579853,1,MEDIUM,0.6666666666666666
1141,Drainage,Completed,23.236803751296232,77.42349916780842,0,LOW,0.3333333333333333
1142,Streetlight,Completed,23.24092434533216,77.42276290815738,0,LOW,0.3333333333333333
1143,Waste,Pending,23.244048619246573,77.4174154746098,1,MEDIUM,0.6666666666666666
1144,Streetlight,Completed,23.23727365199081,77.42137941561049,0,LOW,0.3333333333333333
1145,Streetlight,Pending,23.24037941233522,77.4189940504589,1,MEDIUM,0.6666666666666666
1146,Streetlight,Completed,23.238676035644406,77.42052697443066,0,LOW,0.3333333333333333
1147,Pothole,Completed,23.240851774412384,77.42058844825803,1,MEDIUM,0.6666666666666666
1148,Pothole,Completed,23.24003829555483,77.41953118439937,1,MEDIUM,0.6666666666666666
1149,Pothole,Completed,23.23871702618191,77.41843246866883,0,LOW,0.3333333333333333
1150,Pothole,Completed,23.24097574456974,77.41861891789537,0,LOW,0.3333333333333333
1151,Waste,Pending,23.24360869621957,77.41816761616904,1,MEDIUM,0.6666666666666666
1152,Drainage,Completed,23.239618192416543,77.41833635558353,0,LOW,0.3333333333333333
1153,Waste,Pending,23.241439515884295,77.4198656434199,1,MEDIUM,0.6666666666666666
1154,Waste,Pending,23.237413454084255,77.41856848002178,1,MEDIUM,0.6666666666666666
1155,Pothole,Pending,23.238087127246363,77.42136410413143,1,MEDIUM,0.6666666666666666
1156,Streetlight,Completed,23.24094481255576,77.42297449231067,0,LOW,0.3333333333333333
1157,Pothole,Pending,23.24296823205707,77.41883989351726,1,MEDIUM,0.6666666666666666
1158,Waste,Pending,23.24071122669757,77.42047880900107,1,MEDIUM,0.6666666666666666
1159,Streetlight,Pending,23.239373883938953,77.42099937022061,1,MEDIUM,0.6666666666666666
1160,Pothole,Pending,23.239998582810845,77.42094400454184,2,HIGH,1.0
1161,Water Supply,Completed,23.23749918453206,77.42015191053584,1,MEDIUM,0.6666666666666666
1162,Water Supply,Completed,23.24120903065271,77.42148536483673,1,MEDIUM,0.6666666666666666
1163,Pothole,Pending,23.241764666124645,77.42096449790536,1,MEDIUM,0.6666666666666666
1164,Pothole,Completed,23.23909581933433,77.41752467515535,0,LOW,0.3333333333333333
1165,Streetlight,Completed,23.23905991570448,77.42173831212878,0,LOW,0.3333333333333333
1166,Waste,Completed,23.2405317564593,77.42177458167454,0,LOW,0.3333333333333333
1167,Pothole,Pending,23.23912656052792,77.41847342779164,1,MEDIUM,0.6666666666666666
1168,Pothole,Completed,23.239867734770748,77.4200758756709,1,MEDIUM,0.6666666666666666
1169,Water Supply,Pending,23.24419944357833,77.42136665798563,2,HIGH,1.0
1170,Waste,Pending,23.239505948598502,77.41958137236084,1,MEDIUM,0.6666666666666666
1171,Streetlight,Pending,23.239283319695957,77.42214595609553,1,MEDIUM,0.6666666666666666
1172,Streetlight,Completed,23.238704916388727,77.42472774498924,0,LOW,0.3333333333333333
1173,Pothole,Pending,23.241488383942997,77.41842802793474,1,MEDIUM,0.6666666666666666
1174,Waste,Pending,23.23963755165356,77.41723791079369,1,MEDIUM,0.6666666666666666
1175,Water Supply,Pending,23.238701253923356,77.42060763719121,2,HIGH,1.0
1176,Pothole,Completed,23.242642608064543,77.42144312501026,0,LOW,0.3333333333333333
1177,Streetlight,Completed,23.242839206009027,77.4195382672523,0,LOW,0.3333333333333333
1178,Waste,Pending,23.23879915286852,77.42290652132664,1,MEDIUM,0.6666666666666666
1179,Pothole,Completed,23.23626692009728,77.41732278840055,0,LOW,0.3333333333333333
1180,Pothole,Completed,23.242015027379672,77.42138583724606,0,LOW,0.3333333333333333
1181,Waste,Completed,23.23863074034848,77.41878827835848,0,LOW,0.3333333333333333
1182,Waste,Pending,23.241581251198323,77.42343875581241,1,MEDIUM,0.6666666666666666
1183,Drainage,Completed,23.236059792364575,77.42398503070633,0,LOW,0.3333333333333333
1184,Waste,Pending,23.2417851946766,77.41846668682443,1,MEDIUM,0.6666666666666666
1185,Waste,Completed,23.237577656141436,77.41890088572818,0,LOW,0.3333333333333333
1186,Pothole,Pending,23.24146152823813,77.42171917577396,1,MEDIUM,0.6666666666666666
1187,Drainage,Pending,23.240028546135672,77.41922573870042,1,MEDIUM,0.6666666666666666
1188,Waste,Pending,23.238092121161205,77.41990917756414,1,MEDIUM,0.6666666666666666
1189,Streetlight,Completed,23.239185927374145,77.42005077684108,0,LOW,0.3333333333333333
1190,Waste,Pending,23.241372636913912,77.41616065368761,1,MEDIUM,0.6666666666666666
1191,Waste,Completed,23.24021178890623,77.41997232450781,0,LOW,0.3333333333333333
1192,Waste,Pending,23.241168825960944,77.41862054445187,1,MEDIUM,0.6666666666666666
1193,Drainage,Completed,23.24395288116903,77.4190137543552,0,LOW,0.3333333333333333
1194,Waste,Completed,23.236871516776574,77.42288726400695,0,LOW,0.3333333333333333
1195,Waste,Pending,23.243234425149936,77.41748698621144,1,MEDIUM,0.6666666666666666
1196,Pothole,Completed,23.240208711875045,77.42162641037349,0,LOW,0.3333333333333333
1197,Drainage,Completed,23.238202431903353,77.41944207413934,0,LOW,0.3333333333333333
1198,Waste,Pending,23.23733937274852,77.41944047966301,1,MEDIUM,0.6666666666666666
1199,Pothole,Completed,23.239621759218444,77.4215807437921,0,LOW,0.3333333333333333
1200,Waste,Pending,23.24184330022385,77.42068010258915,1,MEDIUM,0.6666666666666666
1201,Pothole,Completed,23.239744901759245,77.42114122599445,0,LOW,0.3333333333333333
1202,Streetlight,Completed,23.243022309860493,77.42193636932107,0,LOW,0.3333333333333333
1203,Streetlight,Pending,23.237097648619898,77.41933738323364,1,MEDIUM,0.6666666666666666
1204,Pothole,Pending,23.239975822104302,77.418775526531,1,MEDIUM,0.6666666666666666
1205,Pothole,Completed,23.23749521311117,77.41782969894689,0,LOW,0.3333333333333333
1206,Waste,Completed,23.240727263765248,77.41834917894005,0,LOW,0.3333333333333333
1207,Pothole,Cancelled,23.241773774780192,77.42589818885062,0,LOW,0.3333333333333333
1208,Waste,Pending,23.239158476412637,77.42248935916147,1,MEDIUM,0.6666666666666666
1209,Drainage,Completed,23.234791572286746,77.41729785126759,0,LOW,0.3333333333333333
1210,Water Supply,Cancelled,23.24039789629359,77.41735508408651,1,MEDIUM,0.6666666666666666
1211,Water Supply,Pending,23.240873477103467,77.42096373212344,2,HIGH,1.0
1212,Drainage,Pending,23.24080858950992,77.42109452959475,1,MEDIUM,0.6666666666666666
1213,Streetlight,Completed,23.24247156438364,77.42109776767063,0,LOW,0.3333333333333333
1214,Streetlight,Completed,23.2378578926407,77.4194900884129,0,LOW,0.3333333333333333
1215,Waste,Completed,23.2413604322109,77.41974909148,0,LOW,0.3333333333333333
1216,Streetlight,Completed,23.24238501502495,77.42065575904832,0,LOW,0.3333333333333333
1217,Pothole,Pending,23.236442824831983,77.42017178601259,1,MEDIUM,0.6666666666666666
1218,Pothole,Completed,23.240639303651836,77.4155613992545,0,LOW,0.3333333333333333
1219,Drainage,Pending,23.238991640337986,77.41954040073885,1,MEDIUM,0.6666666666666666
1220,Waste,Pending,23.239836954653796,77.41829718713149,1,MEDIUM,0.6666666666666666
1221,Pothole,Completed,23.240695352967077,77.42035042283781,1,MEDIUM,0.6666666666666666
1222,Water Supply,Pending,23.239025542871772,77.42597051800522,2,HIGH,1.0
1223,Waste,Completed,23.238648583841677,77.42073496333094,0,LOW,0.3333333333333333
1224,Pothole,Completed,23.240068304834978,77.41937294062765,1,MEDIUM,0.6666666666666666
1225,Water Supply,Completed,23.23782550812227,77.42184360300395,1,MEDIUM,0.6666666666666666
1226,Streetlight,Pending,23.237828349742227,77.42096537577441,1,MEDIUM,0.6666666666666666
1227,Pothole,Pending,23.24135874656591,77.4208401889809,1,MEDIUM,0.6666666666666666
1228,Waste,Pending,23.23770241192968,77.42121370118643,1,MEDIUM,0.6666666666666666
1229,Pothole,Cancelled,23.241332625001817,77.42411308712965,0,LOW,0.3333333333333333
1230,Drainage,Completed,23.240925182585705,77.41773822312935,0,LOW,0.3333333333333333
1231,Streetlight,Completed,23.236548386542417,77.42094726415363,0,LOW,0.3333333333333333
1232,Pothole,Pending,23.238644870695328,77.41814723774004,1,MEDIUM,0.6666666666666666
1233,Waste,Cancelled,23.24238821880609,77.42111102529269,0,LOW,0.3333333333333333
1234,Waste,Pending,23.23803766893772,77.41816262697704,1,MEDIUM,0.6666666666666666
1235,Water Supply,Pending,23.23907119147538,77.41916526637279,2,HIGH,1.0
1236,Pothole,Completed,23.240924121786502,77.41940982017152,1,MEDIUM,0.6666666666666666
1237,Streetlight,Cancelled,23.24156678101856,77.4219516334387,0,LOW,0.3333333333333333
1238,Waste,Pending,23.23949692222791,77.42183690888788,1,MEDIUM,0.6666666666666666
1239,Streetlight,Pending,23.238804979610617,77.4175085652471,1,MEDIUM,0.6666666666666666
1240,Water Supply,Cancelled,23.242844739723395,77.420109868222,1,MEDIUM,0.6666666666666666
1241,Streetlight,Pending,23.243477799327593,77.4185808402905,1,MEDIUM,0.6666666666666666
1242,Waste,Pending,23.241957716101563,77.41748299017866,1,MEDIUM,0.6666666666666666
1243,Streetlight,Completed,23.24017063628513,77.41956596589915,0,LOW,0.3333333333333333
1244,Drainage,Completed,23.238383468556716,77.41938303442309,0,LOW,0.3333333333333333
1245,Pothole,Completed,23.238339111186885,77.4248534329727,0,LOW,0.3333333333333333
1246,Drainage,Cancelled,23.24104502821053,77.42086591965072,1,MEDIUM,0.6666666666666666
1247,Streetlight,Completed,23.240836796441776,77.4172447649985,0,LOW,0.3333333333333333
1248,Drainage,Pending,23.242803197185893,77.41887045199167,1,MEDIUM,0.6666666666666666
1249,Streetlight,Cancelled,23.24130090018507,77.42204276659086,0,LOW,0.3333333333333333
1250,Waste,Pending,23.23699383939648,77.42417688554575,1,MEDIUM,0.6666666666666666
1251,Pothole,Pending,23.242103895235445,77.41682803337552,1,MEDIUM,0.6666666666666666
1252,Waste,Pending,23.23800387874537,77.41624015122973,1,MEDIUM,0.6666666666666666
1253,Water Supply,Pending,23.239232057456093,77.42374193035074,2,HIGH,1.0
1254,Drainage,Pending,23.2405004004125,77.42077922835475,1,MEDIUM,0.6666666666666666
1255,Streetlight,Pending,23.243991334979565,77.41826341453626,1,MEDIUM,0.6666666666666666
1256,Pothole,Completed,23.246219837112008,77.42106925817225,0,LOW,0.3333333333333333
1257,Waste,Completed,23.24121344611827,77.41472850452197,0,LOW,0.3333333333333333
1258,Drainage,Pending,23.239633606762556,77.42000675101319,1,MEDIUM,0.6666666666666666
1259,Pothole,Cancelled,23.24106901129696,77.4206556423457,1,MEDIUM,0.6666666666666666
1260,Waste,Pending,23.241775310851747,77.42184854027907,1,MEDIUM,0.6666666666666666
1261,Streetlight,Pending,23.239358664748885,77.41797220809542,1,MEDIUM,0.6666666666666666
1262,Waste,Pending,23.243590422711826,77.4201713743228,1,MEDIUM,0.6666666666666666
1263,Pothole,Pending,23.24046014151838,77.41814915074788,1,MEDIUM,0.6666666666666666
1264,Pothole,Pending,23.240995486178186,77.42051076751135,2,HIGH,1.0
1265,Waste,Completed,23.241331848504107,77.41820930735527,0,LOW,0.3333333333333333
1266,Water Supply,Cancelled,23.240843173221226,77.41918379832168,1,MEDIUM,0.6666666666666666
1267,Waste,Cancelled,23.24167788100094,77.41800836921043,0,LOW,0.3333333333333333
1268,Waste,Pending,23.238765493626904,77.42130227248364,1,MEDIUM,0.6666666666666666
1269,Waste,Completed,23.238883396492103,77.42171690223331,0,LOW,0.3333333333333333
1270,Drainage,Pending,23.237799691534057,77.41953075886009,1,MEDIUM,0.6666666666666666
1271,Pothole,Pending,23.24087900246124,77.42007647598992,2,HIGH,1.0
1272,Streetlight,Completed,23.24155787300702,77.41710281717073,0,LOW,0.3333333333333333
1273,Waste,Completed,23.240915545732303,77.41940064670399,0,LOW,0.3333333333333333
1274,Waste,Pending,23.243348984866692,77.41989959076592,1,MEDIUM,0.6666666666666666
1275,Pothole,Completed,23.23998880796234,77.42524158618207,0,LOW,0.3333333333333333
1276,Drainage,Pending,23.241337483311185,77.41777606594846,1,MEDIUM,0.6666666666666666
1277,Drainage,Completed,23.23781659824772,77.4229283544775,0,LOW,0.3333333333333333
1278,Waste,Pending,23.23922580059505,77.42199371754694,1,MEDIUM,0.6666666666666666
1279,Pothole,Cancelled,23.24139107551513,77.42056127280898,1,MEDIUM,0.6666666666666666
1280,Water Supply,Pending,23.241698204221485,77.4235172409684,2,HIGH,1.0
1281,Pothole,Pending,23.23941206610467,77.42074421094522,2,HIGH,1.0
1282,Drainage,Pending,23.239856801496284,77.42077831839134,1,MEDIUM,0.6666666666666666
1283,Waste,Pending,23.23696425250664,77.41989375869397,1,MEDIUM,0.6666666666666666
1284,Water Supply,Pending,23.239285941598386,77.42244713776483,2,HIGH,1.0
1285,Drainage,Completed,23.24178076632704,77.42219293846762,0,LOW,0.3333333333333333
1286,Water Supply,Completed,23.241150410032212,77.41874864542501,1,MEDIUM,0.6666666666666666
1287,Streetlight,Cancelled,23.24100133144276,77.4173615056108,0,LOW,0.3333333333333333
1288,Pothole,Completed,23.24009954737436,77.41959403872521,1,MEDIUM,0.6666666666666666
1289,Water Supply,Completed,23.240014126317256,77.4183999228712,1,MEDIUM,0.6666666666666666
1290,Waste,Pending,23.23867935772105,77.41987295085077,1,MEDIUM,0.6666666666666666
1291,Pothole,Completed,23.241397656840405,77.42247487626938,0,LOW,0.3333333333333333
1292,Streetlight,Pending,23.24084194588878,77.41908539668982,1,MEDIUM,0.6666666666666666
1293,Drainage,Pending,23.240984037695984,77.41991435323737,1,MEDIUM,0.6666666666666666
1294,Water Supply,Pending,23.238947930314666,77.42011604546961,2,HIGH,1.0
1295,Waste,Pending,23.235693314160255,77.42169686176442,1,MEDIUM,0.6666666666666666
1296,Drainage,Pending,23.242194305423507,77.41550622133204,1,MEDIUM,0.6666666666666666
1297,Streetlight,Cancelled,23.239042325087983,77.41878659941047,0,LOW,0.3333333333333333
1298,Waste,Pending,23.238274448471913,77.42042256738456,1,MEDIUM,0.6666666666666666
1299,Pothole,Pending,23.241386957823828,77.42240015791286,1,MEDIUM,0.6666666666666666
1300,Waste,Pending,23.23921597472016,77.41901619510499,1,MEDIUM,0.6666666666666666
1301,Pothole,Pending,23.255908333965337,77.39107341260238,1,MEDIUM,0.6666666666666666
1302,Water Supply,Pending,23.289730941234176,77.41685264501037,2,HIGH,1.0
1303,Streetlight,Pending,23.263443557096796,77.39371622132299,1,MEDIUM,0.6666666666666666
1304,Streetlight,Completed,23.24916972915815,77.3993185837869,0,LOW,0.3333333333333333
1305,Water Supply,Completed,23.243106679554284,77.39572258801941,1,MEDIUM,0.6666666666666666
1306,Pothole,Completed,23.25093123205717,77.39357026679212,0,LOW,0.3333333333333333
1307,Drainage,Completed,23.25225199642557,77.43214265709364,0,LOW,0.3333333333333333
1308,Pothole,Completed,23.234022820663434,77.39974245405965,0,LOW,0.3333333333333333
1309,Drainage,Pending,23.252074451965605,77.43822742691187,1,MEDIUM,0.6666666666666666
1310,Waste,Pending,23.257754311184353,77.44079559152071,0,LOW,0.3333333333333333
1311,Water Supply,Completed,23.27326426513433,77.41687562819622,1,MEDIUM,0.6666666666666666
1312,Waste,Pending,23.269303769083297,77.39118006735994,0,LOW,0.3333333333333333
1313,Pothole,Pending,23.27242593931375,77.40507289460277,1,MEDIUM,0.6666666666666666
1314,Drainage,Completed,23.230401820912608,77.43046393580089,0,LOW,0.3333333333333333
1315,Pothole,Completed,23.24296004397483,77.40464344372182,0,LOW,0.3333333333333333
1316,Streetlight,Pending,23.26960105730399,77.38782103309816,1,MEDIUM,0.6666666666666666
1317,Pothole,Pending,23.258939362090786,77.41600709465568,1,MEDIUM,0.6666666666666666
1318,Streetlight,Cancelled,23.230218808540094,77.43330725108976,0,LOW,0.3333333333333333
1319,Waste,Completed,23.278169678545908,77.4303555832286,0,LOW,0.3333333333333333
1320,Waste,Completed,23.27626857439742,77.39310738840781,0,LOW,0.3333333333333333
1321,Waste,Pending,23.262805149779613,77.42296587686475,0,LOW,0.3333333333333333
1322,Pothole,Completed,23.233887799546572,77.39583025580613,0,LOW,0.3333333333333333
1323,Waste,Cancelled,23.275890902971955,77.39569245207312,0,LOW,0.3333333333333333
1324,Pothole,Cancelled,23.26492281526388,77.43504430639831,0,LOW,0.3333333333333333
1325,Pothole,Pending,23.27681759862948,77.39758013716441,1,MEDIUM,0.6666666666666666
1326,Waste,Completed,23.27500481954375,77.39839484079108,0,LOW,0.3333333333333333
1327,Streetlight,Pending,23.27808012431747,77.38263920344568,1,MEDIUM,0.6666666666666666
1328,Drainage,Pending,23.260980483984277,77.43484014204753,1,MEDIUM,0.6666666666666666
1329,Waste,Completed,23.238319471091607,77.43015568879255,0,LOW,0.3333333333333333
1330,Streetlight,Completed,23.27016944840278,77.42023973610544,0,LOW,0.3333333333333333
1331,Streetlight,Cancelled,23.267128427103117,77.42761594583632,0,LOW,0.3333333333333333
1332,Pothole,Pending,23.274435191231944,77.39172291404546,1,MEDIUM,0.6666666666666666
1333,Streetlight,Completed,23.24009286036304,77.41009941567525,0,LOW,0.3333333333333333
1334,Pothole,Cancelled,23.241598511994013,77.40367316324092,0,LOW,0.3333333333333333
1335,Pothole,Cancelled,23.28332457103316,77.38822659157542,0,LOW,0.3333333333333333
1336,Waste,Pending,23.274898667907124,77.41176782911289,0,LOW,0.3333333333333333
1337,Streetlight,Pending,23.284393709322018,77.43784437902056,1,MEDIUM,0.6666666666666666
1338,Streetlight,Completed,23.275422919269833,77.38500354714304,0,LOW,0.3333333333333333
1339,Waste,Pending,23.265729318359416,77.40008765480962,0,LOW,0.3333333333333333
1340,Pothole,Cancelled,23.26914796422167,77.39505245617234,0,LOW,0.3333333333333333
1341,Water Supply,Cancelled,23.2832476754364,77.39688879921994,1,MEDIUM,0.6666666666666666
1342,Pothole,Pending,23.264628405270717,77.43710607311276,1,MEDIUM,0.6666666666666666
1343,Pothole,Pending,23.267843479459703,77.41068414325406,1,MEDIUM,0.6666666666666666
1344,Water Supply,Pending,23.239288602960215,77.41057796477638,2,HIGH,1.0
1345,Streetlight,Cancelled,23.258335273206963,77.42823453854731,0,LOW,0.3333333333333333
1346,Streetlight,Pending,23.27288382671749,77.39186953224029,1,MEDIUM,0.6666666666666666
1347,Drainage,Pending,23.246156561898975,77.411835921246,1,MEDIUM,0.6666666666666666
1348,Drainage,Pending,23.24203525083147,77.40839911284726,1,MEDIUM,0.6666666666666666
1349,Pothole,Completed,23.248729608493463,77.4184146414328,0,LOW,0.3333333333333333
1350,Pothole,Pending,23.24439003767957,77.44257346219503,1,MEDIUM,0.6666666666666666
1351,Pothole,Pending,23.242794758222185,77.42876693364492,1,MEDIUM,0.6666666666666666
1352,Water Supply,Cancelled,23.255391050572083,77.40647194218104,1,MEDIUM,0.6666666666666666
1353,Streetlight,Cancelled,23.284370310833012,77.43225318313644,0,LOW,0.3333333333333333
1354,Waste,Completed,23.26032357880432,77.39284250179874,0,LOW,0.3333333333333333
1355,Drainage,Pending,23.241175222848916,77.38442782117853,1,MEDIUM,0.6666666666666666
1356,Pothole,Pending,23.23451830016285,77.39486690234786,1,MEDIUM,0.6666666666666666
1357,Waste,Completed,23.27166936870827,77.40302469336686,0,LOW,0.3333333333333333
1358,Pothole,Pending,23.25286792586618,77.41323484544758,1,MEDIUM,0.6666666666666666
1359,Pothole,Cancelled,23.27920985679512,77.41950774843247,0,LOW,0.3333333333333333
1360,Drainage,Completed,23.26947064611845,77.43723634303286,0,LOW,0.3333333333333333
1361,Waste,Pending,23.27767448703248,77.41319124057303,0,LOW,0.3333333333333333
1362,Drainage,Cancelled,23.246216762365105,77.41267653867754,0,LOW,0.3333333333333333
1363,Streetlight,Cancelled,23.271441535347662,77.38561458058938,0,LOW,0.3333333333333333
1364,Waste,Pending,23.24574371908162,77.38469469315937,0,LOW,0.3333333333333333
1365,Water Supply,Completed,23.28624410876702,77.41566959771498,1,MEDIUM,0.6666666666666666
1366,Pothole,Pending,23.268082456892,77.4088907167949,1,MEDIUM,0.6666666666666666
1367,Waste,Pending,23.249370708010517,77.43295082369882,0,LOW,0.3333333333333333
1368,Pothole,Pending,23.246070711737534,77.39224077508271,1,MEDIUM,0.6666666666666666
1369,Drainage,Pending,23.241355595104295,77.38409829972701,1,MEDIUM,0.6666666666666666
1370,Pothole,Cancelled,23.27157845753362,77.40954232607581,0,LOW,0.3333333333333333
1371,Waste,Pending,23.243022936779873,77.39684871340513,0,LOW,0.3333333333333333
1372,Waste,Pending,23.265618195955646,77.38557686240033,0,LOW,0.3333333333333333
1373,Waste,Completed,23.245778101615517,77.42607589721085,0,LOW,0.3333333333333333
1374,Drainage,Pending,23.26961813668763,77.38929557999744,1,MEDIUM,0.6666666666666666
1375,Pothole,Completed,23.278796383712432,77.41909917000046,0,LOW,0.3333333333333333
1376,Waste,Pending,23.27658151458868,77.39946298501,0,LOW,0.3333333333333333
1377,Waste,Pending,23.275551079855845,77.3930097630213,0,LOW,0.3333333333333333
1378,Pothole,Pending,23.241163344341533,77.40538509137515,1,MEDIUM,0.6666666666666666
1379,Water Supply,Completed,23.235203096819067,77.43068674657337,1,MEDIUM,0.6666666666666666
1380,Pothole,Pending,23.27183692970924,77.40612561461427,1,MEDIUM,0.6666666666666666
1381,Water Supply,Completed,23.252000832827655,77.42764617895266,1,MEDIUM,0.6666666666666666
1382,Pothole,Pending,23.2558407735842,77.39012917780795,1,MEDIUM,0.6666666666666666
1383,Waste,Pending,23.2317689455676,77.4289662851799,0,LOW,0.3333333333333333
1384,Drainage,Pending,23.2454745869565,77.3968159994944,1,MEDIUM,0.6666666666666666
1385,Pothole,Cancelled,23.231920584232466,77.42324358779334,0,LOW,0.3333333333333333
1386,Streetlight,Cancelled,23.282651146356073,77.41654689329046,0,LOW,0.3333333333333333
1387,Water Supply,Pending,23.244503800993108,77.4383486830327,2,HIGH,1.0
1388,Waste,Pending,23.26334023017438,77.40583935107851,0,LOW,0.3333333333333333
1389,Waste,Pending,23.232238759239664,77.38656991133006,0,LOW,0.3333333333333333
1390,Streetlight,Completed,23.26991084347834,77.38374932913307,0,LOW,0.3333333333333333
1391,Waste,Pending,23.249281640745245,77.43221151365836,0,LOW,0.3333333333333333
1392,Waste,Cancelled,23.28377515121746,77.41408413825968,0,LOW,0.3333333333333333
1393,Waste,Cancelled,23.283187091336043,77.4291146431101,0,LOW,0.3333333333333333
1394,Waste,Pending,23.2494174371017,77.39666553600068,1,MEDIUM,0.6666666666666666
1395,Drainage,Pending,23.283957653741428,77.4033050247308,1,MEDIUM,0.6666666666666666
1396,Waste,Completed,23.289669460409925,77.38440623233268,0,LOW,0.3333333333333333
1397,Pothole,Completed,23.27942493984743,77.44028953947445,0,LOW,0.3333333333333333
1398,Streetlight,Pending,23.280592280865314,77.42267207440204,1,MEDIUM,0.6666666666666666
1399,Pothole,Pending,23.244840524166545,77.43859230526556,1,MEDIUM,0.6666666666666666
1400,Waste,Pending,23.264502143931463,77.39852978444574,0,LOW,0.3333333333333333
1401,Drainage,Pending,23.23393535483804,77.41928781667353,1,MEDIUM,0.6666666666666666
1402,Waste,Pending,23.235595076209297,77.42330999809755,1,MEDIUM,0.6666666666666666
1403,Drainage,Pending,23.289833556722,77.40165298201545,1,MEDIUM,0.6666666666666666
1404,Drainage,Completed,23.249498354965553,77.43348655410094,0,LOW,0.3333333333333333
1405,Pothole,Pending,23.27479103472293,77.43942968777401,1,MEDIUM,0.6666666666666666
1406,Pothole,Pending,23.27829990318161,77.43569130706176,1,MEDIUM,0.6666666666666666
1407,Pothole,Pending,23.281381396260432,77.42694401855636,1,MEDIUM,0.6666666666666666
1408,Pothole,Completed,23.289757697844127,77.39924788078349,0,LOW,0.3333333333333333
1409,Drainage,Completed,23.24438978911541,77.39949696252633,0,LOW,0.3333333333333333
1410,Drainage,Pending,23.232321049611578,77.44040161922676,1,MEDIUM,0.6666666666666666
1411,Pothole,Completed,23.254571491079673,77.38321706975614,0,LOW,0.3333333333333333
1412,Streetlight,Cancelled,23.237704840189735,77.42556299839453,0,LOW,0.3333333333333333
1413,Water Supply,Pending,23.23124555334972,77.42497476975332,2,HIGH,1.0
1414,Water Supply,Pending,23.251525609628487,77.41996137245698,2,HIGH,1.0
1415,Pothole,Pending,23.27692429506451,77.44200653076521,1,MEDIUM,0.6666666666666666
1416,Pothole,Pending,23.2638708414735,77.40131276614582,1,MEDIUM,0.6666666666666666
1417,Waste,Pending,23.24866667935262,77.40299831182759,1,MEDIUM,0.6666666666666666
1418,Water Supply,Cancelled,23.26916052032956,77.38733636417679,1,MEDIUM,0.6666666666666666
1419,Waste,Completed,23.243821090818525,77.40916788819263,0,LOW,0.3333333333333333
1420,Streetlight,Completed,23.23076288676432,77.3982629115741,0,LOW,0.3333333333333333
1421,Waste,Cancelled,23.275761203186185,77.40320320213065,0,LOW,0.3333333333333333
1422,Waste,Pending,23.26732458509184,77.43267430741534,1,MEDIUM,0.6666666666666666
1423,Pothole,Pending,23.275638157470055,77.43872907081165,1,MEDIUM,0.6666666666666666
1424,Water Supply,Completed,23.232236281001256,77.39374398432031,1,MEDIUM,0.6666666666666666
1425,Waste,Completed,23.280127177669836,77.4049505358932,0,LOW,0.3333333333333333
1426,Streetlight,Pending,23.267071572002177,77.43831783372693,1,MEDIUM,0.6666666666666666
1427,Waste,Pending,23.263703721042756,77.38630850764135,0,LOW,0.3333333333333333
1428,Waste,Completed,23.267376842886872,77.38814163168668,0,LOW,0.3333333333333333
1429,Pothole,Completed,23.2817659948121,77.39236745935237,0,LOW,0.3333333333333333
1430,Pothole,Completed,23.265116190393535,77.4183127700476,0,LOW,0.3333333333333333
1431,Waste,Pending,23.26475702279329,77.39162833626035,0,LOW,0.3333333333333333
1432,Pothole,Pending,23.289340749423943,77.44068458288704,1,MEDIUM,0.6666666666666666
1433,Waste,Pending,23.275303810024113,77.4094028716355,0,LOW,0.3333333333333333
1434,Pothole,Pending,23.256437628327067,77.412691077621,1,MEDIUM,0.6666666666666666
1435,Water Supply,Cancelled,23.272343820001975,77.39739951694833,1,MEDIUM,0.6666666666666666
1436,Water Supply,Completed,23.253253828301503,77.41085761514609,1,MEDIUM,0.6666666666666666
1437,Pothole,Pending,23.243632527749007,77.42231481795822,1,MEDIUM,0.6666666666666666
1438,Streetlight,Completed,23.265711112613264,77.42767062821724,0,LOW,0.3333333333333333
1439,Water Supply,Completed,23.285590925886837,77.42783208496259,1,MEDIUM,0.6666666666666666
1440,Waste,Pending,23.285648371200928,77.41727346676164,0,LOW,0.3333333333333333
1441,Drainage,Completed,23.250414316686328,77.43686158649963,0,LOW,0.3333333333333333
1442,Water Supply,Completed,23.2615606479733,77.43164447083836,1,MEDIUM,0.6666666666666666
1443,Waste,Completed,23.24259815391419,77.42802288688192,0,LOW,0.3333333333333333
1444,Waste,Pending,23.289637866569933,77.38593633130083,0,LOW,0.3333333333333333
1445,Water Supply,Completed,23.288767074472077,77.38301267773318,1,MEDIUM,0.6666666666666666
1446,Pothole,Completed,23.268870535782444,77.39534683663173,0,LOW,0.3333333333333333
1447,Waste,Pending,23.278164843580647,77.42241141563481,0,LOW,0.3333333333333333
1448,Waste,Pending,23.27280600967702,77.40727184933294,0,LOW,0.3333333333333333
1449,Pothole,Completed,23.265489493142365,77.40674437555796,0,LOW,0.3333333333333333
1450,Streetlight,Pending,23.233100879819332,77.43567521329378,1,MEDIUM,0.6666666666666666
1451,Streetlight,Completed,23.257185860553157,77.43633377088791,0,LOW,0.3333333333333333
1452,Water Supply,Completed,23.270387178130044,77.43715051584321,1,MEDIUM,0.6666666666666666
1453,Waste,Pending,23.27055189683302,77.4014326845909,0,LOW,0.3333333333333333
1454,Pothole,Pending,23.25228735710534,77.42406334876435,1,MEDIUM,0.6666666666666666
1455,Pothole,Completed,23.28640151919948,77.39889799087646,0,LOW,0.3333333333333333
1456,Pothole,Pending,23.239941421934205,77.39403658998447,1,MEDIUM,0.6666666666666666
1457,Waste,Pending,23.25992156677293,77.39367794744084,0,LOW,0.3333333333333333
1458,Water Supply,Completed,23.27135303859305,77.40312645725182,1,MEDIUM,0.6666666666666666
1459,Drainage,Completed,23.271728148353507,77.40839745718678,0,LOW,0.3333333333333333
1460,Pothole,Cancelled,23.268818337406127,77.4324569502633,1,MEDIUM,0.6666666666666666
1461,Streetlight,Completed,23.24641729280711,77.38979346560836,0,LOW,0.3333333333333333
1462,Waste,Pending,23.23927239412119,77.42669555084369,0,LOW,0.3333333333333333
1463,Pothole,Cancelled,23.2680564196096,77.41448729485136,0,LOW,0.3333333333333333
1464,Streetlight,Completed,23.265858126968364,77.39987672056056,0,LOW,0.3333333333333333
1465,Pothole,Pending,23.240661360617352,77.41216917507197,1,MEDIUM,0.6666666666666666
1466,Water Supply,Pending,23.27220834873423,77.40059652418662,2,HIGH,1.0
1467,Streetlight,Completed,23.25721031950402,77.41836491731429,0,LOW,0.3333333333333333
1468,Pothole,Pending,23.269965635496188,77.40863063537131,1,MEDIUM,0.6666666666666666
1469,Drainage,Completed,23.28014202478621,77.39246433174473,0,LOW,0.3333333333333333
1470,Waste,Pending,23.240083705714618,77.38959498447333,0,LOW,0.3333333333333333
1471,Pothole,Pending,23.231048692079806,77.41540174092432,1,MEDIUM,0.6666666666666666
1472,Pothole,Completed,23.276646155183744,77.43674478199716,0,LOW,0.3333333333333333
1473,Pothole,Pending,23.266481845509155,77.40323746119346,1,MEDIUM,0.6666666666666666
1474,Drainage,Pending,23.271878374177327,77.42658000643335,1,MEDIUM,0.6666666666666666
1475,Pothole,Completed,23.280189298499316,77.42211968129638,0,LOW,0.3333333333333333
1476,Drainage,Pending,23.27806865608947,77.43849329485857,1,MEDIUM,0.6666666666666666
1477,Streetlight,Completed,23.28755520881573,77.43185886103795,0,LOW,0.3333333333333333
1478,Pothole,Completed,23.262056104731126,77.41659631553432,0,LOW,0.3333333333333333
1479,Drainage,Completed,23.25920973795959,77.42202182989405,0,LOW,0.3333333333333333
1480,Waste,Pending,23.25401323199344,77.43650318799504,0,LOW,0.3333333333333333
1481,Waste,Pending,23.23912146257065,77.40657112707521,0,LOW,0.3333333333333333
1482,Pothole,Completed,23.26425643397292,77.40220768235146,0,LOW,0.3333333333333333
1483,Waste,Cancelled,23.246520751459556,77.38324866501812,0,LOW,0.3333333333333333
1484,Waste,Completed,23.28517845073278,77.43219306445148,0,LOW,0.3333333333333333
1485,Streetlight,Completed,23.264891448256623,77.4306588420242,0,LOW,0.3333333333333333
1486,Pothole,Pending,23.265470410830485,77.388867271086,1,MEDIUM,0.6666666666666666
1487,Pothole,Completed,23.25119547965262,77.41721144286797,0,LOW,0.3333333333333333
1488,Water Supply,Completed,23.23301936111866,77.41043890189002,1,MEDIUM,0.6666666666666666
1489,Streetlight,Pending,23.231804625922376,77.38972254573055,1,MEDIUM,0.6666666666666666
1490,Drainage,Pending,23.25530010864919,77.44143409362364,1,MEDIUM,0.6666666666666666
1491,Waste,Cancelled,23.234973922685832,77.3954817532478,0,LOW,0.3333333333333333
1492,Streetlight,Pending,23.266310817332407,77.38663405080543,1,MEDIUM,0.6666666666666666
1493,Drainage,Pending,23.28275838033838,77.41829084277012,1,MEDIUM,0.6666666666666666
1494,Streetlight,Pending,23.282874888991124,77.42693200062799,1,MEDIUM,0.6666666666666666
1495,Streetlight,Cancelled,23.269442724607934,77.38454660676283,0,LOW,0.3333333333333333
1496,Pothole,Completed,23.242573909888375,77.42212305832362,0,LOW,0.3333333333333333
1497,Waste,Completed,23.28167980988153,77.41453751255709,0,LOW,0.3333333333333333
1498,Pothole,Cancelled,23.283065606118793,77.3887959005325,0,LOW,0.3333333333333333
1499,Pothole,Pending,23.241699215097174,77.39295143261678,1,MEDIUM,0.6666666666666666
1500,Drainage,Completed,23.27414556514624,77.41667845783897,0,LOW,0.3333333333333333
1501,Waste,Pending,23.247091172935622,77.40038145681079,1,MEDIUM,0.6666666666666666
1502,Water Supply,Pending,23.278058418741175,77.43889894371908,2,HIGH,1.0
1503,Water Supply,Completed,23.289734273994217,77.43172441376905,1,MEDIUM,0.6666666666666666
1504,Waste,Completed,23.23170156031976,77.44161403239082,0,LOW,0.3333333333333333
1505,Pothole,Pending,23.283741951947455,77.39818025033702,1,MEDIUM,0.6666666666666666
1506,Drainage,Pending,23.26725783201592,77.44078341796788,1,MEDIUM,0.6666666666666666
1507,Water Supply,Completed,23.288302957149888,77.40847403218748,1,MEDIUM,0.6666666666666666
1508,Pothole,Pending,23.257800571051582,77.40345112771882,1,MEDIUM,0.6666666666666666
1509,Pothole,Pending,23.280743275834283,77.38562097161815,1,MEDIUM,0.6666666666666666
1510,Pothole,Pending,23.233643644115897,77.38576591547157,1,MEDIUM,0.6666666666666666
1511,Streetlight,Pending,23.250016743004696,77.4241206753568,1,MEDIUM,0.6666666666666666
1512,Waste,Completed,23.23392099226507,77.41007573966604,0,LOW,0.3333333333333333
1513,Streetlight,Pending,23.288420588008744,77.39619129756217,1,MEDIUM,0.6666666666666666
1514,Waste,Pending,23.27891843443631,77.41943821837951,0,LOW,0.3333333333333333
1515,Waste,Pending,23.28105284527476,77.397771487095,0,LOW,0.3333333333333333
1516,Pothole,Completed,23.286177913886032,77.41725790526067,0,LOW,0.3333333333333333
1517,Pothole,Pending,23.235006209167185,77.40415252481895,1,MEDIUM,0.6666666666666666
1518,Pothole,Pending,23.2530358555508,77.43201313359671,1,MEDIUM,0.6666666666666666
1519,Pothole,Pending,23.234162093342636,77.431841769646,1,MEDIUM,0.6666666666666666
1520,Pothole,Completed,23.242547586093,77.41124102388734,0,LOW,0.3333333333333333
1521,Waste,Pending,23.243661946622257,77.4036491465601,0,LOW,0.3333333333333333
1522,Pothole,Completed,23.25804643266285,77.40435358779354,0,LOW,0.3333333333333333
1523,Water Supply,Cancelled,23.246013730047217,77.4309428715401,1,MEDIUM,0.6666666666666666
1524,Pothole,Completed,23.235958686409063,77.40229076896786,0,LOW,0.3333333333333333
1525,Pothole,Completed,23.23994946534564,77.3951435624224,0,LOW,0.3333333333333333
1526,Streetlight,Completed,23.238736533813125,77.38768130051251,0,LOW,0.3333333333333333
1527,Water Supply,Pending,23.288284607874736,77.41060158725307,2,HIGH,1.0
1528,Waste,Cancelled,23.27545755041511,77.41152792593519,0,LOW,0.3333333333333333
1529,Streetlight,Pending,23.287965687916177,77.43305452262418,1,MEDIUM,0.6666666666666666
1530,Streetlight,Pending,23.256284429190472,77.39587432178676,1,MEDIUM,0.6666666666666666
1531,Streetlight,Completed,23.24660210889976,77.4054594764201,0,LOW,0.3333333333333333
1532,Waste,Pending,23.27779759183255,77.43110434433362,0,LOW,0.3333333333333333
1533,Streetlight,Completed,23.249475235082468,77.43201741664494,0,LOW,0.3333333333333333
1534,Waste,Pending,23.247863002422317,77.40567666455873,0,LOW,0.3333333333333333
1535,Streetlight,Completed,23.243850359532463,77.4101474413972,0,LOW,0.3333333333333333
1536,Streetlight,Completed,23.237680738693452,77.40079715345095,0,LOW,0.3333333333333333
1537,Waste,Pending,23.245287783661,77.43855329270515,0,LOW,0.3333333333333333
1538,Drainage,Pending,23.251219184908432,77.3897186259445,1,MEDIUM,0.6666666666666666
1539,Waste,Pending,23.270339652488744,77.43862496538009,0,LOW,0.3333333333333333
1540,Drainage,Completed,23.23365389053317,77.42363198711011,0,LOW,0.3333333333333333
1541,Pothole,Completed,23.24253041637992,77.4144943291612,0,LOW,0.3333333333333333
1542,Waste,Pending,23.2784414184175,77.38455954364707,0,LOW,0.3333333333333333
1543,Waste,Completed,23.238715315415025,77.41113577150932,0,LOW,0.3333333333333333
1544,Water Supply,Pending,23.25045870879135,77.40706488630016,2,HIGH,1.0
1545,Waste,Cancelled,23.28177953531149,77.3922731287185,0,LOW,0.3333333333333333
1546,Waste,Pending,23.239195518668605,77.42198457621004,1,MEDIUM,0.6666666666666666
1547,Pothole,Completed,23.23486421013709,77.44086905444209,0,LOW,0.3333333333333333
1548,Streetlight,Pending,23.2589722797048,77.41633132866387,1,MEDIUM,0.6666666666666666
1549,Pothole,Pending,23.24804517067671,77.42548519658664,1,MEDIUM,0.6666666666666666
1550,Waste,Pending,23.26370450186903,77.38670702715396,0,LOW,0.3333333333333333
1551,Waste,Completed,23.27812829342901,77.40766001974902,0,LOW,0.3333333333333333
1552,Waste,Pending,23.238128909289163,77.38958150910986,0,LOW,0.3333333333333333
1553,Waste,Cancelled,23.264741945073258,77.41936775013218,0,LOW,0.3333333333333333
1554,Pothole,Completed,23.26023052562339,77.43890892949285,0,LOW,0.3333333333333333
1555,Streetlight,Completed,23.23854472716079,77.42230666394829,0,LOW,0.3333333333333333
1556,Waste,Pending,23.26733990913174,77.38720818289886,0,LOW,0.3333333333333333
1557,Pothole,Completed,23.24631842507164,77.40387997229911,0,LOW,0.3333333333333333
1558,Pothole,Pending,23.25917005911264,77.41563980276645,1,MEDIUM,0.6666666666666666
1559,Water Supply,Completed,23.23483633945662,77.406792465368,1,MEDIUM,0.6666666666666666
1560,Water Supply,Cancelled,23.257475043432816,77.4326186406285,1,MEDIUM,0.6666666666666666
1561,Drainage,Cancelled,23.24828780808257,77.4314802602826,0,LOW,0.3333333333333333
1562,Waste,Pending,23.27924287267112,77.41930986120619,0,LOW,0.3333333333333333
1563,Waste,Completed,23.23331872361984,77.40500747670796,0,LOW,0.3333333333333333
1564,Pothole,Completed,23.255016436495097,77.39792018242579,0,LOW,0.3333333333333333
1565,Waste,Pending,23.257405885447884,77.38895245909278,0,LOW,0.3333333333333333
1566,Pothole,Completed,23.273400364577945,77.4038938610092,0,LOW,0.3333333333333333
1567,Drainage,Pending,23.264357254505413,77.40739035103246,1,MEDIUM,0.6666666666666666
1568,Drainage,Pending,23.26993274023165,77.42314937550624,1,MEDIUM,0.6666666666666666
1569,Drainage,Pending,23.276522957139104,77.42208958945785,1,MEDIUM,0.6666666666666666
1570,Pothole,Pending,23.28163217841949,77.38680648837847,1,MEDIUM,0.6666666666666666
1571,Streetlight,Pending,23.248732529803345,77.40631555892587,1,MEDIUM,0.6666666666666666
1572,Pothole,Completed,23.262181362321833,77.39350673203303,0,LOW,0.3333333333333333
1573,Waste,Completed,23.28030648470635,77.39200876231901,0,LOW,0.3333333333333333
1574,Streetlight,Pending,23.289267067857903,77.43223812898424,1,MEDIUM,0.6666666666666666
1575,Waste,Pending,23.283271158662625,77.38511491300297,0,LOW,0.3333333333333333
1576,Pothole,Pending,23.25218803575746,77.40775097255413,1,MEDIUM,0.6666666666666666
1577,Pothole,Completed,23.241609991033116,77.39269221934599,0,LOW,0.3333333333333333
1578,Streetlight,Completed,23.259263552244395,77.4353598129407,0,LOW,0.3333333333333333
1579,Drainage,Pending,23.27439848711016,77.4160224307965,1,MEDIUM,0.6666666666666666
1580,Pothole,Completed,23.259454144245197,77.3964828381826,0,LOW,0.3333333333333333
1581,Drainage,Pending,23.258890851798817,77.41274563722997,2,HIGH,1.0
1582,Waste,Completed,23.280193825264902,77.42648918158218,0,LOW,0.3333333333333333
1583,Pothole,Completed,23.25158422674403,77.44008708053516,0,LOW,0.3333333333333333
1584,Streetlight,Completed,23.2814876804887,77.39582676025472,0,LOW,0.3333333333333333
1585,Streetlight,Completed,23.2543082880571,77.43577090632776,0,LOW,0.3333333333333333
1586,Water Supply,Pending,23.2495939863407,77.43865824685005,2,HIGH,1.0
1587,Waste,Completed,23.25713939467198,77.43758523267192,0,LOW,0.3333333333333333
1588,Streetlight,Completed,23.275646817520492,77.42072486141171,0,LOW,0.3333333333333333
1589,Streetlight,Pending,23.237460121671837,77.42038923926609,1,MEDIUM,0.6666666666666666
1590,Water Supply,Pending,23.24168515295232,77.40679263799103,2,HIGH,1.0
1591,Waste,Pending,23.286986689539784,77.42774387293822,0,LOW,0.3333333333333333
1592,Drainage,Cancelled,23.24042949764288,77.41447764110106,0,LOW,0.3333333333333333
1593,Streetlight,Completed,23.26396363907586,77.4232462842737,0,LOW,0.3333333333333333
1594,Waste,Pending,23.264658867999714,77.40830747423092,1,MEDIUM,0.6666666666666666
1595,Pothole,Pending,23.259277467723013,77.42648978784258,1,MEDIUM,0.6666666666666666
1596,Pothole,Completed,23.268584714914606,77.43206829105627,0,LOW,0.3333333333333333
1597,Streetlight,Completed,23.243689603547853,77.39138617539616,0,LOW,0.3333333333333333
1598,Drainage,Pending,23.2630597360666,77.43257578293445,1,MEDIUM,0.6666666666666666
1599,Streetlight,Pending,23.25223039531481,77.41501779190742,1,MEDIUM,0.6666666666666666
1600,Streetlight,Completed,23.26960003557775,77.43327995454541,0,LOW,0.3333333333333333
